Loại mặt hàng,Phân khúc giá,Số sao,Chi tiết text comment,Tên sản phẩm,Thời gian,Item ID,Shop ID
"áo khoác","0-360k","4","Sản phẩm này thật sự làm mình hài lòng. Chất lượng vượt mong đợi, sử dụng rất dễ dàng và hiệu quả rõ rệt sau một thời gian ngắn. Thiết kế đẹp, chắc chắn và tiện lợi khi mang theo. Giá cả hợp lý so với giá trị nhận được. Mình hoàn toàn tin tưởng và sẽ mua lại ngay. ￼","Áo Khoác Bomber Dù Hai Lớp Chống Nước Cản Gió","2025-11-16 20:54","53867842249","1506174776"
"áo khoác","0-360k","4","Đúng với mô tả:đúng Màu sắc:chuẩn Chất liệu:tốt Tay áo hơi dài lúc mặc sau lưng hơi ngắn","Áo Khoác Bomber Dù Hai Lớp Chống Nước Cản Gió","2025-11-18 07:25","53867842249","1506174776"
"áo khoác","0-360k","4","Đúng với mô tả:đúng Màu sắc:đúng Chất liệu:đúng Đẹp nh","Áo Khoác Bomber Dù Hai Lớp Chống Nước Cản Gió","2025-12-19 02:54","53867842249","1506174776"
"áo khoác","0-360k","4","Chất liệu:chất lượng thì tốt Màu sắc:đúng Nhưng mà chỉ thừa hơi nhiều","Áo Khoác Bomber Dù Hai Lớp Chống Nước Cản Gió","2025-10-24 11:02","53867842249","1506174776"
"áo khoác","0-360k","4","Đúng với mô tả:đúng Chất liệu:hơi cứng và hơi rộng","Áo Khoác Bomber Dù Hai Lớp Chống Nước Cản Gió","2026-01-20 14:27","53867842249","1506174776"
"áo khoác","0-360k","4","Chất liệu:đẹp và chất lượng","Áo Khoác Bomber Dù Hai Lớp Chống Nước Cản Gió","2026-01-09 19:10","53867842249","1506174776"
"áo khoác","0-360k","4","Có chữ ở đằng sau","Áo Khoác Bomber Dù Hai Lớp Chống Nước Cản Gió","2026-02-12 17:57","53867842249","1506174776"
"áo khoác","0-360k","4","Màu sắc:ok Đúng với mô tả:đúng Chất liệu:ổn Tốt","Áo Khoác Bomber Dù Hai Lớp Chống Nước Cản Gió","2025-09-18 12:31","53867842249","1506174776"
"áo khoác","0-360k","4","Đúng với mô tả:tốt Màu sắc:đen Chất liệu:tốt","Áo Khoác Bomber Dù Hai Lớp Chống Nước Cản Gió","2025-07-11 19:16","53867842249","1506174776"
"áo khoác","0-360k","4","Chất liệu:sản phẩm tốt Màu sắc:đẹp","Áo Khoác Bomber Dù Hai Lớp Chống Nước Cản Gió","2026-06-03 08:02","53867842249","1506174776"
"áo khoác","0-360k","4","Shop gửi như bị nhầm size ý size s mà 65 kg mặc vừa","Áo Khoác Bomber Dù Hai Lớp Chống Nước Cản Gió","2025-11-25 06:18","53867842249","1506174776"
"áo khoác","0-360k","4","Đúng với mô tả:khá chuẩn Chất liệu:vải dù, gió , ko bt Màu sắc:đúng Tay dài, áo hơi ngắn, hở cổ, nên mặc áo có cổ dài","Áo Khoác Bomber Dù Hai Lớp Chống Nước Cản Gió","2025-12-18 21:48","53867842249","1506174776"
"áo khoác","0-360k","4","Chất liệu:ok Đúng với mô tả:ok Màu sắc:ok","Áo Khoác Bomber Dù Hai Lớp Chống Nước Cản Gió","2025-10-26 00:42","53867842249","1506174776"
"áo khoác","0-360k","4","Chất liệu:mỏng Màu sắc:đẹp","Áo Khoác Bomber Dù Hai Lớp Chống Nước Cản Gió","2026-02-10 20:14","53867842249","1506174776"
"áo khoác","0-360k","4","Mình thấy cũng tạm ổn, vừa ví tiền. Sử dụng sau sẽ xem như thế nào.","Áo Khoác Bomber Dù Hai Lớp Chống Nước Cản Gió","2025-12-29 12:35","53867842249","1506174776"
"áo khoác","0-360k","4","Màu sắc:xấu quá Lớp bên ngoài như áo mưa ngoài chợ Nếu có ý định mua để mặc đi học đi chơi thì đừng mua nó xấu lắm","Áo Khoác Bomber Dù Hai Lớp Chống Nước Cản Gió","2025-10-01 11:55","53867842249","1506174776"
"áo khoác","0-360k","4","Chất liệu:đẹp Màu sắc:đen","Áo Khoác Bomber Dù Hai Lớp Chống Nước Cản Gió","2026-08-06 21:27","53867842249","1506174776"
"áo khoác","0-360k","4","Màu sắc:dung Chuẩn bị hàng quá lâu","Áo Khoác Bomber Dù Hai Lớp Chống Nước Cản Gió","2025-10-28 11:31","53867842249","1506174776"
"áo khoác","0-360k","4","Chất liệu:hơi nhiều chỉ thừa tiền nào của ý","Áo Khoác Bomber Dù Hai Lớp Chống Nước Cản Gió","2026-02-04 16:20","53867842249","1506174776"
"áo khoác","0-360k","4","Chất liệu:ok Đẹp ấm nhm khâu chx kĩ bên trong còn một đoạn tầm 5 cm hở","Áo Khoác Bomber Dù Hai Lớp Chống Nước Cản Gió","2025-10-26 11:39","53867842249","1506174776"
"áo khoác","0-360k","5","Đúng với mô tả:đúng mẫu Màu sắc:đen Chất liệu:khoác gió áo rất đẹp nha còn rẻ nữa chứ mua này mặc không phải bàn cãi gì rồi thoáng mát","Áo Khoác Bomber Dù Hai Lớp Chống Nước Cản Gió","2025-08-19 14:39","53867842249","1506174776"
"áo khoác","0-360k","5","Chất liệu:lk Màu sắc:ok Đúng với mô tả:lop @.: :Mấy bà thử làm luckybuy đi ạ , siêu uy tín mà làm OK lắm , ko cọc vốn ko cọc ko cccd , làm nhiêu ăn nhiêu , ko ràng buộc , nhiều người tham gia lắm ai quan tâm ib","Áo Khoác Bomber Dù Hai Lớp Chống Nước Cản Gió","2025-11-04 11:58","53867842249","1506174776"
"áo khoác","0-360k","5","Chất liệu:vai khong day khong mong Màu sắc:den [ video mang tính chất nhận xu ] áo chất vải tốt mặc mát, phù hợp cho cả nam cả nữ, này mình mua cho em trai mình, mình mặc khá rộng nhưng em mình mặc vừa vặn. Shop tư vấn nhiệt tình, năm sau sẽ ủng hộ shop tiếp","Áo Khoác Bomber Dù Hai Lớp Chống Nước Cản Gió","2026-06-12 07:56","53867842249","1506174776"
"áo khoác","0-360k","5","Màu sắc:đen áo ok, chống nước tốt nói chung là mua cũng đáng đồng tiền bát gạo, nhìn mỏng nhưng mặc vô khá ấm, ổn áp, k chạy seeding đâu nhé","Áo Khoác Bomber Dù Hai Lớp Chống Nước Cản Gió","2025-07-27 17:40","53867842249","1506174776"
"áo khoác","0-360k","5","Đúng với mô tả:tốt Chất liệu:tốt Màu sắc:den Giao hàng nhanh hàng đẹp phù hợp với giá tiền vừa vặn luôn lên mua trái nghiệm nha","Áo Khoác Bomber Dù Hai Lớp Chống Nước Cản Gió","2025-10-05 11:25","53867842249","1506174776"
"áo khoác","0-360k","5","Chất liệu:áo gió Màu sắc:đen Áo đúng mẫu mã, nhìn đẹp, mặc vừa vặn, mua 2 áo M và L, mặc thời gian nếu tốt sẽ ủng hộ shop lần sau","Áo Khoác Bomber Dù Hai Lớp Chống Nước Cản Gió","2025-11-17 18:55","53867842249","1506174776"
"áo khoác","0-360k","5","Chất liệu:vải dù Màu sắc:màu đen Đúng với mô tả:đúng với miêu tả giao hàng nhanh shipper thân thiện Sẽ ủng hộ shop lần sau","Áo Khoác Bomber Dù Hai Lớp Chống Nước Cản Gió","2025-08-21 09:45","53867842249","1506174776"
"áo khoác","0-360k","5","Chất liệu:tốt ạ Màu sắc:be Ok ạ áo đẹp75 tân sơn phương an hưng tp thanh hoá75 tân sơn phương an hưng tp thanh hoá75 tân sơn phương an hưng tp thanh hoá75 tân sơn phương an hưng tp thanh hoá75 tân sơn phương an hưng tp thanh hoá75 tân sơn phương an hưng tp thanh hoá","Áo Khoác Bomber Dù Hai Lớp Chống Nước Cản Gió","2026-04-03 13:07","53867842249","1506174776"
"áo khoác","0-360k","5","Shop giao đúng mẫu đúng màu, áo khoác đẹp mặc lên vừa vặn có thể chống nắng chống bụi, mới mua thử cho em trai để mua thêm cho ck.","Áo Khoác Bomber Dù Hai Lớp Chống Nước Cản Gió","2026-01-31 19:13","53867842249","1506174776"
"áo khoác","0-360k","5","Đúng với mô tả:đúng Màu sắc:đen Chất liệu:chống nước Sản phẩm chất lượng cao cho người dân Việt Nam trong năm vừa qua của mình trong gương","Áo Khoác Bomber Dù Hai Lớp Chống Nước Cản Gió","2026-01-04 22:30","53867842249","1506174776"
"áo khoác","0-360k","5","Chất liệu:dày dặn Màu sắc:đẹp Áo rất rất đẹp mỏng nhẹ form dáng phải nói là siêu siêu đẹp ,phù hợp với mọi styles khác nhau luôn. Chất liệu và chất lượng khỏi bàn. Áo khoác mỏng nhẹ mà vẫn giữ ấm tốt. Shop đi đơn hàng nhanh và đóng gói hàng cẩn thận. 5 sao cho sản phẩm và shop nha","Áo Khoác Bomber Dù Hai Lớp Chống Nước Cản Gió","2025-11-12 19:55","53867842249","1506174776"
"áo khoác","0-360k","5","Shop giao hàng nhanh, đóng gói cẩn thận, sản phẩm đúng mô tả và đẹp. Chất lượng tốt, dùng rất ổn, giá cả hợp lý. Shop tư vấn nhiệt tình, phản hồi nhanh.","Áo Khoác Bomber Dù Hai Lớp Chống Nước Cản Gió","2026-08-20 07:41","53867842249","1506174776"
"áo khoác","0-360k","5","Tôi rất thích và tôi , bản thân tôi rất hài lòng và thoải mái với sản phẩm này , shop ưng ý làm ăn lương thiện","Áo Khoác Bomber Dù Hai Lớp Chống Nước Cản Gió","2025-11-27 13:19","53867842249","1506174776"
"áo khoác","0-360k","5","Chất liệu:chất liệu vải dù dày dặn, mát mẻ Màu sắc:màu sắc đen đậm, đúng với mô tả Sản phẩm đẹp, ko có chỉ thừa","Áo Khoác Bomber Dù Hai Lớp Chống Nước Cản Gió","2026-04-18 06:46","53867842249","1506174776"
"áo khoác","0-360k","5","Giao hàng nhanh chóng.  Áo khoác vải dù 2 lớp.. giá rẻ mà chất lượng lắm nha mn nên mua nè","Áo Khoác Bomber Dù Hai Lớp Chống Nước Cản Gió","2025-10-27 20:39","53867842249","1506174776"
"áo khoác","0-360k","5","Chất liệu:thoáng mát khi mặc vải dày dặn Màu sắc:đen Mặc vào thấy thoáng mát không có bị nực vải dày mô tả đúng  shop tư vấn ok cho shop 5 ⭐ luôn","Áo Khoác Bomber Dù Hai Lớp Chống Nước Cản Gió","2026-02-26 05:45","53867842249","1506174776"
"áo khoác","0-360k","5","Màu sắc:đen Đúng với mô tả:đúng với mô tả Chất liệu:vải dù Áo đẹp, phù hợp với giá tiền, shop giao hàng siêu nhanh. Thank shop","Áo Khoác Bomber Dù Hai Lớp Chống Nước Cản Gió","2025-10-11 07:53","53867842249","1506174776"
"áo khoác","0-360k","5","Đã nhận được hàng ạ,shop giao đúng với thời gian đã cập nhật thông báo,giao hàng nhanh ạ,hàng đóng gói cẩn thận,còn nguyên vẹn không hư hao,shipper giao hàng thân thiện nhiệt tình,giá cả hợp lý.sẽ mua ủng hộ và giới thiệu người thân bạn bè ủng hộ ạ","Áo Khoác Bomber Dù Hai Lớp Chống Nước Cản Gió","2026-04-11 07:53","53867842249","1506174776"
"áo khoác","0-360k","5","Đúng với mô tả:đẹp Màu sắc:đen Chất liệu:dù Đẹp tốt, áo 10 điểm không có nhưng, mặc mát với thích lắm","Áo Khoác Bomber Dù Hai Lớp Chống Nước Cản Gió","2025-08-25 13:08","53867842249","1506174776"
"áo khoác","0-360k","5","Đúng với mô tả:oki Màu sắc:đen Chất liệu:tạm ổn Mình không phải người mặc. Mình mua hộ nên cũng k thể nói quá nhiều. Nhưng thấy người nhận mặc vừa. Ưng thì mình thấy giá cả vậy cũng ổn á","Áo Khoác Bomber Dù Hai Lớp Chống Nước Cản Gió","2025-09-04 21:57","53867842249","1506174776"
"áo khoác","0-360k","1","Chất liệu:vải gì đó nhìn ngoài thì đẹp bên trong lông mịn mà dễ rụng Màu sắc:đỏ tươi á mí nàng ơi. kp đỏ đô đâu. màu đỏ như má.u á Độ rộng:khá đẹp với mình Bề ngoài thì hỏng có rì để chê nhưng rụng mông quá chời. Dung cây lăn bụi mà ko hết. Rất dễ ảnh hưởng tới sức khỏe nếu ko lăn bớt lông đi đây ạ. Hic hic","Áo khoác chất liệu nỉ cotton mềm mại, thoáng mát, thiết kế unisex hiện đại, form rộng trẻ trung, nhiều màu sắc","2026-06-12 21:52","46414875736","1506174776"
"áo khoác","0-360k","1","Chất liệu:vải mỏng, ấm mà mặc vào bj dính nơi quần","Áo khoác chất liệu nỉ cotton mềm mại, thoáng mát, thiết kế unisex hiện đại, form rộng trẻ trung, nhiều màu sắc","2026-03-10 11:08","46414875736","1506174776"
"áo khoác","0-360k","1","Màu ko đúng vai ko đc đẹp màu xấu khác ảnh","Áo khoác chất liệu nỉ cotton mềm mại, thoáng mát, thiết kế unisex hiện đại, form rộng trẻ trung, nhiều màu sắc","2026-01-30 15:34","46414875736","1506174776"
"áo khoác","0-360k","1","Chất liệu:ko dày nhiều lông mặc vào dính hết áo Màu sắc:đen Độ rộng:vừa","Áo khoác chất liệu nỉ cotton mềm mại, thoáng mát, thiết kế unisex hiện đại, form rộng trẻ trung, nhiều màu sắc","2026-04-06 11:46","46414875736","1506174776"
"áo khoác","0-360k","1","Màu sắc:màu đỏ tươi, đỏ chót chứ kph như hình ảnh mô tả Độ rộng:hơi chật áo bị rách ngay cánh tay","Áo khoác chất liệu nỉ cotton mềm mại, thoáng mát, thiết kế unisex hiện đại, form rộng trẻ trung, nhiều màu sắc","2026-04-08 17:39","46414875736","1506174776"
"áo khoác","0-360k","1","Hàng ko ưng, bông trong rời ra , màu xấu, không đẹp ko nên mua","Áo khoác chất liệu nỉ cotton mềm mại, thoáng mát, thiết kế unisex hiện đại, form rộng trẻ trung, nhiều màu sắc","2025-12-14 16:32","46414875736","1506174776"
"áo khoác","0-360k","1","Đúng với mô tả:ko đm t mua sL mà t tường t mua ss","Áo khoác chất liệu nỉ cotton mềm mại, thoáng mát, thiết kế unisex hiện đại, form rộng trẻ trung, nhiều màu sắc","2025-12-25 12:56","46414875736","1506174776"
"áo khoác","0-360k","1","Độ rộng:Đặt 2 cái mà sop giao được 1 cái 😌","Áo khoác chất liệu nỉ cotton mềm mại, thoáng mát, thiết kế unisex hiện đại, form rộng trẻ trung, nhiều màu sắc","2026-03-01 08:24","46414875736","1506174776"
"áo khoác","0-360k","1","Áo bị bẩn ,nhiều chỉ thừa chỗ nào cũng có.Khóa ko chắc tụt lên tụt xuống","Áo khoác chất liệu nỉ cotton mềm mại, thoáng mát, thiết kế unisex hiện đại, form rộng trẻ trung, nhiều màu sắc","2025-11-26 18:00","46414875736","1506174776"
"áo khoác","0-360k","1","Độ dày:giao áo không đúng như trên mạng","Áo khoác chất liệu nỉ cotton mềm mại, thoáng mát, thiết kế unisex hiện đại, form rộng trẻ trung, nhiều màu sắc","2026-08-06 11:50","46414875736","1506174776"
"áo khoác","0-360k","1","Đặt áo nam ra áo nữ","Áo khoác chất liệu nỉ cotton mềm mại, thoáng mát, thiết kế unisex hiện đại, form rộng trẻ trung, nhiều màu sắc","2026-01-15 10:02","46414875736","1506174776"
"áo khoác","0-360k","1","Chất liệu:chất liệu bề ngoài đẹp,bên trong có bông mà không ép hay may lại,về giặt treo lên xong phủ 1 cái,lông bay muốn dính hết vô cái cuộc đời t luôn á Màu sắc:sám trắng bên ngoài đẹp,bên trong cần may thêm 1 tấm vải để bịt lông lại ở trong,hoặc khỏi có lông hên trong chứ tui không mặc được,chạm vào là lông dính đầy người ấy","Áo khoác chất liệu nỉ cotton mềm mại, thoáng mát, thiết kế unisex hiện đại, form rộng trẻ trung, nhiều màu sắc","2026-09-16 20:46","46414875736","1506174776"
"áo khoác","0-360k","1","Chất liệu:chất liệu vải mỏng, ko dày, mặc mát hay ko thì ko biết Màu sắc:màu sắc ok Áo ra lông rất nhiều, dính đầy quần áo hết","Áo khoác chất liệu nỉ cotton mềm mại, thoáng mát, thiết kế unisex hiện đại, form rộng trẻ trung, nhiều màu sắc","2026-09-07 20:59","46414875736","1506174776"
"áo khoác","0-360k","2","Màu sắc:giống Chất liệu:không có dày với nỉ","Áo khoác chất liệu nỉ cotton mềm mại, thoáng mát, thiết kế unisex hiện đại, form rộng trẻ trung, nhiều màu sắc","2025-12-19 10:12","46414875736","1506174776"
"áo khoác","0-360k","2","áo mỏng, kh giống mô tả! bên trên mũ thì đẹp bên dưới thì 6 áo kh đẹp","Áo khoác chất liệu nỉ cotton mềm mại, thoáng mát, thiết kế unisex hiện đại, form rộng trẻ trung, nhiều màu sắc","2026-09-19 19:59","46414875736","1506174776"
"áo khoác","0-360k","2","Chất liệu:mỏng Độ rộng:tùy size Không đúng miêu tả, vải mỏng, nhăn, chỉ thừa","Áo khoác chất liệu nỉ cotton mềm mại, thoáng mát, thiết kế unisex hiện đại, form rộng trẻ trung, nhiều màu sắc","2026-06-22 09:38","46414875736","1506174776"
"áo khoác","0-360k","2","Đúng với mô tả:ko Màu sắc:ok Chất liệu:mỏng Shop ghi là sai lớn duới 65kg mà ng 49kg mặc còn ngắn và k đc rộng rãi ch lắm trên áo còn dính tem sz L, khóa thì ảnh màu đen mà về khóa màu trắng nch là khá thất vọng k nên mua còn nếu bn nào nhận về mà thấy đẹp thì chc hên xui tùy nhân phẩm","Áo khoác chất liệu nỉ cotton mềm mại, thoáng mát, thiết kế unisex hiện đại, form rộng trẻ trung, nhiều màu sắc","2026-01-12 11:45","46414875736","1506174776"
"áo khoác","0-360k","2","Chất liệu:mỏng Độ rộng:nhỏ mặc khá chật","Áo khoác chất liệu nỉ cotton mềm mại, thoáng mát, thiết kế unisex hiện đại, form rộng trẻ trung, nhiều màu sắc","2026-09-11 11:14","46414875736","1506174776"
"áo khoác","0-360k","2","Chưa dùng đã rách Áo dơ","Áo khoác chất liệu nỉ cotton mềm mại, thoáng mát, thiết kế unisex hiện đại, form rộng trẻ trung, nhiều màu sắc","2026-01-28 13:24","46414875736","1506174776"
"áo khoác","0-360k","3","Chất liệu:mịn , mềm Màu sắc:sám Đúng với mô tả:đúng với miêu tả","Áo khoác chất liệu nỉ cotton mềm mại, thoáng mát, thiết kế unisex hiện đại, form rộng trẻ trung, nhiều màu sắc","2026-01-01 15:14","46414875736","1506174776"
"áo khoác","0-360k","3","Chất liệu:mềm, ok Màu sắc:màu be nhưng hơi hồng Độ rộng:size to nhất nhưng nó vẫn bị nhỏ Bạn nào thích rộng thì thôi nha!","Áo khoác chất liệu nỉ cotton mềm mại, thoáng mát, thiết kế unisex hiện đại, form rộng trẻ trung, nhiều màu sắc","2026-04-03 17:01","46414875736","1506174776"
"áo khoác","0-360k","3","Đúng với mô tả:đúng Chất liệu:chật Màu sắc:đẹp Áo rách ở ngoài sau lưng áo, áo dính màu","Áo khoác chất liệu nỉ cotton mềm mại, thoáng mát, thiết kế unisex hiện đại, form rộng trẻ trung, nhiều màu sắc","2026-01-31 10:08","46414875736","1506174776"
"áo khoác","0-360k","3","Dù là áo nỉ nhưng mặc lên rất già và rất chật. Áo k đc dày như tưởng tượng.","Áo khoác chất liệu nỉ cotton mềm mại, thoáng mát, thiết kế unisex hiện đại, form rộng trẻ trung, nhiều màu sắc","2026-04-23 16:26","46414875736","1506174776"
"áo khoác","0-360k","3","Chất liệu:được Màu sắc:đẹp,giống hình phần trong áo là bông,mặc vô một thời gian ngắn là dính vào áo rất khó chịu","Áo khoác chất liệu nỉ cotton mềm mại, thoáng mát, thiết kế unisex hiện đại, form rộng trẻ trung, nhiều màu sắc","2026-02-05 12:47","46414875736","1506174776"
"áo khoác","0-360k","3","Chất liệu:vải hơi mỏng nhưng giá này thì ok r","Áo khoác chất liệu nỉ cotton mềm mại, thoáng mát, thiết kế unisex hiện đại, form rộng trẻ trung, nhiều màu sắc","2026-04-22 08:10","46414875736","1506174776"
"áo khoác","0-360k","3","Chất liệu:hơi mỏng vs lại mũ cx hog được to","Áo khoác chất liệu nỉ cotton mềm mại, thoáng mát, thiết kế unisex hiện đại, form rộng trẻ trung, nhiều màu sắc","2025-12-31 05:49","46414875736","1506174776"
"áo khoác","0-360k","3","Màu sắc:đặt màu xám mà gửi màu khác và mìk đặt zize s gửi zize m","Áo khoác chất liệu nỉ cotton mềm mại, thoáng mát, thiết kế unisex hiện đại, form rộng trẻ trung, nhiều màu sắc","2026-06-12 21:00","46414875736","1506174776"
"áo khoác","0-360k","3","Chất liệu:qua mong Màu sắc:mau dung","Áo khoác chất liệu nỉ cotton mềm mại, thoáng mát, thiết kế unisex hiện đại, form rộng trẻ trung, nhiều màu sắc","2026-03-15 16:48","46414875736","1506174776"
"áo khoác","0-360k","3","Áo hơi rộng so với số kí","Áo khoác chất liệu nỉ cotton mềm mại, thoáng mát, thiết kế unisex hiện đại, form rộng trẻ trung, nhiều màu sắc","2026-01-19 17:34","46414875736","1506174776"
"áo khoác","0-360k","3","Màu sắc:xám Đúng với mô tả:hơi Vải mỏng","Áo khoác chất liệu nỉ cotton mềm mại, thoáng mát, thiết kế unisex hiện đại, form rộng trẻ trung, nhiều màu sắc","2026-01-19 11:34","46414875736","1506174776"
"áo khoác","0-360k","3","Áo đỗ lông nhiều quá","Áo khoác chất liệu nỉ cotton mềm mại, thoáng mát, thiết kế unisex hiện đại, form rộng trẻ trung, nhiều màu sắc","2026-01-11 21:43","46414875736","1506174776"
"áo khoác","0-360k","3","Màu sắc:màu đỏ không đúng","Áo khoác chất liệu nỉ cotton mềm mại, thoáng mát, thiết kế unisex hiện đại, form rộng trẻ trung, nhiều màu sắc","2026-01-14 13:08","46414875736","1506174776"
"áo khoác","0-360k","3","Đẹp , còn êm","Áo khoác chất liệu nỉ cotton mềm mại, thoáng mát, thiết kế unisex hiện đại, form rộng trẻ trung, nhiều màu sắc","2026-06-06 11:30","46414875736","1506174776"
"áo khoác","0-360k","3","Chất liệu:vải","Áo khoác chất liệu nỉ cotton mềm mại, thoáng mát, thiết kế unisex hiện đại, form rộng trẻ trung, nhiều màu sắc","2025-12-26 05:58","46414875736","1506174776"
"áo khoác","0-360k","3","Chất liệu:monngr","Áo khoác chất liệu nỉ cotton mềm mại, thoáng mát, thiết kế unisex hiện đại, form rộng trẻ trung, nhiều màu sắc","2026-07-07 22:31","46414875736","1506174776"
"áo khoác","0-360k","3","Chất liệu:vải mềm, tay áo hơi ngắn. Màu sắc:màu giống ảnh ko bt có bị phai màu ko nữa Độ rộng:áo hơi ôm, dài Áo bị rụng lông á đụng là nó ra 1 nhúm luôn mặc áo trắng là dính cả đống trên áo trắng á","Áo khoác chất liệu nỉ cotton mềm mại, thoáng mát, thiết kế unisex hiện đại, form rộng trẻ trung, nhiều màu sắc","2026-09-29 21:45","46414875736","1506174776"
"áo khoác","0-360k","3","Chất liệu:mềm, đc Màu sắc:đẹp Nhưng ms giao cái khoá lại bị hư","Áo khoác chất liệu nỉ cotton mềm mại, thoáng mát, thiết kế unisex hiện đại, form rộng trẻ trung, nhiều màu sắc","2026-02-08 10:36","46414875736","1506174776"
"áo khoác","0-360k","3","Áo bị xù lông","Áo khoác chất liệu nỉ cotton mềm mại, thoáng mát, thiết kế unisex hiện đại, form rộng trẻ trung, nhiều màu sắc","2026-03-08 21:04","46414875736","1506174776"
"áo khoác","0-360k","3","Khác màu","Áo khoác chất liệu nỉ cotton mềm mại, thoáng mát, thiết kế unisex hiện đại, form rộng trẻ trung, nhiều màu sắc","2026-01-04 19:39","46414875736","1506174776"
"áo khoác","0-360k","4","Đúng với mô tả:đúng nha Màu sắc:xám Chất liệu:vải nhung Ê tưởng xấu tính trả hàng mà giao về nó đẹp mà siu ưng lun Á","Áo khoác chất liệu nỉ cotton mềm mại, thoáng mát, thiết kế unisex hiện đại, form rộng trẻ trung, nhiều màu sắc","2026-01-11 18:34","46414875736","1506174776"
"áo khoác","0-360k","4","Chất liệu:mềm mịn Màu sắc:xám nhạt Đúng với mô tả:quá đẹp","Áo khoác chất liệu nỉ cotton mềm mại, thoáng mát, thiết kế unisex hiện đại, form rộng trẻ trung, nhiều màu sắc","2025-12-18 17:35","46414875736","1506174776"
"áo khoác","0-360k","4","Chất liệu:vải nhung Màu sắc:đen Độ rộng:form mũ rộng mặc vào hơi chật một tí Đẹp rất ưng mua lần thứ hai r nên mua nha","Áo khoác chất liệu nỉ cotton mềm mại, thoáng mát, thiết kế unisex hiện đại, form rộng trẻ trung, nhiều màu sắc","2026-03-09 18:56","46414875736","1506174776"
"áo khoác","0-360k","4","Màu sắc:rất ưng ý Đúng với mô tả:đẹp Chất liệu:mặc lên rất dễ chịu, ấm","Áo khoác chất liệu nỉ cotton mềm mại, thoáng mát, thiết kế unisex hiện đại, form rộng trẻ trung, nhiều màu sắc","2025-11-01 10:51","46414875736","1506174776"
"áo khoác","0-360k","4","Chất liệu:nhìn ok Màu sắc:màu sắc đẹp Nên mua đáng tiền","Áo khoác chất liệu nỉ cotton mềm mại, thoáng mát, thiết kế unisex hiện đại, form rộng trẻ trung, nhiều màu sắc","2026-01-29 21:30","46414875736","1506174776"
"áo khoác","0-360k","4","Độ dày:áo vẫn hơi mỏng Vật liệu:cotton cũng mềm Màu sắc:màu sắc đẹp","Áo khoác chất liệu nỉ cotton mềm mại, thoáng mát, thiết kế unisex hiện đại, form rộng trẻ trung, nhiều màu sắc","2026-02-24 19:56","46414875736","1506174776"
"áo khoác","0-360k","4","Kích thước:form hơi rộng. khoá kéo bình thường. vải phù hợp so với giá tiền .","Áo khoác chất liệu nỉ cotton mềm mại, thoáng mát, thiết kế unisex hiện đại, form rộng trẻ trung, nhiều màu sắc","2026-02-02 15:26","46414875736","1506174776"
"áo khoác","0-360k","4","Chất liệu:tốt Màu sắc:đẹp Độ rộng:tôi đặt 65kg nhưng 55kg bận thấy chật ((:","Áo khoác chất liệu nỉ cotton mềm mại, thoáng mát, thiết kế unisex hiện đại, form rộng trẻ trung, nhiều màu sắc","2026-04-17 12:18","46414875736","1506174776"
"áo khoác","0-360k","4","Chất liệu:tốt nhưng bị lỗi phần cổ Màu sắc:đg màu Độ rộng:chuẩn","Áo khoác chất liệu nỉ cotton mềm mại, thoáng mát, thiết kế unisex hiện đại, form rộng trẻ trung, nhiều màu sắc","2026-06-15 20:38","46414875736","1506174776"
"áo khoác","0-360k","4","Chất liệu:khá ok Màu sắc:khá đẹp Độ rộng:chật tay Giao hàng nhanh nhưng tay áo hơi nhỏ , còn xù lông nx nói chung khá ok","Áo khoác chất liệu nỉ cotton mềm mại, thoáng mát, thiết kế unisex hiện đại, form rộng trẻ trung, nhiều màu sắc","2026-03-19 20:36","46414875736","1506174776"
"áo khoác","0-360k","4","Chất liệu:ok Màu sắc:đẹp Độ rộng:vừa","Áo khoác chất liệu nỉ cotton mềm mại, thoáng mát, thiết kế unisex hiện đại, form rộng trẻ trung, nhiều màu sắc","2026-06-19 16:02","46414875736","1506174776"
"áo khoác","0-360k","4","Chất liệu:chất vải mỏng nhe","Áo khoác chất liệu nỉ cotton mềm mại, thoáng mát, thiết kế unisex hiện đại, form rộng trẻ trung, nhiều màu sắc","2026-07-25 18:28","46414875736","1506174776"
"áo khoác","0-360k","4","Chất liệu:hơi mỏng Màu sắc:màu hơi nhạt so với ảnh của shop Kích thước:mặc lên vừa người Đẹp, đơn giản mặc ở nhà hay đi chơi đều được nhưng mình không có đồ phù hợp để mặc","Áo khoác chất liệu nỉ cotton mềm mại, thoáng mát, thiết kế unisex hiện đại, form rộng trẻ trung, nhiều màu sắc","2026-02-08 21:38","46414875736","1506174776"
"áo khoác","0-360k","4","Đúng với mô tả:tui thấy sản phẩn khog giống hình lắm á😭 Màu sắc:xám tiêu tui tưởng áo sẽ dày lắm nhm khog😭 mỏng lắm nha, mặc vào thì thấy cũng được tại tui áp mã lần đầu nên áo này chỉ có 1k thoi á tin được khog(((= với cái giá như này thì mình cũng khog thất vọng mấy về cái áo khog như mong đợi...","Áo khoác chất liệu nỉ cotton mềm mại, thoáng mát, thiết kế unisex hiện đại, form rộng trẻ trung, nhiều màu sắc","2025-11-08 18:35","46414875736","1506174776"
"áo khoác","0-360k","4","Độ dày:hơi nóng so với thời tiết ở tỉnh Bình Thuận Vật liệu:chất liệu cotton mềm mịn Nhưng mà dây áo hơi dơ","Áo khoác chất liệu nỉ cotton mềm mại, thoáng mát, thiết kế unisex hiện đại, form rộng trẻ trung, nhiều màu sắc","2026-08-03 17:31","46414875736","1506174776"
"áo khoác","0-360k","4","Chất liệu:cũng cũng Màu sắc:cũng dc Độ rộng:ok 0 giống như kì vọng mà giao về rất nhiều bụi vải và lông","Áo khoác chất liệu nỉ cotton mềm mại, thoáng mát, thiết kế unisex hiện đại, form rộng trẻ trung, nhiều màu sắc","2026-06-02 13:07","46414875736","1506174776"
"áo khoác","0-360k","4","Tưởng ado khoác sẽ dày nhưng mà nhận về thì thấy hơi mỏng","Áo khoác chất liệu nỉ cotton mềm mại, thoáng mát, thiết kế unisex hiện đại, form rộng trẻ trung, nhiều màu sắc","2026-01-27 21:21","46414875736","1506174776"
"áo khoác","0-360k","4","Màu sắc:đẹp Chất liệu:khá mỏng vs hình","Áo khoác chất liệu nỉ cotton mềm mại, thoáng mát, thiết kế unisex hiện đại, form rộng trẻ trung, nhiều màu sắc","2026-01-22 16:52","46414875736","1506174776"
"áo khoác","0-360k","4","Cái dây kéo của áo đen bị cứng k kéo mượt đc còn áo còn lại thì đc","Áo khoác chất liệu nỉ cotton mềm mại, thoáng mát, thiết kế unisex hiện đại, form rộng trẻ trung, nhiều màu sắc","2025-11-27 12:08","46414875736","1506174776"
"áo khoác","0-360k","4","Chất liệu:vải mỏng ko quá dày, mát, nhẹ, có hơi xù lông vải nhẹ Màu sắc:màu đẹp Độ rộng:áo form rộng Mình cao m55 mặc cớ ti dài ngang mông, vải sờ vào thấy mát hơi xù lông nhẹ, ko có túi trong nên cất bóp tiền đt cx phải cẩn thận. Nói chung thì vớu giá tiền này mik thấy ok","Áo khoác chất liệu nỉ cotton mềm mại, thoáng mát, thiết kế unisex hiện đại, form rộng trẻ trung, nhiều màu sắc","2026-09-25 16:53","46414875736","1506174776"
"áo khoác","0-360k","5","Màu sắc:Đẹp Đúng với mô tả:đúng Chất liệu:vải Đẹp , phù hợp với mọi lứa tuổi. Nếu có thể thì lần sau tôi sẽ ủng hộ Shop thêm lần nữa nhé !!!!","Áo khoác chất liệu nỉ cotton mềm mại, thoáng mát, thiết kế unisex hiện đại, form rộng trẻ trung, nhiều màu sắc","2025-11-05 10:59","46414875736","1506174776"
"áo khoác","0-360k","5","Màu sắc:dep Đúng với mô tả:đúng Chất liệu:mềm mịn Sản phẩm tốt, giá cả tốt, mình ko chê điểm nào luôn. Thanks shop nhiều!","Áo khoác chất liệu nỉ cotton mềm mại, thoáng mát, thiết kế unisex hiện đại, form rộng trẻ trung, nhiều màu sắc","2026-01-18 20:56","46414875736","1506174776"
"áo khoác","0-360k","5","Chất liệu:vải nỉ mềm mại Màu sắc:xám than,đẹp đúng vs mô tả Độ rộng:vừa vận thoải mái Giá thành phù hợp, phục vụ khách hàng tốt, cho shop 5☆ luôn=))","Áo khoác chất liệu nỉ cotton mềm mại, thoáng mát, thiết kế unisex hiện đại, form rộng trẻ trung, nhiều màu sắc","2026-06-09 11:03","46414875736","1506174776"
"áo khoác","0-360k","5","Chất liệu:dày vừa ấm Màu sắc:đẹp Độ rộng:vừa vặn Mặc ấm chất liệu vải tốt, rất thích  Hình ảnh video mang tính chất nhận xu Rất thích rất thích rất thích rất thích, áo khoác rất đẹp","Áo khoác chất liệu nỉ cotton mềm mại, thoáng mát, thiết kế unisex hiện đại, form rộng trẻ trung, nhiều màu sắc","2026-06-17 08:04","46414875736","1506174776"
"áo khoác","0-360k","5","Đúng với mô tả:ee nha , dày dặn , mặc ấm nha Chất liệu:cotton Màu sắc:xám Mua đi , có 80k mà hàng siêu ok luôn","Áo khoác chất liệu nỉ cotton mềm mại, thoáng mát, thiết kế unisex hiện đại, form rộng trẻ trung, nhiều màu sắc","2025-11-05 20:40","46414875736","1506174776"
"áo khoác","0-360k","5","Màu sắc:đẹp Chất liệu:hơi mỏng Đúng với mô tả:cũng đúng Đẹp giống trong hình nhưng nó hơi bé quá mặc dù mình đã chọn size to nhất ( ng mình cũng vừa kh phải gọi là quá to )","Áo khoác chất liệu nỉ cotton mềm mại, thoáng mát, thiết kế unisex hiện đại, form rộng trẻ trung, nhiều màu sắc","2025-12-24 11:18","46414875736","1506174776"
"áo khoác","0-360k","5","Đúng với mô tả:màu sắc vừa ý không bị lem màu màu Chất liệu:chất liệu vải mịn ở trong giữ ấm rất đẹp vừa lòng mình đánh giá 5 sao Hài lòng chiều cao cân nặng vùa đúng","Áo khoác chất liệu nỉ cotton mềm mại, thoáng mát, thiết kế unisex hiện đại, form rộng trẻ trung, nhiều màu sắc","2026-02-01 19:41","46414875736","1506174776"
"áo khoác","0-360k","5","Đúng với mô tả:khoác mèo Gogi,sz 32-45kg Chất liệu:vải Màu sắc:xám t nghĩ là nên mua size to để mặc thoải mái hơn , nm nói chung thì t mặc cũng đc","Áo khoác chất liệu nỉ cotton mềm mại, thoáng mát, thiết kế unisex hiện đại, form rộng trẻ trung, nhiều màu sắc","2025-12-30 22:15","46414875736","1506174776"
"áo khoác","0-360k","5","Tôi rất thích cái áo khoác này tôi cảm ơn sắp tới gửi hàng cho tôi đúng hẹn và ưng ý tốt hơn rất rất nhiều vì","Áo khoác chất liệu nỉ cotton mềm mại, thoáng mát, thiết kế unisex hiện đại, form rộng trẻ trung, nhiều màu sắc","2026-07-31 16:34","46414875736","1506174776"
"áo khoác","0-360k","5","Chất liệu:mềm mại Màu sắc:đúng Đúng với mô tả:đẹp, vừa vặn Sản phẩm tốt,đạt chuẩn,màu đẹp","Áo khoác chất liệu nỉ cotton mềm mại, thoáng mát, thiết kế unisex hiện đại, form rộng trẻ trung, nhiều màu sắc","2025-12-30 21:26","46414875736","1506174776"
"áo khoác","0-360k","5","Chất liệu:nỉ bông Màu sắc:xám trắng Kích thước:vừa Mình thấy dán size M nhé áo đẹp giá rẻ mua mặc được nha mình thích màu ghi tối màu hơn ý nhưng shop không có lên lấy màu xám sáng","Áo khoác chất liệu nỉ cotton mềm mại, thoáng mát, thiết kế unisex hiện đại, form rộng trẻ trung, nhiều màu sắc","2025-12-13 16:13","46414875736","1506174776"
"áo khoác","0-360k","5","Áo đẹp lắm nha, vừa vặn, giao nhanh, đúng mô tả giá cũm hợp lí 🥰","Áo khoác chất liệu nỉ cotton mềm mại, thoáng mát, thiết kế unisex hiện đại, form rộng trẻ trung, nhiều màu sắc","2026-01-08 13:03","46414875736","1506174776"
"áo khoác","0-360k","5","Chất liệu:chất liệu vải đi mùa đông cx ấm, chứ đi mùa hè k dám cởi áo ra luôn:)) Màu sắc:màu đẹp giống ảnh Độ rộng:form vừa vặn k bị chật hay quá cỡ","Áo khoác chất liệu nỉ cotton mềm mại, thoáng mát, thiết kế unisex hiện đại, form rộng trẻ trung, nhiều màu sắc","2026-06-22 22:43","46414875736","1506174776"
"áo khoác","0-360k","5","Độ dày:khá dày dặn Vật liệu:nỉ Màu sắc:xám tiêu Đẹp , giao nhanh","Áo khoác chất liệu nỉ cotton mềm mại, thoáng mát, thiết kế unisex hiện đại, form rộng trẻ trung, nhiều màu sắc","2026-08-05 14:46","46414875736","1506174776"
"áo khoác","0-360k","5","Đúng với mô tả:đúng với quảng cáo Màu sắc:màu đen Chất liệu:mềm Sản phẩm đúng như quảng cáo nha mn, giao hàng nhanh ,nên mua nha!","Áo khoác chất liệu nỉ cotton mềm mại, thoáng mát, thiết kế unisex hiện đại, form rộng trẻ trung, nhiều màu sắc","2026-07-19 17:28","46414875736","1506174776"
"áo khoác","0-360k","5","Hàng đẹp lắm á mình săn được với giá Rẻ lắm 12 k thoiii","Áo khoác chất liệu nỉ cotton mềm mại, thoáng mát, thiết kế unisex hiện đại, form rộng trẻ trung, nhiều màu sắc","2026-01-05 14:59","46414875736","1506174776"
"áo khoác","0-360k","5","Đúng với mô tả:đúng Màu sắc:xám Chất liệu:vải Đẹp , mặc vừa, giá ổn nên là đáng để mua Nào quay lại uho sóp tiếp","Áo khoác chất liệu nỉ cotton mềm mại, thoáng mát, thiết kế unisex hiện đại, form rộng trẻ trung, nhiều màu sắc","2026-02-01 01:28","46414875736","1506174776"
"áo khoác","0-360k","5","Màu sắc:ok Chất liệu:ok Đúng với mô tả:ok Shop giao đủ. Đóng gói cẩn thận. Sẽ tiếp tục ủng hộ khi nào có nhu cầu sử dụng. Hình ảnh chỉ mang tính chất minh họa.","Áo khoác chất liệu nỉ cotton mềm mại, thoáng mát, thiết kế unisex hiện đại, form rộng trẻ trung, nhiều màu sắc","2026-01-27 08:54","46414875736","1506174776"
"áo khoác","0-360k","5","Màu sắc:màu xám đẹp ai cg mặc màu này cũng hợp","Áo khoác chất liệu nỉ cotton mềm mại, thoáng mát, thiết kế unisex hiện đại, form rộng trẻ trung, nhiều màu sắc","2026-08-05 15:04","46414875736","1506174776"
"áo khoác","0-360k","5","chất liệu nỉ dày, màu thì không chuẩn lắm. Nhưng chất lượng thì ổn so với giá tiền thì ok","Áo khoác chất liệu nỉ cotton mềm mại, thoáng mát, thiết kế unisex hiện đại, form rộng trẻ trung, nhiều màu sắc","2026-06-17 08:01","46414875736","1506174776"
"áo khoác","0-360k","1","Mua 5sp gửi có 3. Bảo gửi bù ko gửi","Áo khoác gió nam nữ 2 lớp tráng bạc chống nước hiệu quả","2024-11-23 12:30","46967573481","1506174776"
"áo khoác","0-360k","1","Màu sắc:Giao sai hàng Giao sai hàng, gọi điện thoại shop không nghe máy. Mình đã mua một lần rồi, thấy hàng đẹp tin tưởng nên đặt thêm một lần nữa. Lần này shop giao sai,  liên  lạc shop ko được. Shop mall thì mình nghĩ shop nên giải quyết tốt nhất cho khách hàng để giữ uy tín.","Áo khoác gió nam nữ 2 lớp tráng bạc chống nước hiệu quả","2023-11-20 10:05","46967573481","1506174776"
"áo khoác","0-360k","1","Mua bán lừa đảo. Mọi người nên tránh xa ko mất tiền oan","Áo khoác gió nam nữ 2 lớp tráng bạc chống nước hiệu quả","2024-11-14 12:58","46967573481","1506174776"
"áo khoác","0-360k","1","mua xanh giao đen áo chật mặc ngứa","Áo khoác gió nam nữ 2 lớp tráng bạc chống nước hiệu quả","2026-04-13 02:00","46967573481","1506174776"
"áo khoác","0-360k","1","Màu sắc:đặt màu đen giao màu xanh vs cả giao đồ bị ẩm mốc bung tróc và nhắn tin cho shop đổi hàng nhưng ko trả lời.quá tệ ko nên mua ở shop này nữa","Áo khoác gió nam nữ 2 lớp tráng bạc chống nước hiệu quả","2026-09-26 08:13","46967573481","1506174776"
"áo khoác","0-360k","1","Làm ăn giả tạo quá. Mua cái nhỏ sip cái to.soph làm ăn ko uy tín","Áo khoác gió nam nữ 2 lớp tráng bạc chống nước hiệu quả","2026-01-20 11:49","46967573481","1506174776"
"áo khoác","0-360k","1","Quá tệ","Áo khoác gió nam nữ 2 lớp tráng bạc chống nước hiệu quả","2024-10-02 20:35","46967573481","1506174776"
"áo khoác","0-360k","1","Đặt màu đen 2XL nhưng giao màu vàng","Áo khoác gió nam nữ 2 lớp tráng bạc chống nước hiệu quả","2026-09-26 13:22","46967573481","1506174776"
"áo khoác","0-360k","1","Đặt màu đen giao màu vàng là sao","Áo khoác gió nam nữ 2 lớp tráng bạc chống nước hiệu quả","2026-09-24 16:42","46967573481","1506174776"
"áo khoác","0-360k","1","Chất liệu:shop lừa đảo","Áo khoác gió nam nữ 2 lớp tráng bạc chống nước hiệu quả","2026-10-01 18:56","46967573481","1506174776"
"áo khoác","0-360k","2","Đặt hàng ở shop hai áo màu xanh than mà lúc giao hàng lại hai màu khác nhau Giao hàng siêu nhanh","Áo khoác gió nam nữ 2 lớp tráng bạc chống nước hiệu quả","2021-11-12 14:14","46967573481","1506174776"
"áo khoác","0-360k","2","Đặt ở shop hai áo đặt màu xanh than mà giờ ship hai als hai màu khác nhau Thời gian giao hàng thì nhanh","Áo khoác gió nam nữ 2 lớp tráng bạc chống nước hiệu quả","2021-11-12 14:12","46967573481","1506174776"
"áo khoác","0-360k","2","Áo có vài chỗ tưa chỉ, phần dây kéo nón bị lỗi nhỏ, vài dày dặn, không thấm nước","Áo khoác gió nam nữ 2 lớp tráng bạc chống nước hiệu quả","2022-08-18 16:07","46967573481","1506174776"
"áo khoác","0-360k","2","Đúng với mô tả:quảng cái sai sự thật LD😭MÔ","Áo khoác gió nam nữ 2 lớp tráng bạc chống nước hiệu quả","2025-01-07 08:02","46967573481","1506174776"
"áo khoác","0-360k","2","Đúng với mô tả:dây kéo mau hư","Áo khoác gió nam nữ 2 lớp tráng bạc chống nước hiệu quả","2024-03-22 04:17","46967573481","1506174776"
"áo khoác","0-360k","3","Hàng đẹp,đúng voi mô ta.sẽ ủng hộ shop lần sau.mua 3 áo 1 áo bé 2 áo khoác nguoi lớn nưa, cả ship luon la 289k.","Áo khoác gió nam nữ 2 lớp tráng bạc chống nước hiệu quả","2023-04-09 19:26","46967573481","1506174776"
"áo khoác","0-360k","3","Màu sắc:dung màu Chất liệu:vải gió Đúng với mô tả:đúng mô tả","Áo khoác gió nam nữ 2 lớp tráng bạc chống nước hiệu quả","2023-11-19 17:58","46967573481","1506174776"
"áo khoác","0-360k","3","Áo 40kg mặc vừa khít, ko thể tới 59kg như mô tả. Mọi người nên mua size lớn hơn.","Áo khoác gió nam nữ 2 lớp tráng bạc chống nước hiệu quả","2023-10-09 21:19","46967573481","1506174776"
"áo khoác","0-360k","3","Chất áo oki, khoá xít không trơn, dùng thời gian sợ hỏng khoá mất","Áo khoác gió nam nữ 2 lớp tráng bạc chống nước hiệu quả","2023-12-05 11:32","46967573481","1506174776"
"áo khoác","0-360k","3","Đúng với mô tả:ko đúng. Chất liệu:bình thường. Nhận đc hàng. shop giao sai mẫu , áo nhái ko có tem mác như qc","Áo khoác gió nam nữ 2 lớp tráng bạc chống nước hiệu quả","2025-11-02 14:55","46967573481","1506174776"
"áo khoác","0-360k","3","Chọn size 2XL 75-85kg nhưng thực tế tôi 63kg mặc chật. Shop giao không đúng size áo theo đơn hàng","Áo khoác gió nam nữ 2 lớp tráng bạc chống nước hiệu quả","2024-04-10 16:12","46967573481","1506174776"
"áo khoác","0-360k","3","Màu sắc:giao k đún màu đặt đen lại giao tím than","Áo khoác gió nam nữ 2 lớp tráng bạc chống nước hiệu quả","2023-12-27 11:54","46967573481","1506174776"
"áo khoác","0-360k","3","[TB] Siêu khuyến mại: Đổi 20.000đ tài khoản gốc thành 100.000đ để gọi điện và nhắn tin nội mạng, truy cập Internet trong 30 ngày. Soạn 1 gửi 191 để đồng ý đổi tiền. CT dành riêng cho Quý khách đến hết 22/12. Chi tiết LH 198 (0đ).","Áo khoác gió nam nữ 2 lớp tráng bạc chống nước hiệu quả","2024-12-18 08:01","46967573481","1506174776"
"áo khoác","0-360k","3","Ok","Áo khoác gió nam nữ 2 lớp tráng bạc chống nước hiệu quả","2024-10-25 09:23","46967573481","1506174776"
"áo khoác","0-360k","3","Ok","Áo khoác gió nam nữ 2 lớp tráng bạc chống nước hiệu quả","2024-11-01 11:21","46967573481","1506174776"
"áo khoác","0-360k","4","Đóng gói chắc chắn Màu sắc không giống và chất vải không đẹp bằng chiếc size M Giao hàng nhanh","Áo khoác gió nam nữ 2 lớp tráng bạc chống nước hiệu quả","2022-01-09 18:25","46967573481","1506174776"
"áo khoác","0-360k","4","Chất liệu:cũng tốt Chống nước:cũng tạm Mùa đông:chưa mặc vào mùa đông nên chưa có đánh giá tốt  chuẩn đc","Áo khoác gió nam nữ 2 lớp tráng bạc chống nước hiệu quả","2026-08-15 11:24","46967573481","1506174776"
"áo khoác","0-360k","4","Chất liệu:áo gió Màu sắc:chuẩn Phù hợp với giá tiền.","Áo khoác gió nam nữ 2 lớp tráng bạc chống nước hiệu quả","2023-10-09 20:33","46967573481","1506174776"
"áo khoác","0-360k","4","Màu sắc:d Đúng màu đã đặt  Shop gửi hàng nhanh  Có một điều là tôi đặt hàng loại lót lông nhưng shop gửi hàng lót lưới nhưng hàng đẹp nên vẫn để 4sao","Áo khoác gió nam nữ 2 lớp tráng bạc chống nước hiệu quả","2025-10-02 10:56","46967573481","1506174776"
"áo khoác","0-360k","4","Sản phẩm phù hợp với giá tiền,  giao hàng nhanh chóng. Đóng gói ổn","Áo khoác gió nam nữ 2 lớp tráng bạc chống nước hiệu quả","2021-11-25 14:09","46967573481","1506174776"
"áo khoác","0-360k","4","Shop đóng gói khá cẩn thận , giao hàng khá nhanh , chưa test , nếu ổn sẽ mua tiếp","Áo khoác gió nam nữ 2 lớp tráng bạc chống nước hiệu quả","2026-08-04 21:59","46967573481","1506174776"
"áo khoác","0-360k","4","Màu sắc:đẹp Chất liệu:ok","Áo khoác gió nam nữ 2 lớp tráng bạc chống nước hiệu quả","2024-10-21 13:30","46967573481","1506174776"
"áo khoác","0-360k","4","Áo rẻ, tiền nào của nấy vải đúng như mô tả, nhưng đặt cỡ 2xl vẫn bị kích nên đưa cho mẹ mặc vậy","Áo khoác gió nam nữ 2 lớp tráng bạc chống nước hiệu quả","2025-12-09 18:14","46967573481","1506174776"
"áo khoác","0-360k","4","Đúng mẫu mã chủng loại. Cỡ áo hơi bé, nên đặt quá 1 cỡ mặc cho rộng rãi","Áo khoác gió nam nữ 2 lớp tráng bạc chống nước hiệu quả","2024-11-25 12:36","46967573481","1506174776"
"áo khoác","0-360k","4","Áo tạm đc tiền nào vải đấy","Áo khoác gió nam nữ 2 lớp tráng bạc chống nước hiệu quả","2025-03-01 14:52","46967573481","1506174776"
"áo khoác","0-360k","4","Chất liệu:vải thoáng, lớp lưới lót bên trong hơi khó chịu Màu sắc:đúng mô tả Khi mặt vào thì lớp lưới theo tay áo lòi ra ngoài, mang ra tiệm chỉnh lại hết 20k.","Áo khoác gió nam nữ 2 lớp tráng bạc chống nước hiệu quả","2026-06-20 16:44","46967573481","1506174776"
"áo khoác","0-360k","4","Đường may không đẹp lắm tuy nhiên tiền nào của nấy thì so với giá tiền OK rui","Áo khoác gió nam nữ 2 lớp tráng bạc chống nước hiệu quả","2022-11-05 22:31","46967573481","1506174776"
"áo khoác","0-360k","4","Giao hàng nhanh, trước thời hạn, hàng đúng như đặt trên shopee. Đúng như video quảng cáo","Áo khoác gió nam nữ 2 lớp tráng bạc chống nước hiệu quả","2024-01-16 07:31","46967573481","1506174776"
"áo khoác","0-360k","4","Chất liệu:nylon Màu sắc:giao sai màu, thấy màu này cũng được, kệ khg quan trọng nhưng trừ điểm","Áo khoác gió nam nữ 2 lớp tráng bạc chống nước hiệu quả","2026-09-29 17:53","46967573481","1506174776"
"áo khoác","0-360k","4","Đúng với mô tả:đúng mô tả Màu sắc:ghi xám Sản phẩm như mô tả, màu và size đúng như mô tả.","Áo khoác gió nam nữ 2 lớp tráng bạc chống nước hiệu quả","2026-09-20 16:05","46967573481","1506174776"
"áo khoác","0-360k","4","Chất liệu:dù lưới tạm ô r Màu sắc:xanh đen như yêu cầu Thun tay áo bị giãn mất đàn hồi","Áo khoác gió nam nữ 2 lớp tráng bạc chống nước hiệu quả","2026-10-02 03:27","46967573481","1506174776"
"áo khoác","0-360k","4","Sản phẩm giá rẻ. Nhưng nghi chống nước là không đúng. Vì sản phẩm này k hề chống nước","Áo khoác gió nam nữ 2 lớp tráng bạc chống nước hiệu quả","2025-11-25 17:22","46967573481","1506174776"
"áo khoác","0-360k","4","Chất liệu:cũng tạm. Màu sắc:màu xám Độ rộng:ok Sản phẩm ok.chất lượng ok.đóng gói giao hànhg ok đánh giá 5 sao cả nhà mua ủng hộ đi.tui hài lòng về sản phẩm","Áo khoác gió nam nữ 2 lớp tráng bạc chống nước hiệu quả","2025-12-18 17:36","46967573481","1506174776"
"áo khoác","0-360k","4","Màu sắc:than Chất liệu:vải gió Đúng với mô tả:đúng Sản phẩm đúng với quảng cáo .giá cả rẻ .ủng hộ shop","Áo khoác gió nam nữ 2 lớp tráng bạc chống nước hiệu quả","2025-10-30 12:39","46967573481","1506174776"
"áo khoác","0-360k","4","Ok","Áo khoác gió nam nữ 2 lớp tráng bạc chống nước hiệu quả","2024-06-15 22:38","46967573481","1506174776"
"áo khoác","0-360k","5","Màu sắc:xám Chất liệu:vải pha dù Đúng với mô tả:đúng Form đẹp, màu sắc y như hình. Tay hơi ôm bo chút nhé. Ở Hà nội mà shop giao hàng nhanh chóng lắm. Giá cả hạt dẻ. Sẽ tiếp tục ủng hộ ạ.","Áo khoác gió nam nữ 2 lớp tráng bạc chống nước hiệu quả","2023-10-04 19:44","46967573481","1506174776"
"áo khoác","0-360k","5","Áo nhẹ đi gió được. Form ổn mặc sz L ưng luôn. Với mức giá 100k mà form ok còn chất liệu thì mức ổn mặc 1 mùa thay áo mới.","Áo khoác gió nam nữ 2 lớp tráng bạc chống nước hiệu quả","2023-02-04 18:17","46967573481","1506174776"
"áo khoác","0-360k","5","Chất liệu:gió Màu sắc:đen Đúng với mô tả:đúng Áo đẹp chất xịn shop giao nhanh Shipper nhiệt tình sẽ ủng hộ shop dài dài ạ. K ngờ với hơn 70ka mà mua đc cái áo đẹp thế","Áo khoác gió nam nữ 2 lớp tráng bạc chống nước hiệu quả","2023-10-05 21:50","46967573481","1506174776"
"áo khoác","0-360k","5","Áo rất đẹp. Vải và đường may sáng, chắc chắn. Kiểu dáng như ảnh. Shop giao hàng nhanh. So với giá 100k thì đáng mua.","Áo khoác gió nam nữ 2 lớp tráng bạc chống nước hiệu quả","2022-10-05 11:52","46967573481","1506174776"
"áo khoác","0-360k","5","Màu sắc:đen Áo rẻ và đẹp, chống nước tốt,  nên mua mọi người ạ, mình mua lần 2 là cho thằng em, thấy mặc đẹp quá nên nhờ mua, ủng hộ shop sẽ quảng cáo hộ 😄","Áo khoác gió nam nữ 2 lớp tráng bạc chống nước hiệu quả","2023-05-18 12:56","46967573481","1506174776"
"áo khoác","0-360k","5","Màu sắc:mau den dep màu đẹp áo rất ấm mình mua ở shop 2 lần roi ship 5 ngay chac do minh o xa nma áo quá đẹp","Áo khoác gió nam nữ 2 lớp tráng bạc chống nước hiệu quả","2023-07-29 15:58","46967573481","1506174776"
"áo khoác","0-360k","5","Màu sắc:dung màu Chất liệu:vải xước Hàng đúng với mô tả shop quảng cáo, size chuẩn, màu và vải phù hợp với giá tiền, ship hàng nhanh chóng, khá hài lòng","Áo khoác gió nam nữ 2 lớp tráng bạc chống nước hiệu quả","2024-03-25 15:09","46967573481","1506174776"
"áo khoác","0-360k","5","Áo đẹp nha mn. Vải gió ngoài sờ mịn có chống dc nước nhẹ giặt xong k biết còn dc k. Ai cao 1m73 nặng 55kg chọn size 2xl như shop tư vấn là vừa k lo rộng","Áo khoác gió nam nữ 2 lớp tráng bạc chống nước hiệu quả","2023-09-05 11:29","46967573481","1506174776"
"áo khoác","0-360k","5","Chất liệu:đẹp Nhận được sản phẩm tôi rất ưng ý. Sản phẩm đẹp, màu sắc chuẩn y hình quảng bá. Chất liệu vải rất tuyệt, đường nét may sắc sảo. Cửa hàng gói hàng cản thận, vận chuyển nhanh và uy tính. Shipper tận tình!","Áo khoác gió nam nữ 2 lớp tráng bạc chống nước hiệu quả","2022-09-12 20:53","46967573481","1506174776"
"áo khoác","0-360k","5","Chất liệu:đẹp Màu sắc:tuyệt Đúng với mô tả:chuẩn Hàng đẹp nhé các bạn khóa túi siêu đẹp rất kín tay kéo khóa cũng rất dễ. Thương nói chung là rẻ đẹp không phải nghĩ với 125k","Áo khoác gió nam nữ 2 lớp tráng bạc chống nước hiệu quả","2022-11-08 18:08","46967573481","1506174776"
"áo khoác","0-360k","5","Màu sắc:xám đẹp Đúng với mô tả:tốt Chất liệu:ok Giao hàng nhanh hàng đúng như mô tả màu xám đẹp và chất lượng rất tốt","Áo khoác gió nam nữ 2 lớp tráng bạc chống nước hiệu quả","2024-12-06 20:50","46967573481","1506174776"
"áo khoác","0-360k","5","Màu sắc:tốt Chất liệu:tốt Đúng với mô tả:đúng Áo đẹp nhé mn nên chọn hẳn size to nhất nhé để mặc thoải mái ạ áo siêu chất lượng nha","Áo khoác gió nam nữ 2 lớp tráng bạc chống nước hiệu quả","2023-05-04 12:16","46967573481","1506174776"
"áo khoác","0-360k","5","Đúng với mô tả:đúng Chất liệu:chống nước Màu sắc:xanh than Giao hàng nhanh, đóng gói cẩn thận, hàng đúng mô tả, đúng size số màu sắc, giá rẻ. Ủng hộ shop 5 sao","Áo khoác gió nam nữ 2 lớp tráng bạc chống nước hiệu quả","2025-09-03 08:09","46967573481","1506174776"
"áo khoác","0-360k","5","Áo gió chất lượng cao mẫu đẹp. Đường may 2 lớp chắc chắn. Shop tư vấn nhiệt tình. Giao hàng thì mới đặt tối mà chiều hôm sau đã có. Sẽ ủng hộ thêm. 5 sao.","Áo khoác gió nam nữ 2 lớp tráng bạc chống nước hiệu quả","2021-09-27 10:16","46967573481","1506174776"
"áo khoác","0-360k","5","Chất liệu:vải gió Đúng với mô tả:đúng hình Màu sắc:Vàng, xanh than, ghi Vải gió ấm. Đường may, kiểu dáng đẹp. Giá rẻ. Mua 3 cái đều đẹp","Áo khoác gió nam nữ 2 lớp tráng bạc chống nước hiệu quả","2023-10-16 12:02","46967573481","1506174776"
"áo khoác","0-360k","5","Màu sắc:đen nhám Đúng với mô tả:đúng Chất liệu:lưới mặt trong, mặt ngoài đen nhám Ổn trong tầm giá, v1m72 74kg cảm thấy vừa size 2xl","Áo khoác gió nam nữ 2 lớp tráng bạc chống nước hiệu quả","2023-08-31 20:45","46967573481","1506174776"
"áo khoác","0-360k","5","Chất liệu:tốt Màu sắc:Được Với giá tiền phải chăng mình hài lòng với sản phẩm mình nhận được. Mình mua 2 áo này để mặc chống rét khi đi trên đường. Mình sẽ mua thêm 1 chiếc nữa size to hơn","Áo khoác gió nam nữ 2 lớp tráng bạc chống nước hiệu quả","2022-12-09 11:20","46967573481","1506174776"
"áo khoác","0-360k","5","Shop giao hàng nhanh. Form áo đẹp, màu đẹp, mỗi tội lớp lưới trên ảnh mẫu là màu đen, còn khi nhận đc thì lại màu trắng","Áo khoác gió nam nữ 2 lớp tráng bạc chống nước hiệu quả","2021-11-19 10:31","46967573481","1506174776"
"áo khoác","0-360k","5","Đúng với mô tả:OK Màu sắc:xanh cổ vịt Chất liệu:không biết Hàng khá là đẹp, giao hàng nhanh, giá cả hợp lý lại được thêm mã giảm giá. Dùng ổn sẽ ủng hộ shop tiếp, cứ cho shop 5*.","Áo khoác gió nam nữ 2 lớp tráng bạc chống nước hiệu quả","2023-10-16 09:26","46967573481","1506174776"
"áo khoác","0-360k","5","Màu sắc:xanh than Chất liệu:gió Đúng với mô tả:đúng Áo đẹp, giao hàng nhanh chất lượng để mua nha mọi người, ủng hộ lần sau","Áo khoác gió nam nữ 2 lớp tráng bạc chống nước hiệu quả","2023-10-15 16:46","46967573481","1506174776"
"áo khoác","0-360k","1","Đặt màu nâu giao màu đen rất thất vọng","Áo Phao Nam Lót Lông Cừu Đen, Kem, Nâu - Chất Vải Dày Dặn, Giữ Ấm Tốt, Nhiều Size Lựa Chọn","2026-02-09 15:34","54616598735","1506174776"
"áo khoác","0-360k","1","Chất liệu:vai thô Màu sắc:den đặt mua áo phao nót bông mà shop giao cho cái áo k có nót bông như quảng cáo vải xấu điên","Áo Phao Nam Lót Lông Cừu Đen, Kem, Nâu - Chất Vải Dày Dặn, Giữ Ấm Tốt, Nhiều Size Lựa Chọn","2026-09-17 10:25","54616598735","1506174776"
"áo khoác","0-360k","1","Chất liệu:vải khá ổn nhưng không đúng như mô tả Màu sắc:đen tôi đặt áo lót lông vũ mà hàng giao về không thấy lót lông","Áo Phao Nam Lót Lông Cừu Đen, Kem, Nâu - Chất Vải Dày Dặn, Giữ Ấm Tốt, Nhiều Size Lựa Chọn","2026-09-28 12:45","54616598735","1506174776"
"áo khoác","0-360k","1","Chất liệu:hàng mua về siêu nhăn nheo còn cả chỉ thừa","Áo Phao Nam Lót Lông Cừu Đen, Kem, Nâu - Chất Vải Dày Dặn, Giữ Ấm Tốt, Nhiều Size Lựa Chọn","2026-09-20 16:44","54616598735","1506174776"
"áo khoác","0-360k","2","Màu k giốg trong hình","Áo Phao Nam Lót Lông Cừu Đen, Kem, Nâu - Chất Vải Dày Dặn, Giữ Ấm Tốt, Nhiều Size Lựa Chọn","2026-01-15 20:38","54616598735","1506174776"
"áo khoác","0-360k","2","Hàng không như mong đợi","Áo Phao Nam Lót Lông Cừu Đen, Kem, Nâu - Chất Vải Dày Dặn, Giữ Ấm Tốt, Nhiều Size Lựa Chọn","2024-12-21 14:13","54616598735","1506174776"
"áo khoác","0-360k","2","Biết là rẻ nhưng buôn bán cho nó giống như hình ảnh  Trên hình ảnh thì có lông nhưng thật ra thì không có lông","Áo Phao Nam Lót Lông Cừu Đen, Kem, Nâu - Chất Vải Dày Dặn, Giữ Ấm Tốt, Nhiều Size Lựa Chọn","2026-09-26 21:44","54616598735","1506174776"
"áo khoác","0-360k","3","Lớp lót lông bên trong không giống như miêu tả","Áo Phao Nam Lót Lông Cừu Đen, Kem, Nâu - Chất Vải Dày Dặn, Giữ Ấm Tốt, Nhiều Size Lựa Chọn","2026-09-23 16:36","54616598735","1506174776"
"áo khoác","0-360k","4","Giao nhanh đúng mẫu đúng màu đóng gói cẩn thận","Áo Phao Nam Lót Lông Cừu Đen, Kem, Nâu - Chất Vải Dày Dặn, Giữ Ấm Tốt, Nhiều Size Lựa Chọn","2025-12-15 18:01","54616598735","1506174776"
"áo khoác","0-360k","4","Chất liệu:chống nước Màu sắc:đẹp","Áo Phao Nam Lót Lông Cừu Đen, Kem, Nâu - Chất Vải Dày Dặn, Giữ Ấm Tốt, Nhiều Size Lựa Chọn","2026-01-28 12:02","54616598735","1506174776"
"áo khoác","0-360k","4","Form áo hơi ngắn. Mình 1m70 mà mặc size XL vẫn bị ngắn","Áo Phao Nam Lót Lông Cừu Đen, Kem, Nâu - Chất Vải Dày Dặn, Giữ Ấm Tốt, Nhiều Size Lựa Chọn","2025-12-03 08:08","54616598735","1506174776"
"áo khoác","0-360k","4","Màu sắc:ok Đúng với mô tả:d Chất liệu:d Ài ố sì mà charm sốp này xinh thế 🥹🥹🥹  Đang k biết chọn mẫu nào vì nào cũng xinh hết =)))))))￼","Áo Phao Nam Lót Lông Cừu Đen, Kem, Nâu - Chất Vải Dày Dặn, Giữ Ấm Tốt, Nhiều Size Lựa Chọn","2025-12-08 23:10","54616598735","1506174776"
"áo khoác","0-360k","5","Áo nhà Julido giá tốt,chất lượng,ấm áp,nhẹ. Tôi đã mua nhiều lần bên shop,áo đợt này lót lông mà vàng ko phải màu trắng như mấy lần trc.Tks shop nhé,sẽ ủng hộ thêm sau🤝👌","Áo Phao Nam Lót Lông Cừu Đen, Kem, Nâu - Chất Vải Dày Dặn, Giữ Ấm Tốt, Nhiều Size Lựa Chọn","2025-01-24 12:19","54616598735","1506174776"
"áo khoác","0-360k","5","Chất liệu:chất liệu áo dày dặn mặc ấm Màu sắc:đẹp ổn định. hài lòng Áo khoác phao có lót lông cừu. Áo dày dặn có 3 lớp. Đường may đẹp chắc chắn. Giao hàng nhanh. Giá hợp lý","Áo Phao Nam Lót Lông Cừu Đen, Kem, Nâu - Chất Vải Dày Dặn, Giữ Ấm Tốt, Nhiều Size Lựa Chọn","2025-12-19 09:18","54616598735","1506174776"
"áo khoác","0-360k","5","Áo đẹp vs dày dặn lắm nha mn , mik săn đc có 285 mà áo chất lượng  💯 , lông mềm , ấm , chi tiết đường may tỉ mỉ không bị chỉ thừa","Áo Phao Nam Lót Lông Cừu Đen, Kem, Nâu - Chất Vải Dày Dặn, Giữ Ấm Tốt, Nhiều Size Lựa Chọn","2025-01-20 10:57","54616598735","1506174776"
"áo khoác","0-360k","5","Độ ấm:Áo khoác rất dày dặn, giữ ấm tốt Chất liệu:chất liệu áo dày dặn , vải ngoài chống nc nhồi bông tốt Lót lông:lớp lót lông cừu mềm , mặc vào rất ấm áp Mik rất thích sp này, săn dc giá ổn nữa , chất lượng thì khỏi phải bàn siêu xịn luoin .Giao hàng nhanh lắm .Nói chung mik rất thích nên mua nha mn ❤️❤️","Áo Phao Nam Lót Lông Cừu Đen, Kem, Nâu - Chất Vải Dày Dặn, Giữ Ấm Tốt, Nhiều Size Lựa Chọn","2026-02-25 11:36","54616598735","1506174776"
"áo khoác","0-360k","5","Đúng với mô tả:10 đỉm Chất liệu:đê mê Màu sắc:chuẩn Áo siu xinh chất lượng giá cả hợp lý. Chất vải đẹp giặt máy thoải mái hình in sắc nét. Shop giao hàng nhanh đóng gói túi zip cẩn thận nữa","Áo Phao Nam Lót Lông Cừu Đen, Kem, Nâu - Chất Vải Dày Dặn, Giữ Ấm Tốt, Nhiều Size Lựa Chọn","2024-10-29 16:01","54616598735","1506174776"
"áo khoác","0-360k","5","Màu sắc:đen Chất liệu:nhẹ nhưng ấm Đúng với mô tả:giống hệt Áo đẹp, có 2 lớp, from rộng thoải mái nhìn siêu sang, siêu dày. mặc ok mà lạnh thì chắn gió. Với tầm giá này quá là ok chất lượng. Mình rất thích luôn. Đi đâu cũng lôi ẻm đi mặc hết trơn, riết rồi cả mùa tết lười cởi áo khoác vì quá đẹp kkkk","Áo Phao Nam Lót Lông Cừu Đen, Kem, Nâu - Chất Vải Dày Dặn, Giữ Ấm Tốt, Nhiều Size Lựa Chọn","2024-10-30 20:34","54616598735","1506174776"
"áo khoác","0-360k","5","Màu sắc:den Đúng với mô tả:dung mo ta Chất liệu:vai Đã nhận được hàng của shop, áo rất ấm, chất dày dặn, giữ nhiệt tốt","Áo Phao Nam Lót Lông Cừu Đen, Kem, Nâu - Chất Vải Dày Dặn, Giữ Ấm Tốt, Nhiều Size Lựa Chọn","2025-12-24 17:32","54616598735","1506174776"
"áo khoác","0-360k","5","Chất liệu:tốt. Dày dặn. Ấm Màu sắc:đen lót lông Đúng với mô tả:đúng mô tả Hàng oke. Giao hàng nhanh. Áo rất ấm. Nên mua 👍","Áo Phao Nam Lót Lông Cừu Đen, Kem, Nâu - Chất Vải Dày Dặn, Giữ Ấm Tốt, Nhiều Size Lựa Chọn","2025-11-13 21:46","54616598735","1506174776"
"áo khoác","0-360k","5","Chất liệu:mem Độ dày:day dan Màu sắc:dep Chất liệu áo phao dày dặn, ấm êm mềm mại, màu kem rất đẹo và nhã nhặn, mặc siêu ấm, phù hợp thời tiết đại hàn ngoài bắc","Áo Phao Nam Lót Lông Cừu Đen, Kem, Nâu - Chất Vải Dày Dặn, Giữ Ấm Tốt, Nhiều Size Lựa Chọn","2026-01-08 22:28","54616598735","1506174776"
"áo khoác","0-360k","5","Sản phẩm có chất lượng tốt, thiết kế gọn gàng và sử dụng đúng như mô tả. Chất liệu/hiệu năng đáp ứng tốt nhu cầu sử dụng hằng ngày, độ bền ổn định, thao tác dễ dàng. Giá cả hợp lý so với chất lượng nhận được. Tổng thể đây là sản phẩm đáng cân nhắc và phù hợp với nhiều đối tượng người dùng.","Áo Phao Nam Lót Lông Cừu Đen, Kem, Nâu - Chất Vải Dày Dặn, Giữ Ấm Tốt, Nhiều Size Lựa Chọn","2026-01-30 13:35","54616598735","1506174776"
"áo khoác","0-360k","5","Đúng với mô tả:Đúng Màu sắc:Đen Chất liệu:lót lông Áo khoác phao nam ALIZA là áo khoác được lót một lớp vải nhân tạo có kết cấu giống lông cừu bên trong để tăng cường khả năng giữ ấm, mềm mại và thoáng khí. Lớp lót này thường làm từ sợi polyester tổng hợp, tạo cảm giác ấm áp và thoải mái trong thời tiết lạnh.","Áo Phao Nam Lót Lông Cừu Đen, Kem, Nâu - Chất Vải Dày Dặn, Giữ Ấm Tốt, Nhiều Size Lựa Chọn","2025-12-02 23:28","54616598735","1506174776"
"áo khoác","0-360k","5","Độ dày:Day vua Chất liệu:day dan Màu sắc:mau sac dep Mình vừa nhận được sản phẩm mua trên Shopee và thật sự rất hài lòng. Hàng được đóng gói cẩn thận, chắc chắn, không bị móp méo hay hư hỏng trong quá trình vận chuyển. Thời gian giao hàng khá nhanh, đúng như mô tả của shop. Sản phẩm bên trong đúng mẫu, đúng màu, chất lượng tốt hơn mong đợi so với mức giá. Khi sử dụng cảm thấy tiện lợi, dễ dùng và đáp ứng đúng nhu cầu của mình. Shop tư vấn nhiệt tình, phản hồi tin nhắn nhanh và hỗ trợ rất tốt. Nhìn chung đây là một trải nghiệm mua sắm rất ổn, mình sẽ tiếp tục ủng hộ shop trong những lần mua sau và cũng sẵn sàng giới thiệu cho bạn bè.","Áo Phao Nam Lót Lông Cừu Đen, Kem, Nâu - Chất Vải Dày Dặn, Giữ Ấm Tốt, Nhiều Size Lựa Chọn","2026-01-22 11:18","54616598735","1506174776"
"áo khoác","0-360k","5","giao hàng nhanh đóng gói đẹp chất lượng sản phẩm tuyệt vời  hơn cả mình mong đợi chất áo dày ấm lắm áo có phần bo chun ở dưới nên bó sát vào người  mình m55-44kg mặc như ảnh nhé áo rộng lắm nếu ai muốn mặc vừa người thì mua size M nha","Áo Phao Nam Lót Lông Cừu Đen, Kem, Nâu - Chất Vải Dày Dặn, Giữ Ấm Tốt, Nhiều Size Lựa Chọn","2024-11-30 12:36","54616598735","1506174776"
"áo khoác","0-360k","5","Ta nói áo nó đẹp, hình sao là hàng v luôn á. Áo có chần bông, bên trong lại lót lớp lông như hình nè. Mà giặt tay phơi chưa đc 2 nắng là áo khô nè.","Áo Phao Nam Lót Lông Cừu Đen, Kem, Nâu - Chất Vải Dày Dặn, Giữ Ấm Tốt, Nhiều Size Lựa Chọn","2025-12-20 18:37","54616598735","1506174776"
"áo khoác","0-360k","5","Chất vải ổn, khá êm và ấm. Hàng nhận khá giống vs mẫu. Áo phao phải chi có khóa kéo thì sẽ tốt hơn. Có 1 túi ẩn bên trong có thể bỏ vừa 1 đth kèm ví","Áo Phao Nam Lót Lông Cừu Đen, Kem, Nâu - Chất Vải Dày Dặn, Giữ Ấm Tốt, Nhiều Size Lựa Chọn","2025-07-19 16:51","54616598735","1506174776"
"áo khoác","0-360k","5","Xuất sắc với chiếc áo giá chưa đc 200xu. Dày dặn với lớp lông mê luôn ạ. Cầm cái áo nặng tay.Bạn nào người không quá mập thì nên lấy lùi lại 1 size","Áo Phao Nam Lót Lông Cừu Đen, Kem, Nâu - Chất Vải Dày Dặn, Giữ Ấm Tốt, Nhiều Size Lựa Chọn","2025-12-19 21:08","54616598735","1506174776"
"áo khoác","0-360k","5","Độ ấm:toot Vật liệu:mem mai Màu sắc:ddwn Đóng gói kỹ, giao hàng nhanh chóng. Chất liệu áo rất dày và mềm mại. Áo mặc vào thì rất ấm luôn","Áo Phao Nam Lót Lông Cừu Đen, Kem, Nâu - Chất Vải Dày Dặn, Giữ Ấm Tốt, Nhiều Size Lựa Chọn","2025-11-15 20:54","54616598735","1506174776"
"áo khoác","0-360k","5","Chất liệu:ấm Màu sắc:đẹp Độ vừa vặn:ok Giao hàng khá nhanh chóng, gói hàng cẩn thận, áo phao đẹp, mặc ấm, cản nước cản gió tốt, lót lông k quá dày, áo phao nhẹ","Áo Phao Nam Lót Lông Cừu Đen, Kem, Nâu - Chất Vải Dày Dặn, Giữ Ấm Tốt, Nhiều Size Lựa Chọn","2025-11-09 14:45","54616598735","1506174776"
"áo khoác","0-360k","5","Chất liệu:áo mặc vừa vặn Màu sắc:đen Giao hàng nhanh. Sản phẩm đúng với mô tả. Chất lượng ok. Mua màu đen size to cho ông xã mà nhìn ưng quá. Đang tính mua size nhỏ cho mình.","Áo Phao Nam Lót Lông Cừu Đen, Kem, Nâu - Chất Vải Dày Dặn, Giữ Ấm Tốt, Nhiều Size Lựa Chọn","2025-11-04 22:02","54616598735","1506174776"
"áo khoác","0-360k","5","Màu sắc:màu đen Chất liệu:vải Đúng với mô tả:đúng Áo rẻ nhưng mà chất lượng lắm  Mê nha ấm cực luôn  Mình mua có hơn trăm k 1 cái thôi","Áo Phao Nam Lót Lông Cừu Đen, Kem, Nâu - Chất Vải Dày Dặn, Giữ Ấm Tốt, Nhiều Size Lựa Chọn","2025-12-14 10:00","54616598735","1506174776"
"áo khoác","0-360k","1","Hàng quá ư là tệ. Chờ hàng về mãi vì ship lâu ai ngờ thất vọng tràn trề. Shop thì đúng là các mẹ thiên hạ không đáng trải nghiệm","Áo khoác BOMBER nỉ 2 da JULIDO áo khoác nỉ logo M thêu nổi dày dặn (FORM BOXY)","2026-02-06 11:15","52817983443","1506174776"
"áo khoác","0-360k","1","Đ hiểu sao lúc đấy lại đặt cái áo này nữa,chắc ma che mắt,xấu thật sự:)))))","Áo khoác BOMBER nỉ 2 da JULIDO áo khoác nỉ logo M thêu nổi dày dặn (FORM BOXY)","2026-05-02 13:34","52817983443","1506174776"
"áo khoác","0-360k","1","Shop như các","Áo khoác BOMBER nỉ 2 da JULIDO áo khoác nỉ logo M thêu nổi dày dặn (FORM BOXY)","2025-12-26 12:58","52817983443","1506174776"
"áo khoác","0-360k","2","Giao sai size, mặc rất rộng, mình bị khó chịu với cách trả lời tin nhắn của shop","Áo khoác BOMBER nỉ 2 da JULIDO áo khoác nỉ logo M thêu nổi dày dặn (FORM BOXY)","2025-12-28 15:49","52817983443","1506174776"
"áo khoác","0-360k","2","Sản phẩm về đứt cúc , bị ố vàng vài chỗ","Áo khoác BOMBER nỉ 2 da JULIDO áo khoác nỉ logo M thêu nổi dày dặn (FORM BOXY)","2025-10-10 08:12","52817983443","1506174776"
"áo khoác","0-360k","3","lệch cúc","Áo khoác BOMBER nỉ 2 da JULIDO áo khoác nỉ logo M thêu nổi dày dặn (FORM BOXY)","2025-10-28 12:34","52817983443","1506174776"
"áo khoác","0-360k","4","Chất lượng sản phẩm:tốt nên mua Đúng với mô tả:đúng","Áo khoác BOMBER nỉ 2 da JULIDO áo khoác nỉ logo M thêu nổi dày dặn (FORM BOXY)","2026-08-15 13:23","52817983443","1506174776"
"áo khoác","0-360k","4","Áo đẹp mà màu hơi sáng dễ bẩn","Áo khoác BOMBER nỉ 2 da JULIDO áo khoác nỉ logo M thêu nổi dày dặn (FORM BOXY)","2025-12-29 11:50","52817983443","1506174776"
"áo khoác","0-360k","4","Chất liệu:chất mỏng hơn lúc đầu mjh mua","Áo khoác BOMBER nỉ 2 da JULIDO áo khoác nỉ logo M thêu nổi dày dặn (FORM BOXY)","2025-12-18 15:57","52817983443","1506174776"
"áo khoác","0-360k","4","Chất liệu:vai Màu sắc:đỏ Đúng với mô tả:đúng Ê ê nha. Nó xinh quá trời luôn ý mình ưng lắm luôn á 🥰 sẽ quay lại uh shop tiếp ạ 🫰","Áo khoác BOMBER nỉ 2 da JULIDO áo khoác nỉ logo M thêu nổi dày dặn (FORM BOXY)","2025-12-18 10:21","52817983443","1506174776"
"áo khoác","0-360k","4","cũng được chất tạm ổn ship nhanh giá này thì k đòi hỏi nhiều đâu ạ","Áo khoác BOMBER nỉ 2 da JULIDO áo khoác nỉ logo M thêu nổi dày dặn (FORM BOXY)","2025-11-28 16:30","52817983443","1506174776"
"áo khoác","0-360k","4","Vải ok","Áo khoác BOMBER nỉ 2 da JULIDO áo khoác nỉ logo M thêu nổi dày dặn (FORM BOXY)","2025-12-20 18:07","52817983443","1506174776"
"áo khoác","0-360k","5","Chất liệu:vair Màu sắc:be Đúng với mô tả:đúng M53 40kg mang sz M, đẹp nha, không quá to hay quá nhỏ mang thoải mái, chất vải manh mát đáng để mua!!!","Áo khoác BOMBER nỉ 2 da JULIDO áo khoác nỉ logo M thêu nổi dày dặn (FORM BOXY)","2025-01-07 20:00","52817983443","1506174776"
"áo khoác","0-360k","5","Màu sắc:đen Đúng với mô tả:đúng giống với mô tả Chất liệu:nỉ hai da giao hàng nhanh  áo đẹp  đáng tiền  mua đúng đợt sale nên giá mềm 😁","Áo khoác BOMBER nỉ 2 da JULIDO áo khoác nỉ logo M thêu nổi dày dặn (FORM BOXY)","2025-02-21 12:42","52817983443","1506174776"
"áo khoác","0-360k","5","Màu sắc:xam Đúng với mô tả:đẹp Chất liệu:vải Áo đẹp lứm với giá này quá oke rồi màu đẹp như hình quá xinh luôn mặc sáng da nha. Nói chung quá tuyệt vời đẹp quá sẽ mua ủng hộ shop tiếp lần sau, sản phẩm đẹp nha nói chung quá ổn phù hợp mặc thu hà nội phối một tí là dạo thu ngay","Áo khoác BOMBER nỉ 2 da JULIDO áo khoác nỉ logo M thêu nổi dày dặn (FORM BOXY)","2025-11-02 00:00","52817983443","1506174776"
"áo khoác","0-360k","5","Đúng với mô tả:đúng Chất liệu:vải Màu sắc:trắng Hàng tốt ngon bổ rẻ phù hợp với giá tiền đánv mua nhé mn ơi không nghĩ đẹp thế","Áo khoác BOMBER nỉ 2 da JULIDO áo khoác nỉ logo M thêu nổi dày dặn (FORM BOXY)","2025-03-21 20:24","52817983443","1506174776"
"áo khoác","0-360k","5","Áo 1 lớp mỏng vừa đủ nhá chất thun co giãn mặc thoải mái ok lắm màu ở ngoài là đỏ đô nhưng dô cam lại là đỏ sáng 😅  Săn đc vs giá hời nên ko thấy tiếc lắm còn đc shop tặng cho áo thun tay dài nữa quá xá đã","Áo khoác BOMBER nỉ 2 da JULIDO áo khoác nỉ logo M thêu nổi dày dặn (FORM BOXY)","2025-10-28 18:38","52817983443","1506174776"
"áo khoác","0-360k","5","Đúng với mô tả:rất tốt Màu sắc:xanh than Chất liệu:mịn màng dày dặn hợp với 4 mùa Mọi người nên mua,lần tới tôi sẽ mua tiếp màu Hồng 🫰🏻","Áo khoác BOMBER nỉ 2 da JULIDO áo khoác nỉ logo M thêu nổi dày dặn (FORM BOXY)","2025-03-29 20:11","52817983443","1506174776"
"áo khoác","0-360k","5","Chất liệu:tốt Đúng với mô tả:đúng Màu sắc:đen Áo siêu đẹp, rẻ, chats lượng, áo này mặc phối đồ siêu hợp , sẽ ủng hộ shop thêm nhiều lần nữa , shipper nhiệt tình","Áo khoác BOMBER nỉ 2 da JULIDO áo khoác nỉ logo M thêu nổi dày dặn (FORM BOXY)","2025-02-07 12:51","52817983443","1506174776"
"áo khoác","0-360k","5","Sản phẩm tuyệt vời, đúng với mô tả. Giao hàng nhanh chóng, shipper thân thiện dễ mến  Đóng gói cẩn thận, có thể thấy tâm huyết của người bán. Hộp không bị móp méo, vận chuyển rất tốt. Thời gian giao hàng nhanh chóng, tôi không phải chờ đợi quá lâu để nhận sản phẩm. Chất lượng sản phẩm vượt mong đợi. Tôi rất hài lòng với trải nghiệm mua hàng này.","Áo khoác BOMBER nỉ 2 da JULIDO áo khoác nỉ logo M thêu nổi dày dặn (FORM BOXY)","2025-12-14 13:42","52817983443","1506174776"
"áo khoác","0-360k","5","Đúng với mô tả:đúngggggg Màu sắc:xám Chất liệu:idkk Nó đpej chất lượng vô cùng áo 10 điểm luônn nmg nên mua ủng hộ shop nhaaa cutee","Áo khoác BOMBER nỉ 2 da JULIDO áo khoác nỉ logo M thêu nổi dày dặn (FORM BOXY)","2025-01-29 19:02","52817983443","1506174776"
"áo khoác","0-360k","5","Màu sắc:be Chất liệu:đúng đẹp mềm Đúng với mô tả:đúng Áo màu chuẩn chất vải đẹp kinh trươc mình mua áo giá 152k nay vào xem có 135k rẻ mà đẹp lắm shop tư vẫn nhiệt tình shop rep nhanh rcm mọi người mua nha lần sau sẽ mua lại 💯","Áo khoác BOMBER nỉ 2 da JULIDO áo khoác nỉ logo M thêu nổi dày dặn (FORM BOXY)","2025-01-05 12:08","52817983443","1506174776"
"áo khoác","0-360k","5","Chất liệu:vải cotton Màu sắc:đẹp Đúng với mô tả:đúng giá này thì vải như này ok lắm, mềm xịn, ít chỉ thừa, khá đứng form, nên mua nha mng","Áo khoác BOMBER nỉ 2 da JULIDO áo khoác nỉ logo M thêu nổi dày dặn (FORM BOXY)","2025-02-16 14:19","52817983443","1506174776"
"áo khoác","0-360k","5","Đúng với mô tả:đug Màu sắc:trắng kem Chất liệu:nỉ 2 da Áo đẹp form lên chuẩn đẹp, m68 mặc size to nhất chùm mông siêu rộng có túi nha áo đứng form","Áo khoác BOMBER nỉ 2 da JULIDO áo khoác nỉ logo M thêu nổi dày dặn (FORM BOXY)","2025-02-01 23:42","52817983443","1506174776"
"áo khoác","0-360k","5","Màu sắc:hồng pastel xinh lắm mấy bà Chất liệu:vải nỉ 2 da mặc đc cả hè lẫn đông Đúng với mô tả:chuẩn Ulatr cái áo xinh xĩu á shop oii, hàng đẹp nha . Thấy áo julido kiểu uy tín sẵn roii á mà giá có 150 cá quá là ưng.  Tui 1m58 , 40 kg size L oki nha nhưng mà bà nào cân nặng hơn tầm 45kg đổ đi thì size XL nha","Áo khoác BOMBER nỉ 2 da JULIDO áo khoác nỉ logo M thêu nổi dày dặn (FORM BOXY)","2025-01-24 19:30","52817983443","1506174776"
"áo khoác","0-360k","5","Màu sắc:đen Áo đẹp,m68 50kg size L vừa chứ k qua mông nha,ai muốn rộng xí thì nên đặt XL mà bomber này mặc vừa người mới xinh nèeeee.","Áo khoác BOMBER nỉ 2 da JULIDO áo khoác nỉ logo M thêu nổi dày dặn (FORM BOXY)","2024-12-15 18:12","52817983443","1506174776"
"áo khoác","0-360k","5","Đúng với mô tả:đúng với mô tả Chất liệu:nỉ 2 da Màu sắc:đen Áo rẻ mà đẹp , áp xu nên mình mua được áo rất rẻ ạ, lần sau sẽ mua lại với shop ạ","Áo khoác BOMBER nỉ 2 da JULIDO áo khoác nỉ logo M thêu nổi dày dặn (FORM BOXY)","2025-10-06 17:41","52817983443","1506174776"
"áo khoác","0-360k","5","Màu sắc:trắng Đúng với mô tả:đúng Chất liệu:nỉ, k quá dày cx k quá mỏng, mặc đẹp, form đẹp, tô dáng nha Ha mang tc minh hoạ nhận xu","Áo khoác BOMBER nỉ 2 da JULIDO áo khoác nỉ logo M thêu nổi dày dặn (FORM BOXY)","2025-10-20 09:24","52817983443","1506174776"
"áo khoác","0-360k","5","Shop đóng gói ok, chất áo dày dặn nhưng mát, mặc ở Sài Gòn ko bị nóng nha, toẹt vời. Form áo xuất sắc luôn mn ơi, mặc lên bao vibe học sinh dễ huông luôn. Cứ sợ XL bị rộng chứ ai dè vô dáng bao ưng 💗, đáng mua lắm luôn","Áo khoác BOMBER nỉ 2 da JULIDO áo khoác nỉ logo M thêu nổi dày dặn (FORM BOXY)","2025-03-23 12:52","52817983443","1506174776"
"áo khoác","0-360k","5","Đúng với mô tả:tuyệt với luônn Chất liệu:vải chắc vậy🥲 đẹp vãi đẹp chấn động má mới mua sợ màu nó hông đẹp nhận về mà ta nói nó đẹo kinh khủng, quá rẻe sẽ ủng hộ lại","Áo khoác BOMBER nỉ 2 da JULIDO áo khoác nỉ logo M thêu nổi dày dặn (FORM BOXY)","2025-01-21 13:04","52817983443","1506174776"
"áo khoác","0-360k","5","Mình cực kỳ hài lòng với chiếc áo khoác bomber này! Chất liệu dày dặn, đường may chắc chắn và form áo lên rất đẹp, tôn dáng. Màu sắc chuẩn như hình, dễ phối đồ với nhiều phong cách khác nhau. Mặc lên vừa ấm vừa thoải mái, rất thích hợp cho thời tiết se lạnh. Giao hàng nhanh, đóng gói cẩn thận. Nói chung là vượt mong đợi, đáng đồng tiền","Áo khoác BOMBER nỉ 2 da JULIDO áo khoác nỉ logo M thêu nổi dày dặn (FORM BOXY)","2025-04-24 15:01","52817983443","1506174776"
"áo khoác","0-360k","5","Đúng với mô tả:đúng Chất liệu:nỉ 2 da ko lông Màu sắc:đen Chất nỉ 2 da đẹp, ko có lông xù, mặc vài năm chắc vẫn ok","Áo khoác BOMBER nỉ 2 da JULIDO áo khoác nỉ logo M thêu nổi dày dặn (FORM BOXY)","2025-03-01 14:03","52817983443","1506174776"
"áo khoác","0-360k","4","Chất liệu:bình thường Giá này đi đôi với chất lượng","Hoodie Zip - Áo Khoác Nỉ Hoodie Zip Form Boxy Thêu Xù NQ30 HISTORICAL Form Rộng , Có Túi Trong Nam Nữ Unisex 2025","2025-08-15 21:41","46117573155","1506174776"
"áo khoác","0-360k","4","Áo xinh nha, chất khá dày dặn, mặc mùa đông sẽ ấm hơn, mũ 2 lớp..","Hoodie Zip - Áo Khoác Nỉ Hoodie Zip Form Boxy Thêu Xù NQ30 HISTORICAL Form Rộng , Có Túi Trong Nam Nữ Unisex 2025","2025-10-27 18:05","46117573155","1506174776"
"áo khoác","0-360k","5","Sản phẩm có chất lượng tốt, thiết kế đẹp và sử dụng rất tiện lợi. Giá cả hợp lý so với chất lượng. Sau một thời gian dùng, mình thấy hoạt động ổn định, đúng như mô tả. Rất hài lòng và sẽ ủng hộ tiếp trong tương lai.","Hoodie Zip - Áo Khoác Nỉ Hoodie Zip Form Boxy Thêu Xù NQ30 HISTORICAL Form Rộng , Có Túi Trong Nam Nữ Unisex 2025","2025-10-26 19:38","46117573155","1506174776"
"áo khoác","0-360k","5","Chất liệu:vải Đúng với mô tả:đúng với mô tả Màu sắc:xám trắng Nên mua nha mọi người vải kh dày lắm nma lên fom vẫn rất đẹp nha","Hoodie Zip - Áo Khoác Nỉ Hoodie Zip Form Boxy Thêu Xù NQ30 HISTORICAL Form Rộng , Có Túi Trong Nam Nữ Unisex 2025","2025-09-05 16:20","46117573155","1506174776"
"áo khoác","0-360k","5","Chất liệu:cực kỳ ấm a Màu sắc:Đẹp quá trời Đúng với mô tả:Trời ơi đẹp quá trời Chất ok nha hong dày lắm nhma ổn nè ko quá thất vọng oki lắm nhaa mũ siêu to lun á =))) quá trời rồi","Hoodie Zip - Áo Khoác Nỉ Hoodie Zip Form Boxy Thêu Xù NQ30 HISTORICAL Form Rộng , Có Túi Trong Nam Nữ Unisex 2025","2024-10-12 23:11","46117573155","1506174776"
"áo khoác","0-360k","5","Màu sắc:màu chuẩn Chất liệu:chất dày mịn lắm Đúng với mô tả:áo giống mẫu Chất lượng sản phẩm tuyệt vời luôn ý, sp thì quá là ưng ý,vừa in,vải đúng 100 nỉ bông sịn","Hoodie Zip - Áo Khoác Nỉ Hoodie Zip Form Boxy Thêu Xù NQ30 HISTORICAL Form Rộng , Có Túi Trong Nam Nữ Unisex 2025","2024-12-09 21:02","46117573155","1506174776"
"áo khoác","0-360k","5","Chất liệu:dày dặn Màu sắc:màu mặc được Đúng với mô tả:áo giống với hình Hàng ok, đẹp, mềm mại, dày dặn, như mô tả. Đáng tiền, nên mua. Ủng hộ cho 5 sao","Hoodie Zip - Áo Khoác Nỉ Hoodie Zip Form Boxy Thêu Xù NQ30 HISTORICAL Form Rộng , Có Túi Trong Nam Nữ Unisex 2025","2024-12-09 23:30","46117573155","1506174776"
"áo khoác","0-360k","5","nói gì nữa đi chời áo quá là đẹp luôn vải dày dặn lắm tui m50 nặng 45kg đặc size L là vừa chùm qua mông luôn mũ siêu to nha chữ thiêu chắc chắn lắm mặc lên nhìn sang hẳng luôn 🫶","Hoodie Zip - Áo Khoác Nỉ Hoodie Zip Form Boxy Thêu Xù NQ30 HISTORICAL Form Rộng , Có Túi Trong Nam Nữ Unisex 2025","2024-08-14 12:21","46117573155","1506174776"
"áo khoác","0-360k","5","Màu sắc:đỉnh Đúng với mô tả:đúng nha Chất liệu:thấy xịn nha "" chất liệu thì quá oce ko nghĩ với giá thế nào lại có 1 cái áo đẹp  nên mua nhé mn thề chất áo xịn vãi luôn ấy , màu giống ảnh mẫu nhma tớ chỉnh màu ảnh nên không giống á""","Hoodie Zip - Áo Khoác Nỉ Hoodie Zip Form Boxy Thêu Xù NQ30 HISTORICAL Form Rộng , Có Túi Trong Nam Nữ Unisex 2025","2024-09-03 19:10","46117573155","1506174776"
"áo khoác","0-360k","5","Lần đầu mua sản phẩm bên mình, cảm thấy rất ưng ý, mẫu mã độc đáo, từ chất lượng đến khâu đóng gói, tất cả đều rất ok ạ, lần sau sẽ ủng hộ thêm ạ","Hoodie Zip - Áo Khoác Nỉ Hoodie Zip Form Boxy Thêu Xù NQ30 HISTORICAL Form Rộng , Có Túi Trong Nam Nữ Unisex 2025","2024-10-08 17:01","46117573155","1506174776"
"áo khoác","0-360k","5","Áo đẹp lắm vải dày màu sắc đẹp khóa kéo mượt rẻ tiền Nói chung là chất lượng cả về giá cả hạt dẻ nên tui cho 5 sao","Hoodie Zip - Áo Khoác Nỉ Hoodie Zip Form Boxy Thêu Xù NQ30 HISTORICAL Form Rộng , Có Túi Trong Nam Nữ Unisex 2025","2024-09-24 11:22","46117573155","1506174776"
"áo khoác","0-360k","5","Chất liệu:vai day Màu sắc:xám tiêu Đúng với mô tả:5 sao Em pass áo này mới về mà rộng qá em Pass lại 130k Ai mua nhắn sđt em 0384413004","Hoodie Zip - Áo Khoác Nỉ Hoodie Zip Form Boxy Thêu Xù NQ30 HISTORICAL Form Rộng , Có Túi Trong Nam Nữ Unisex 2025","2025-09-19 09:31","46117573155","1506174776"
"áo khoác","0-360k","5","Áo rất dày nhé mặc vào cực kỳ ấm và chống nắng cũng oke chất liệu của áo cũng làm mình thích nữa. Gia thành cũng phù hợp và phải chăng","Hoodie Zip - Áo Khoác Nỉ Hoodie Zip Form Boxy Thêu Xù NQ30 HISTORICAL Form Rộng , Có Túi Trong Nam Nữ Unisex 2025","2025-09-15 09:37","46117573155","1506174776"
"áo khoác","0-360k","5","Áo khoác ok nha form rộng nên ae nên đặt lùi lại 1 size Giá tiền vậy thì cũng ok Chất liệu cũng dày dặn","Hoodie Zip - Áo Khoác Nỉ Hoodie Zip Form Boxy Thêu Xù NQ30 HISTORICAL Form Rộng , Có Túi Trong Nam Nữ Unisex 2025","2025-09-28 08:29","46117573155","1506174776"
"áo khoác","0-360k","5","Áo màu rất đẹp, phải gọi là chuẩn màu như hình luôn. Chất vải so với giá thành thì quá là chất lượng 10₫ ❤️❤️❤️ Mua 3 cái cái nào cũng ưng ý lunnn........ Áo siêu ưng luôn dáng Unisex form rộng, mặc tây cực kỳ","Hoodie Zip - Áo Khoác Nỉ Hoodie Zip Form Boxy Thêu Xù NQ30 HISTORICAL Form Rộng , Có Túi Trong Nam Nữ Unisex 2025","2025-10-06 22:20","46117573155","1506174776"
"áo khoác","0-360k","5","Màu sắc:xám trắng Đúng với mô tả:đúng Chất liệu:nỉ bông Áo dày lắm luôn í mũ to trùm đc mủ bảo hiểm săn đc giá hời thích cực","Hoodie Zip - Áo Khoác Nỉ Hoodie Zip Form Boxy Thêu Xù NQ30 HISTORICAL Form Rộng , Có Túi Trong Nam Nữ Unisex 2025","2024-09-08 11:35","46117573155","1506174776"
"áo khoác","0-360k","5","Áo màu rất đẹp, phải gọi là chuẩn màu như hình luôn. Chất vải so với giá thành thì quá là chất lượng 10₫ ❤️❤️❤️","Hoodie Zip - Áo Khoác Nỉ Hoodie Zip Form Boxy Thêu Xù NQ30 HISTORICAL Form Rộng , Có Túi Trong Nam Nữ Unisex 2025","2025-10-06 22:24","46117573155","1506174776"
"áo khoác","0-360k","5","Màu sắc:xam trang Đúng với mô tả:dung voi mo ta Chất liệu:day dan áo chất nỉ bông dày nha, form cx xinh, m53 mặc size L rộng vữa","Hoodie Zip - Áo Khoác Nỉ Hoodie Zip Form Boxy Thêu Xù NQ30 HISTORICAL Form Rộng , Có Túi Trong Nam Nữ Unisex 2025","2024-08-26 20:35","46117573155","1506174776"
"áo khoác","0-360k","5","Màu sắc:đúng đẹp vlon Chất liệu:nỉ bông(bên trong) Đúng với mô tả:đúngg Ê đẹp vcl cmay ơiii  T m55 42kg mang size L đúng guu,dài qua mông rộng rãi iuu lắm Nếu ai muốn mang đúng form thì đặt size M nhiaa","Hoodie Zip - Áo Khoác Nỉ Hoodie Zip Form Boxy Thêu Xù NQ30 HISTORICAL Form Rộng , Có Túi Trong Nam Nữ Unisex 2025","2024-08-31 11:21","46117573155","1506174776"
"áo khoác","0-360k","5","Chất liệu:đúng Màu sắc:đúng Đúng với mô tả:đúng Với giá tiền này mà mình k nghĩ nó chất lượng v luôn á mng, nên mua nha, vải ưng cực, dày mặc ấm lắm luôn k có chỉ thừa,nch mình thấy ổn lắm","Hoodie Zip - Áo Khoác Nỉ Hoodie Zip Form Boxy Thêu Xù NQ30 HISTORICAL Form Rộng , Có Túi Trong Nam Nữ Unisex 2025","2025-10-05 00:31","46117573155","1506174776"
"áo khoác","0-360k","5","Đúng với mô tả:đúng nhaa Màu sắc:xám trắng Chất liệu:tốt, bên trong thấy dày Ê siêu đẹp luôn á tr, áo to, nón to ok lắm nhaa Nó chỉ bị đen 1 xíu như trên hình thoii","Hoodie Zip - Áo Khoác Nỉ Hoodie Zip Form Boxy Thêu Xù NQ30 HISTORICAL Form Rộng , Có Túi Trong Nam Nữ Unisex 2025","2025-08-13 19:42","46117573155","1506174776"
"áo khoác","0-360k","5","Màu sắc:xam trang Chất liệu:nỉ Đúng với mô tả:đúng Ưng áo quá ạ, chất nỉ mát không quá dày cũng không quá mỏng thích hợp mặc mùa thu đông 10 điểm","Hoodie Zip - Áo Khoác Nỉ Hoodie Zip Form Boxy Thêu Xù NQ30 HISTORICAL Form Rộng , Có Túi Trong Nam Nữ Unisex 2025","2024-08-02 11:23","46117573155","1506174776"
"áo khoác","0-360k","1","size S 35-44kg gì mà áo chà bá 60-70kg mặc còn vừa","Áo Hoodie Nỉ Zip Unisex Họa Tiết Mèo Cute, Chất Liệu Mềm Mại","2026-10-01 13:04","54716598656","1506174776"
"áo khoác","0-360k","1","Chất liệu:hàng dính mực mà đổi trả k đồng ý","Áo Hoodie Nỉ Zip Unisex Họa Tiết Mèo Cute, Chất Liệu Mềm Mại","2026-06-15 15:27","54716598656","1506174776"
"áo khoác","0-360k","3","Chất liệu:cũng Màu sắc:xám trắng Đúng với mô tả:.... Hình con mèo in trên áo hơi dễ bị bung","Áo Hoodie Nỉ Zip Unisex Họa Tiết Mèo Cute, Chất Liệu Mềm Mại","2026-01-11 13:19","54716598656","1506174776"
"áo khoác","0-360k","3","Đúng với mô tả:đúng hơi mỏng","Áo Hoodie Nỉ Zip Unisex Họa Tiết Mèo Cute, Chất Liệu Mềm Mại","2026-06-21 09:15","54716598656","1506174776"
"áo khoác","0-360k","3","Chất liệu:hơi mỏng cân nhắc trước khi mua Họa tiết:đẹp","Áo Hoodie Nỉ Zip Unisex Họa Tiết Mèo Cute, Chất Liệu Mềm Mại","2026-10-02 11:26","54716598656","1506174776"
"áo khoác","0-360k","3","Chất liệu:chất liệu mỏng,kh dày,hình con mèo chất lượng kém giặt 1 lần muốn tróc hình ra Màu sắc:tạm Kích cỡ:nhỏ,chật","Áo Hoodie Nỉ Zip Unisex Họa Tiết Mèo Cute, Chất Liệu Mềm Mại","2026-06-18 19:55","54716598656","1506174776"
"áo khoác","0-360k","4","Đúng với mô tả:áo hoodie unisex mèo cute Màu sắc:màu xám Chất liệu:nỉ Cũng khá dày , vải mềm , không có khóa kéo","Áo Hoodie Nỉ Zip Unisex Họa Tiết Mèo Cute, Chất Liệu Mềm Mại","2026-01-22 16:35","54716598656","1506174776"
"áo khoác","0-360k","4","Đúng với mô tả:giống trong ảnh Màu sắc:đẹp Chất liệu:vải tối","Áo Hoodie Nỉ Zip Unisex Họa Tiết Mèo Cute, Chất Liệu Mềm Mại","2025-07-24 13:09","54716598656","1506174776"
"áo khoác","0-360k","4","Chất liệu:được lắm nhe, mặc thoải mái k bị nặng cx k bị mỏng Màu sắc:đẹp, giống hình Kích cỡ:mình 1m55 44kg nữ, đối vs mình thì có vẻ khá vừa, nma thân áo sẽ k chạm tới mông nè cảm thấy khoá kéo mượt nma có vẻ k chc chắn lắm, nói chung cx rất oke","Áo Hoodie Nỉ Zip Unisex Họa Tiết Mèo Cute, Chất Liệu Mềm Mại","2026-06-25 13:31","54716598656","1506174776"
"áo khoác","0-360k","4","Chất liệu:mịn Màu sắc:đúng, đẹp Kích cỡ:hơi nhỏ so với mình nghĩ","Áo Hoodie Nỉ Zip Unisex Họa Tiết Mèo Cute, Chất Liệu Mềm Mại","2026-07-17 15:19","54716598656","1506174776"
"áo khoác","0-360k","4","Chất liệu:chất nỉ, không mềm lắm nhưng ổn nha Màu sắc:màu sắc đúng hình Kích cỡ:áo size xl, 65kg vừa Khoá hơi khó kéo","Áo Hoodie Nỉ Zip Unisex Họa Tiết Mèo Cute, Chất Liệu Mềm Mại","2026-07-03 18:40","54716598656","1506174776"
"áo khoác","0-360k","4","Chất liệu mỏng, đường kim mũi chỉ không được đẹp, nhưng nhìn khách quan mình thấy cũng ổn","Áo Hoodie Nỉ Zip Unisex Họa Tiết Mèo Cute, Chất Liệu Mềm Mại","2026-08-20 11:10","54716598656","1506174776"
"áo khoác","0-360k","5","Chất liệu vải dày dặn bằng thoải mái mặc suốt ngày dài. Màu sắc áo đẹp giống hình ảnh mô tả rõ ràng.. áo form rộng tre khuyết điểm tốt cho mọi người.","Áo Hoodie Nỉ Zip Unisex Họa Tiết Mèo Cute, Chất Liệu Mềm Mại","2026-07-10 15:15","54716598656","1506174776"
"áo khoác","0-360k","5","Đúng với mô tả:đúng Chất liệu:dày dặn Màu sắc:xám trắng Chất liệu dày mà cũng nhẹ lắm, khá ấm với lại shop gói hàng cũng hài phếtt🤭 v thì phải 5⭐ thui","Áo Hoodie Nỉ Zip Unisex Họa Tiết Mèo Cute, Chất Liệu Mềm Mại","2025-10-06 18:56","54716598656","1506174776"
"áo khoác","0-360k","5","Đúng với mô tả:rất đúng Chất liệu:vải Màu sắc:xám trắng Áo đẹp 10đ vải dành cho mùa hè lẫn mùa đông cực mát, mn nên mua shop này nha","Áo Hoodie Nỉ Zip Unisex Họa Tiết Mèo Cute, Chất Liệu Mềm Mại","2025-10-25 11:13","54716598656","1506174776"
"áo khoác","0-360k","5","Lúc mới mua về thì hơi lo cơ mà mở ra áo đẹp thật, dày dặn đúng mô tả, hình in chất lượng mặc lên đẹp cực, ưng áo lắm luôn tặng shop 5 sao sẽ ủng hộ shop tiếp","Áo Hoodie Nỉ Zip Unisex Họa Tiết Mèo Cute, Chất Liệu Mềm Mại","2025-12-05 00:27","54716598656","1506174776"
"áo khoác","0-360k","5","Chất liệu:ni Màu sắc:xam, trang Kích cỡ:rong Giao hàng nhanh đóng gói cẩn thận, vải đẹp đường may chất lượng. Chúc shop và shipper luôn bình an thịnh vượng","Áo Hoodie Nỉ Zip Unisex Họa Tiết Mèo Cute, Chất Liệu Mềm Mại","2026-06-17 10:05","54716598656","1506174776"
"áo khoác","0-360k","5","Chất liệu:nỉ bông Màu sắc:xám trắng Kích cỡ:size M Áo vừa vặn không chật và không quá to lớp vải mềm cũng không có mỏng mấy đang giá với số tiền","Áo Hoodie Nỉ Zip Unisex Họa Tiết Mèo Cute, Chất Liệu Mềm Mại","2026-06-16 11:09","54716598656","1506174776"
"áo khoác","0-360k","5","Chất liệu:ê nó khong có bị dày quá í mặc mát mà có lớp bông mỏng ở trong ấm qtr lun í mà mặc cả ngày hong nóng luonn Màu sắc:đẹp, y ảnh luôn Kích cỡ:tui m 48 33kg mặc size S vô tư luông, nó làm ng tui kh bị ốm ấy đẹp ngoài mong đợi luôn tr ơi😭😭 Nói chung là đẹp, rẻ, form rộng siêuu cưng luôn đáng mua lắm ấy ạ💗💗","Áo Hoodie Nỉ Zip Unisex Họa Tiết Mèo Cute, Chất Liệu Mềm Mại","2026-07-15 16:56","54716598656","1506174776"
"áo khoác","0-360k","5","Chất liệu:nỉ Màu sắc:xám Shop giao hàng nhanh. Đúng mẫu. Áo đẹp. Bé 11 tuổi 42kg mặc thoải mái.","Áo Hoodie Nỉ Zip Unisex Họa Tiết Mèo Cute, Chất Liệu Mềm Mại","2025-08-27 20:07","54716598656","1506174776"
"áo khoác","0-360k","5","Chất liệu:nỉ Đúng với mô tả:tuyệt Màu sắc:Xám trắng Chất vải ok dầy dặn hình in đẹp ko bị lem mặc vói áo dài khá đẹp","Áo Hoodie Nỉ Zip Unisex Họa Tiết Mèo Cute, Chất Liệu Mềm Mại","2026-07-29 13:53","54716598656","1506174776"
"áo khoác","0-360k","5","Đã nhận đc hàng đúng mô tả.. hàng dày dặn. Chất lượng .. mặc vào ấm 0:04","Áo Hoodie Nỉ Zip Unisex Họa Tiết Mèo Cute, Chất Liệu Mềm Mại","2025-12-19 00:48","54716598656","1506174776"
"áo khoác","0-360k","5","hop đóng gói cẩn thận. Áo mặc thoải mái form RỘNG, giao hàng nhanh","Áo Hoodie Nỉ Zip Unisex Họa Tiết Mèo Cute, Chất Liệu Mềm Mại","2025-12-05 00:29","54716598656","1506174776"
"áo khoác","0-360k","5","Chất liệu:Thoáng khí, mặc mùa mè mát rượi, mùa đông thì do bên trong có lớp nỉ nên vẫn ấm lứm Họa tiết:Mèo đáng yêu hihi Kích cỡ:Form rộng, dài phủ mông","Áo Hoodie Nỉ Zip Unisex Họa Tiết Mèo Cute, Chất Liệu Mềm Mại","2026-08-16 19:39","54716598656","1506174776"
"áo khoác","0-360k","5","Chất liệu:day dan Màu sắc:xam trang Kích cỡ:rong rai , thoai mai Nhận áo nhanh. Hơn ngoài mong đợi. Chất dày dặn. Rất ưng!!!","Áo Hoodie Nỉ Zip Unisex Họa Tiết Mèo Cute, Chất Liệu Mềm Mại","2026-06-03 12:09","54716598656","1506174776"
"áo khoác","0-360k","5","Sản phẩm trên cả tuyệt vời, hình ảnh chỉ mang tính chất nhận xu, giao hàng nhanh, gói hàng cẩn thận, nên mua nha mọi người, nhân viên giao hàng vui vẻ, thân thiện, mình sẽ tiếp tục ủng hộ Shop","Áo Hoodie Nỉ Zip Unisex Họa Tiết Mèo Cute, Chất Liệu Mềm Mại","2026-08-02 11:59","54716598656","1506174776"
"áo khoác","0-360k","5","chất áo dày, mềm, mũ to và áo có túi trong, đáng mua nha mng","Áo Hoodie Nỉ Zip Unisex Họa Tiết Mèo Cute, Chất Liệu Mềm Mại","2025-08-18 14:27","54716598656","1506174776"
"áo khoác","0-360k","5","Chất liệu:bl Duỗi tóc thường mất khoảng 2 đến 5 tiếng tại salon, tùy thuộc vào độ dài, độ dày, chất tóc và phương pháp duỗi (thẳng tự nhiên, cúp, hay duỗi hơi nước). Tóc ngắn hoặc mỏng có thể chỉ mất 2 tiếng, trong khi tóc dài, dày hoặc hư tổn cần nhiều thời gian hơn.","Áo Hoodie Nỉ Zip Unisex Họa Tiết Mèo Cute, Chất Liệu Mềm Mại","2026-02-03 17:53","54716598656","1506174776"
"áo khoác","0-360k","5","Shop giao hành nhanh,gói hàng cẩn thận.áo hợp với giá tiền,chất lượng ổn","Áo Hoodie Nỉ Zip Unisex Họa Tiết Mèo Cute, Chất Liệu Mềm Mại","2026-07-25 18:43","54716598656","1506174776"
"áo khoác","0-360k","5","Chất liệu:cung tam Màu sắc:de thuong Họa tiết:ok Shop giao hàng đúng hẹn, sản phẩm cũng tamh được. Hình anh mang tinh chat nhận xu","Áo Hoodie Nỉ Zip Unisex Họa Tiết Mèo Cute, Chất Liệu Mềm Mại","2026-04-29 12:50","54716598656","1506174776"
"áo khoác","0-360k","5","Chất liệu:Ok Họa tiết:đẹp vừa người đã đặt xl nhưng vẫn thấy vừa nhưng gu thích rộng hơn nhưng vẫn ok sẽ ủng hộ shop tiếp","Áo Hoodie Nỉ Zip Unisex Họa Tiết Mèo Cute, Chất Liệu Mềm Mại","2026-08-20 20:19","54716598656","1506174776"
"áo khoác","0-360k","5","Đúng với mô tả:đúng Màu sắc:xám tiêu Chất liệu:nỉ Áo đẹp lắm,dày dặn,giá lại quá rẻ so vs mấy shop khác bán hàng cùng loại,nên mua ạ,mình lười chụp hình sản phẩm quá shop thông cảm","Áo Hoodie Nỉ Zip Unisex Họa Tiết Mèo Cute, Chất Liệu Mềm Mại","2025-09-14 11:12","54716598656","1506174776"
"áo khoác","0-360k","1","Đúng với mô tả:khác hình","[ DRAGON.UN ] ÁO KHOÁC NAM , Áo Khoác Dù Nam-Nữ,Khoác Gió chống nắng 2 lớp dày dặn có túi trong và có nón rộng.","2025-07-17 11:41","42479002624","1506174776"
"áo khoác","0-360k","3","Không được đẹp lắm đâu mn. Kh nên mua nha 😅😅😅😅😅😎😀😰🥰😜😒🥰😒😒🥰😒🥺😩🥺😩🥺😩🥺🥺😩🥺😩😝😩😘😘😩😘","[ DRAGON.UN ] ÁO KHOÁC NAM , Áo Khoác Dù Nam-Nữ,Khoác Gió chống nắng 2 lớp dày dặn có túi trong và có nón rộng.","2025-03-24 08:27","42479002624","1506174776"
"áo khoác","0-360k","3","Chất liệu:khá là mỏng so với áo khoác dù thông thường Màu sắc:đúng Mình thấy chỉ may khá đểu chỉ 1 đường nhỏ và như v thì rất dễ bung chỉ và rách mong shop cải thiện chuyện này. Với lại sz khá khủng tại mình đặt sz S mà nó phải bằng áo khoác da sz xl hoặc 2xl luôn á","[ DRAGON.UN ] ÁO KHOÁC NAM , Áo Khoác Dù Nam-Nữ,Khoác Gió chống nắng 2 lớp dày dặn có túi trong và có nón rộng.","2026-08-14 16:55","42479002624","1506174776"
"áo khoác","0-360k","4","Đã mặc vài hôm rồi, khá ổn, vải dày dặn. Cái kéo khoá ở chính giữa hơi tệ xíu. Mình mua hơn 1 size mặc ổn","[ DRAGON.UN ] ÁO KHOÁC NAM , Áo Khoác Dù Nam-Nữ,Khoác Gió chống nắng 2 lớp dày dặn có túi trong và có nón rộng.","2026-06-09 01:06","42479002624","1506174776"
"áo khoác","0-360k","4","Chất liệu ko giống với mô tả lắm. Chữ trên áo ko phải in.  Nhưng đường vận chuyển xa, đơn đầu. Shipper cũng giao hàng nhanh lên mình đánh giá 4*","[ DRAGON.UN ] ÁO KHOÁC NAM , Áo Khoác Dù Nam-Nữ,Khoác Gió chống nắng 2 lớp dày dặn có túi trong và có nón rộng.","2024-04-20 12:50","42479002624","1506174776"
"áo khoác","0-360k","4","Chất liệu:vải Màu sắc:be Đúng với mô tả:ok Size S nma vẫn dài như size M, mua cho mẹ mà mặc như áo mưa @@, mong shop cải thiện","[ DRAGON.UN ] ÁO KHOÁC NAM , Áo Khoác Dù Nam-Nữ,Khoác Gió chống nắng 2 lớp dày dặn có túi trong và có nón rộng.","2024-12-18 15:15","42479002624","1506174776"
"áo khoác","0-360k","4","Túi trong ko được sâu lắm nói chung là ổn","[ DRAGON.UN ] ÁO KHOÁC NAM , Áo Khoác Dù Nam-Nữ,Khoác Gió chống nắng 2 lớp dày dặn có túi trong và có nón rộng.","2026-09-10 12:28","42479002624","1506174776"
"áo khoác","0-360k","4","Mỏng quá","[ DRAGON.UN ] ÁO KHOÁC NAM , Áo Khoác Dù Nam-Nữ,Khoác Gió chống nắng 2 lớp dày dặn có túi trong và có nón rộng.","2026-09-22 00:33","42479002624","1506174776"
"áo khoác","0-360k","5","Đúng với mô tả:đúng đúng Chất liệu:vải mát lắm Màu sắc:đen Giao hàng rất nhanh nha, mới sớm hqua tối nay thấy dìa rùi. Shop tư vấn rất ư là nhiệt tình, thân thiện, xu là cái logo hay cái miếng nhỏ trên áo nó bung (chắc là do tui lấy áo từ túi ra bung) mà shop hướng dẫn cho nó liền lại mà còn muốn đổi trả luôn, rất ưng shop điểm này nkaa. Áo đen cổ cao khá giống áo khoác mấy anh dzai hàn mặc rất đẹp lun í!!! Mũ trùm đầu to nha trùm đc cái nón bảo hiểm luôn :))). Nchung là áo shop rất đẹpp, tư vấn rấttt okelaa nếu có cơ hội sẽ đặt lại shop nhé!","[ DRAGON.UN ] ÁO KHOÁC NAM , Áo Khoác Dù Nam-Nữ,Khoác Gió chống nắng 2 lớp dày dặn có túi trong và có nón rộng.","2024-07-11 19:34","42479002624","1506174776"
"áo khoác","0-360k","5","Màu sắc:đen Đúng với mô tả:đúng Áo đẹp , mặc rất thoải mái ,áo gió nhưng 2 lớp , k mỏng nha. Cổ tay có thể điều chỉnh,  mũ trùm to","[ DRAGON.UN ] ÁO KHOÁC NAM , Áo Khoác Dù Nam-Nữ,Khoác Gió chống nắng 2 lớp dày dặn có túi trong và có nón rộng.","2023-11-15 18:22","42479002624","1506174776"
"áo khoác","0-360k","5","Đúng với mô tả:đúng Chất liệu:tốt Màu sắc:đen Shop chuẩn bị hàng và giao hàng siêu nhanh. Áo đẹp và không bị nhăn. Chống nước khá, nhanh khô, cổ cao, chắn gió tốt. Cảm ơn shop nhìu, sẽ mua thêm cái nữa. Mình cao 168, nặng 49kg, mặc size L khá thoải mái. Túi áo không sâu lắm nên không bỏ được nhìu đồ nhen.","[ DRAGON.UN ] ÁO KHOÁC NAM , Áo Khoác Dù Nam-Nữ,Khoác Gió chống nắng 2 lớp dày dặn có túi trong và có nón rộng.","2023-10-30 06:35","42479002624","1506174776"
"áo khoác","0-360k","5","Giao hàng nhanh, shop giao đúng màu mình order, séc kéo khá mượt mà không cứng, có đầy đủ 2 bên túi bên hông và túi trong. Áo lên màu chuẩn đẹp nhé mọi người, thường tui đọc rv thì thấy màu lên khá xấu thế nhưng khi được trực tiếp xem thì màu đẹp chuẩn không cần chỉnh nhé","[ DRAGON.UN ] ÁO KHOÁC NAM , Áo Khoác Dù Nam-Nữ,Khoác Gió chống nắng 2 lớp dày dặn có túi trong và có nón rộng.","2024-05-22 17:32","42479002624","1506174776"
"áo khoác","0-360k","5","Chất liệu:Tot Đúng với mô tả:Dung mo ta Màu sắc:Đen, xám ghi Shop đóng gói hàng đẹp, cẩn thận, chuẩn bị hàng nhanh. Sản phẩm chất lượng tốt, đúng mô tả. Áo khoác đường may đẹp, chắc chắn, không có chỉ thừa. Shop tư vấn nhiệt tình. Mình rất hài lòng về sản phẩm của shop. Mình sẽ tiếp tục ủng hộ shop!","[ DRAGON.UN ] ÁO KHOÁC NAM , Áo Khoác Dù Nam-Nữ,Khoác Gió chống nắng 2 lớp dày dặn có túi trong và có nón rộng.","2024-11-16 10:31","42479002624","1506174776"
"áo khoác","0-360k","5","Chất liệu:vai gio Đúng với mô tả:chuẩn Màu sắc:đen shop tư vấn nhiệt tình giao đúng mẫu  áo form đẹp k có chỉ thừa 2 lớp dày dặn, khuy và khoá áo chắc chắn","[ DRAGON.UN ] ÁO KHOÁC NAM , Áo Khoác Dù Nam-Nữ,Khoác Gió chống nắng 2 lớp dày dặn có túi trong và có nón rộng.","2023-09-16 21:08","42479002624","1506174776"
"áo khoác","0-360k","5","form đẹp chất dù mềm mịn mát đi ngoài trời chống nắng nhưng không bị bí nóng lót trong cũng là vải tốt đường nay chi tiết rõ ràng không chỉ thừa  có logo may bên hông  có phần chun tay có thể điều chỉnh phần bụng cũng có thể điều chỉnh được ahop tư vấn nhiệt tình giao hàng nhanh","[ DRAGON.UN ] ÁO KHOÁC NAM , Áo Khoác Dù Nam-Nữ,Khoác Gió chống nắng 2 lớp dày dặn có túi trong và có nón rộng.","2023-09-14 11:49","42479002624","1506174776"
"áo khoác","0-360k","5","Màu sắc:đen Chất liệu:vải dù chống gió Đúng với mô tả:đúng Ưu điểm: các chi tiết đều chỉn chu, cúc bấm chứ ko phải miếng dán-> bền. Mũ rộng ôm hết đầu. Áo nhiều lớp nêm ấm lắm. Dáng áo đẹp","[ DRAGON.UN ] ÁO KHOÁC NAM , Áo Khoác Dù Nam-Nữ,Khoác Gió chống nắng 2 lớp dày dặn có túi trong và có nón rộng.","2024-01-20 12:13","42479002624","1506174776"
"áo khoác","0-360k","5","Màu sắc:den Chất liệu:vải dù Đúng với mô tả:chuẩn Giao nhanh gói hàng cẩn thận Áo dày dặn lắm, form mặc đứng đẹp Vừa vặn.  Túi áo đầy đủ trong ngoài Đường may ok k có chỉ thừa","[ DRAGON.UN ] ÁO KHOÁC NAM , Áo Khoác Dù Nam-Nữ,Khoác Gió chống nắng 2 lớp dày dặn có túi trong và có nón rộng.","2023-09-14 16:08","42479002624","1506174776"
"áo khoác","0-360k","5","tôi đã nhận được hàng rồi đóng gói cẩn thận giao hàng nhanh chất lượng sản phẩm tuyệt vời tôi dùng rất ưng và rất thích mọi người nên mua nha đánh giá đủ tiêu chuẩn 5 sao","[ DRAGON.UN ] ÁO KHOÁC NAM , Áo Khoác Dù Nam-Nữ,Khoác Gió chống nắng 2 lớp dày dặn có túi trong và có nón rộng.","2026-01-03 19:55","42479002624","1506174776"
"áo khoác","0-360k","5","Áo ổn áp lắm nha ae , không có chỉ thừa size đúng mô tả, đi mưa đi nằng đều ok , vải đã test không có điểm chê giá cả thì ổn không có gì để nói.","[ DRAGON.UN ] ÁO KHOÁC NAM , Áo Khoác Dù Nam-Nữ,Khoác Gió chống nắng 2 lớp dày dặn có túi trong và có nón rộng.","2023-09-15 14:01","42479002624","1506174776"
"áo khoác","0-360k","5","Shop giao hàng nhanh lắm. Áo khoác rộng rãi, thoải mái, vải dù ko thấm nước, túi cũng to. Có cả túi ở mặt trong nữa.","[ DRAGON.UN ] ÁO KHOÁC NAM , Áo Khoác Dù Nam-Nữ,Khoác Gió chống nắng 2 lớp dày dặn có túi trong và có nón rộng.","2024-07-25 21:12","42479002624","1506174776"
"áo khoác","0-360k","5","Chất lượng sản phẩm:áo đẹp Đúng với mô tả:vải dù áo rất đẹp, vải dù mát, giao hàng siu nhanh, áo rộng phù hợp cho cả nam và nữ","[ DRAGON.UN ] ÁO KHOÁC NAM , Áo Khoác Dù Nam-Nữ,Khoác Gió chống nắng 2 lớp dày dặn có túi trong và có nón rộng.","2024-05-10 15:12","42479002624","1506174776"
"áo khoác","0-360k","5","Màu sắc:đen Chất liệu:gió Đúng với mô tả:đúng Áo đẹp chắc chắn shop tư vấn nhiệt tình mình sợ rộng nhưng áo về phom vừa đẹp chất liệu cũng OK sẽ tiếp tục ủng hộ shop","[ DRAGON.UN ] ÁO KHOÁC NAM , Áo Khoác Dù Nam-Nữ,Khoác Gió chống nắng 2 lớp dày dặn có túi trong và có nón rộng.","2023-09-15 11:50","42479002624","1506174776"
"áo khoác","0-360k","5","Màu sắc:xam Đúng với mô tả:ok Chất liệu:du Áo form và chất ok với giá tiền, shop giao nhanh, đóng gói cẩn thận, m7 70kg mặc XL vừa đẹp thoải mái","[ DRAGON.UN ] ÁO KHOÁC NAM , Áo Khoác Dù Nam-Nữ,Khoác Gió chống nắng 2 lớp dày dặn có túi trong và có nón rộng.","2024-07-31 00:48","42479002624","1506174776"
"áo khoác","0-360k","5","Đúng với mô tả:dung Chất liệu:kb Màu sắc:xám Đã nhận được hàng, đóng gói cẩn thận, giao hàng khá nhanh . Hy vọng chất lượng sản phẩm tốt","[ DRAGON.UN ] ÁO KHOÁC NAM , Áo Khoác Dù Nam-Nữ,Khoác Gió chống nắng 2 lớp dày dặn có túi trong và có nón rộng.","2024-11-17 07:43","42479002624","1506174776"
"áo khoác","0-360k","5","Đúng với mô tả:đúng Màu sắc:đen Chất liệu:thoáng Giao hàng nhanh,  đóng gói cẩn thận Cảm ơn shop rất nhiều Shipper giao hàng thân thiện","[ DRAGON.UN ] ÁO KHOÁC NAM , Áo Khoác Dù Nam-Nữ,Khoác Gió chống nắng 2 lớp dày dặn có túi trong và có nón rộng.","2023-10-17 10:32","42479002624","1506174776"
"áo khoác","0-360k","5","Đúng với mô tả:dung Chất liệu:dung Màu sắc:den Hình ảnh chỉ mang tính chất nhận su sản phẩm đẹp, chất lượng tốt, shop đóng gói kỹ càng, giao hàng nhanh, thái độ shipper tốt, vote shop 5 sao. Áo rất đẹp nên mua nha mọi người","[ DRAGON.UN ] ÁO KHOÁC NAM , Áo Khoác Dù Nam-Nữ,Khoác Gió chống nắng 2 lớp dày dặn có túi trong và có nón rộng.","2023-12-07 13:18","42479002624","1506174776"
"áo khoác","0-360k","5","Chất liệu:dc Đúng với mô tả:đúng Màu sắc:tốt Sản phẩm rẻ phù hợp với giá tiền shop gửi giao hàng nhanh đóng gói cẩn thận nên mua uy tín","[ DRAGON.UN ] ÁO KHOÁC NAM , Áo Khoác Dù Nam-Nữ,Khoác Gió chống nắng 2 lớp dày dặn có túi trong và có nón rộng.","2024-02-02 12:44","42479002624","1506174776"
"áo khoác","0-360k","5","Đúng với mô tả:đúng Chất liệu:sợi nhân tạo Màu sắc:đen Áo rộng vừa, mặc thoáng mát, che nắng tốt, các nút cài và khóa tốt, mình mua 2 cái","[ DRAGON.UN ] ÁO KHOÁC NAM , Áo Khoác Dù Nam-Nữ,Khoác Gió chống nắng 2 lớp dày dặn có túi trong và có nón rộng.","2025-02-04 02:27","42479002624","1506174776"
"áo khoác","0-360k","4","Chất liệu:mềm Đúng với mô tả:đúng mô tả Màu sắc:đẹp","Áo khoác Bomber dù hai lớp trượt nước cản gió chống tia UV ","2025-05-09 11:23","46668213745","1506174776"
"áo khoác","0-360k","4","Chất liệu:gió Đúng với mô tả:đúng Màu sắc:đen áo này t mua cho em t nên bé áo đẹp nên mua nhé hsjsncrsk","Áo khoác Bomber dù hai lớp trượt nước cản gió chống tia UV ","2025-10-23 12:15","46668213745","1506174776"
"áo khoác","0-360k","4","Màu sắc:đen Chất liệu:vải áo vừa vải đẹp , nhưng có chỗ có chỉ thừa, seiz M mà cx 36 kg mặc vừa:))","Áo khoác Bomber dù hai lớp trượt nước cản gió chống tia UV ","2025-08-14 11:58","46668213745","1506174776"
"áo khoác","0-360k","4","Đúng với mô tả:đúng Màu sắc:đen Chất liệu:vải gió Hơi to","Áo khoác Bomber dù hai lớp trượt nước cản gió chống tia UV ","2025-09-29 17:02","46668213745","1506174776"
"áo khoác","0-360k","5","Đúng với mô tả:đúng Chất liệu:dù Màu sắc:be Ưng lám cả nhà ạ mua ho người yêu mà thấy đẹp quá nên mặc luôn kkkkk chất đẹp mặc lên siêu mê luôn ý dày dặn lắm","Áo khoác Bomber dù hai lớp trượt nước cản gió chống tia UV ","2024-10-09 11:04","46668213745","1506174776"
"áo khoác","0-360k","5","Chất liệu:áo khoác gió 2 lớp Màu sắc:màu đen Đúng với mô tả:rất đúng Mặc đi học đi chơi rất đẹp, nên mua, nên mặc nha","Áo khoác Bomber dù hai lớp trượt nước cản gió chống tia UV ","2025-10-09 10:15","46668213745","1506174776"
"áo khoác","0-360k","5","áo khoác bomber này cả nam nữ mặc đều ok nhé, thích kiểu áo khoác như này tiện đẹp đi đâu khoác cũng ok thời tiết vào thu mát mát hoặc hơi lạnh chút mặc áo như này là phù hợp lắm, đẹp rẻ có 150 cành, quá ưng cho chiếc áo này từ chất liệu đến form dáng luôn mua sớm cho giá rẻ nhé, mình chụp cận chất cho các bạn tham khảo nhé đáng mua lắm nha","Áo khoác Bomber dù hai lớp trượt nước cản gió chống tia UV ","2024-09-19 02:11","46668213745","1506174776"
"áo khoác","0-360k","5","Chất liệu:toots Màu sắc:đen sản phẩm tốt vải gió mặc thích hợp cho tất cả các mùa có thể mặc đi chơi đi học đi làm và tất cả mọi nơi","Áo khoác Bomber dù hai lớp trượt nước cản gió chống tia UV ","2025-10-25 15:25","46668213745","1506174776"
"áo khoác","0-360k","5","Chất liệu:bomber Đúng với mô tả:đúng Màu sắc:be Mình rất thích kiểu dáng bomber trẻ trung của chiếc áo này. Màu sắc và form áo giúp mình trông năng động hơn hẳn.","Áo khoác Bomber dù hai lớp trượt nước cản gió chống tia UV ","2024-11-05 23:02","46668213745","1506174776"
"áo khoác","0-360k","5","Mình mua tặng ny sinh nhật nên chọn rất kỹ ạ, chất đẹp mặc khoác đẹp lắm nên tặng người yêu mình cũng thích mặc suốt , mà nữ mình mặc thử cũng thích lắm mình sẽ mua thêm 1 chiếc nữa để mặc đôi cùng ny nhé, 1 chiếc áo quá xịn xò luôn ạ quá đang mua chiếc áo này đúng kiểu vừa rẻ vừa đẹp ạ","Áo khoác Bomber dù hai lớp trượt nước cản gió chống tia UV ","2024-09-16 18:29","46668213745","1506174776"
"áo khoác","0-360k","5","Màu sắc:be Đúng với mô tả:đúng Chất liệu:gió Lớp lót bên trong rất mềm mại, mặc vào không bị bí hơi, rất thoải mái khi hoạt động.","Áo khoác Bomber dù hai lớp trượt nước cản gió chống tia UV ","2024-11-05 23:24","46668213745","1506174776"
"áo khoác","0-360k","5","Màu sắc:đen Đúng với mô tả:đúng Áo đẹp giá rẻ nx hai bên túi có khóa để tiền vào đó cx k sợ rơi 5*","Áo khoác Bomber dù hai lớp trượt nước cản gió chống tia UV ","2025-09-22 17:56","46668213745","1506174776"
"áo khoác","0-360k","5","Màu sắc:kem Chất liệu:chả bt Đúng với mô tả:đúng Áo đẹp nha mua đi mn","Áo khoác Bomber dù hai lớp trượt nước cản gió chống tia UV ","2024-11-10 18:08","46668213745","1506174776"
"áo khoác","0-360k","5","Chất liệu:đẹp Màu sắc:đẹp dày kh bị mỏng vừa ok","Áo khoác Bomber dù hai lớp trượt nước cản gió chống tia UV ","2024-12-17 11:46","46668213745","1506174776"
"áo khoác","0-360k","5","Màu sắc:đen Chất liệu:vải dù Đúng với mô tả:đúng với mô tả ✅ Áo đẹp","Áo khoác Bomber dù hai lớp trượt nước cản gió chống tia UV ","2025-08-11 17:18","46668213745","1506174776"
"áo khoác","0-360k","5","Màu sắc:den Đúng với mô tả:dung Chất liệu:vải gió áo đẹp, nên mua , đúng với hình ảnh , nhanh khô!","Áo khoác Bomber dù hai lớp trượt nước cản gió chống tia UV ","2025-10-06 17:59","46668213745","1506174776"
"áo khoác","0-360k","5","Các đường may chắc chắn và chất liệu tốt đảm bảo quần áo sử dụng được lâu dài.","Áo khoác Bomber dù hai lớp trượt nước cản gió chống tia UV ","2024-11-05 19:12","46668213745","1506174776"
"áo khoác","0-360k","5","Màu sắc:màu đen Chất liệu:chất dù Đúng với mô tả:đúng với mộ tả Áo siêu siêu đẹp vừa với người mặc rất thích","Áo khoác Bomber dù hai lớp trượt nước cản gió chống tia UV ","2025-10-19 16:30","46668213745","1506174776"
"áo khoác","0-360k","5","Chất liệu:yess Màu sắc:yess Mặc okk đẹp chống nc tốt mặc mát nên mua","Áo khoác Bomber dù hai lớp trượt nước cản gió chống tia UV ","2026-01-03 22:15","46668213745","1506174776"
"áo khoác","0-360k","5","Màu sắc:đen Chất liệu:ni lông Đúng với mô tả:đúng đẹp nha hợp để khoác vào mùa thu nên mua lắm lắm ạ","Áo khoác Bomber dù hai lớp trượt nước cản gió chống tia UV ","2025-09-22 14:08","46668213745","1506174776"
"áo khoác","0-360k","5","Áo đẹp đúng form chất liệu dày dặn đúng mô tả","Áo khoác Bomber dù hai lớp trượt nước cản gió chống tia UV ","2024-11-03 21:46","46668213745","1506174776"
"áo khoác","0-360k","5","Chất liệu:chất liệu vải dày ,chống gió tốt Màu sắc:màu sắc đa dạng phù hợp dễ lựa chọn","Áo khoác Bomber dù hai lớp trượt nước cản gió chống tia UV ","2025-11-18 16:47","46668213745","1506174776"
"áo khoác","0-360k","5","Áo chắn gió tốt thích hợp mặc vào mùa thu hay xuân, giá thành hợp lí","Áo khoác Bomber dù hai lớp trượt nước cản gió chống tia UV ","2025-11-09 07:57","46668213745","1506174776"
"áo khoác","0-360k","5","áo lì, form đẹp nha mng, mặc chống nắng ok á jzbab hsnsnchsjnc","Áo khoác Bomber dù hai lớp trượt nước cản gió chống tia UV ","2025-06-03 23:24","46668213745","1506174776"
"áo khoác","0-360k","1","Nó ko giống ảnh nhe  Huhu túi bị rách nữa chớ. Uổn tiền","Áo khoác denim unisex form rộng thoải mái, nhiều màu","2025-02-03 08:45","53262281928","1506174776"
"áo khoác","0-360k","2","Chất liệu:ok bao rách , bao trong thông với bao ngoài","Áo khoác denim unisex form rộng thoải mái, nhiều màu","2025-02-25 19:40","53262281928","1506174776"
"áo khoác","0-360k","2","Chất liệu:bò Đúng với mô tả:không Màu sắc:không giống trên ảnh","Áo khoác denim unisex form rộng thoải mái, nhiều màu","2025-02-08 18:31","53262281928","1506174776"
"áo khoác","0-360k","3","Màu sắc:ko đúng Chất liệu:ok Đúng với mô tả:ok","Áo khoác denim unisex form rộng thoải mái, nhiều màu","2025-01-22 21:23","53262281928","1506174776"
"áo khoác","0-360k","3","Đúng với mô tả:khong dung Màu sắc:den Giao hàng nhanh , áo như dùng qua rồi bị rách ở tay , nchung rẻ nên tạm chấp nhận","Áo khoác denim unisex form rộng thoải mái, nhiều màu","2026-09-22 10:34","53262281928","1506174776"
"áo khoác","0-360k","4","Màu sắc:xanh nhạt M8 66kg thì xxl hơi dài  nhưng không sao mag khá ổn áp","Áo khoác denim unisex form rộng thoải mái, nhiều màu","2024-03-10 10:30","53262281928","1506174776"
"áo khoác","0-360k","5","Đã nhận được hàng áo đẹp chất liệu dày dặn mặc thoải mái đường may chắc chắn shop thì nhiệt tình chu đáo đóng gói cẩn thận cám ơn shop nhiều","Áo khoác denim unisex form rộng thoải mái, nhiều màu","2023-11-10 00:44","53262281928","1506174776"
"áo khoác","0-360k","5","Chất liệu:denim Đúng với mô tả:đúng Màu sắc:xanh dương nhạt Chất áo dày dặn, cầm rất nặng tay, giao hàng nhanh, giá thành phù hợp chất lượng","Áo khoác denim unisex form rộng thoải mái, nhiều màu","2024-01-05 22:30","53262281928","1506174776"
"áo khoác","0-360k","5","Màu sắc:den Đúng với mô tả:chuan Chất liệu:jean Chất liệu mịn không bị xù 1m6 47 kg size m vừa lên dáng chuẩn không quá dài đóng gói cẩn thận giao hàng nhanh","Áo khoác denim unisex form rộng thoải mái, nhiều màu","2025-11-06 17:19","53262281928","1506174776"
"áo khoác","0-360k","5","Màu sắc:đen Chất liệu:bò Áo xinh lắm nhá.. nên mua nha mọi người. Mua áo đôi với ny cũng ưng lắm luôn. Chất liệu ok nặng tay. Cúc đầy đủ. Áo sz xl có túi thật trc ngực còn sz M k có nha…nhưng vẫn xinh lắm nhó.","Áo khoác denim unisex form rộng thoải mái, nhiều màu","2024-01-26 11:30","53262281928","1506174776"
"áo khoác","0-360k","5","Áo siêu siêu đẹp luôn nha mọi ngừoi, vải dày dặn form rất đẹp. Giao hàng rất nhanh. Rất tuyệt vời. Cho shop 5 sao. Sẽ ủng hộ shop nữa ạ❤️❤️❤️❤️❤️❤️❤️❤️","Áo khoác denim unisex form rộng thoải mái, nhiều màu","2024-01-06 16:25","53262281928","1506174776"
"áo khoác","0-360k","5","Hài lòng với chiếc áo này Chất vải ok, mặc mùa hè mùa thu ok luôn Mình cao m56 nặng 52kg size L vừa chiều dài người, mặc vẫn rộng rãi thoải mái nha Giao hàng nhanh, đóng gói cẩn thận","Áo khoác denim unisex form rộng thoải mái, nhiều màu","2024-01-03 13:35","53262281928","1506174776"
"áo khoác","0-360k","5","chất jean mềm Ship hàng nhanh, đóng gói cẩn thận. Quần lên form chuẩn, mặc vừa, không bí, không chật cũng không rộng ạ 👏 Sẽ quay lại ủng hộ shop lần nữa","Áo khoác denim unisex form rộng thoải mái, nhiều màu","2024-07-21 11:26","53262281928","1506174776"
"áo khoác","0-360k","5","Sản phẩm giống hình, chất vải mát, mỏng, phù hợp với giá tiền, mình mua chủ yếu mặc đi nắng nên thấy rất ok lun. Cám ơn shop nhiều, shop giao hàng quá nhanh lun, đóng gói chắc chắn","Áo khoác denim unisex form rộng thoải mái, nhiều màu","2023-11-27 09:31","53262281928","1506174776"
"áo khoác","0-360k","5","Chất liệu:ko bết Đúng với mô tả:đúng Màu sắc:xanh nhạt, xanh nhạt mài Hàng giao nhanh lắm, áo còn đẹp nữa đúng là ko cất công chờ đợi xuất sắc luôn mn nên đặt nha  Mình 52kg cao m63 nha","Áo khoác denim unisex form rộng thoải mái, nhiều màu","2024-12-27 11:40","53262281928","1506174776"
"áo khoác","0-360k","5","Cảm ơn shop nhiều lm áo rất là đẹp vải dày fom chuẩn lm ah,chắc tại e lùn hay s ý sezi L thôi đã qua mông r ấy nhìn mk cứ ngắn tũn ấy bt mà mua áo bò áo khoác tìan xl thôi giờ chọn sezi L mà vẫn thấy to dài ý nói chung nên mua có cơ hội sẽ ủng hộ shop nhiều lần ạ","Áo khoác denim unisex form rộng thoải mái, nhiều màu","2023-07-24 12:25","53262281928","1506174776"
"áo khoác","0-360k","5","Áo đẹp lắm ạ, size S dài 68cm nha, cổ tay áo cực đẹp, mình rất thích mấy cái cúc áo. Cổ áo form đẹp nha. Áo cực đẹp, 10 điểm. Cám ơn shop đã phục vụ","Áo khoác denim unisex form rộng thoải mái, nhiều màu","2023-12-26 22:32","53262281928","1506174776"
"áo khoác","0-360k","5","Đúng với mô tả:đúng Chất liệu:đẹp Màu sắc:đen thui đẹp nha cả nhà , hàng siêu nặng tay luôn . Giao cũng nhanh lắm ạ . Mình mua với giá 175🐠 mà được như này thì quá ư là đẹp và xịn luôn ạ . Cảm ơn shop 🧸 . Mình thích mặc khoác rộng nên 2xl thấy vừa luôn ạ . Mình 1m58 55kg","Áo khoác denim unisex form rộng thoải mái, nhiều màu","2024-07-12 21:37","53262281928","1506174776"
"áo khoác","0-360k","5","Giao hàng nhanh. Nhận sp gặp anh giao hàng vui vẻ. Đóng gói kỹ. Sp rất đẹp. Vải mềm. Các bạn yên tâm chất về vải nha. Thử rất vừa. Chưa giặt nên ko biết có ra màu hay ko. Giá rẻ thích nha. Cho 5 sao.","Áo khoác denim unisex form rộng thoải mái, nhiều màu","2023-12-08 17:40","53262281928","1506174776"
"áo khoác","0-360k","5","Vải khá dày, cầm nặng tay, màu ok, giao hàng nhanh, k bị lỗi. Mình mặc lên dáng tương đối ổn, có túi đút tay 2 bên và túi trong khá ok. May lựa size L nên thấy chiều dài ổn do cao 1m64, trc shop tư vấn M. Chưa giặt nên k rõ sau giặt vải ra sao và có phai k nữa","Áo khoác denim unisex form rộng thoải mái, nhiều màu","2023-12-06 07:29","53262281928","1506174776"
"áo khoác","0-360k","5","Chất liệu:bò dày nặng lắm Màu sắc:đen Mk m6 đặt XL dài ngang đùi nha. Nặng tay lắm. Áo đẹp chất lượngggggggg. Shop tư vấn nhiệt tình nhaaaa và giao hàng nhanh lắm tầm 3 ngày là nhận đc rrrrrrrr❤❤❤❤❤❤❤❤❤","Áo khoác denim unisex form rộng thoải mái, nhiều màu","2022-11-19 11:24","53262281928","1506174776"
"áo khoác","0-360k","5","Áo đẹp mà thơm lắm nha. Ko ngờ mua dc với giá rẻ để tặng chồng mình. Đáng mua lắm mọi người ơi. Nhân viên giao hàng lễ phép dễ thương nữa. Tặng shop 10 sao nè","Áo khoác denim unisex form rộng thoải mái, nhiều màu","2023-12-07 22:07","53262281928","1506174776"
"áo khoác","0-360k","5","Tr ơi  135k vs tui nhận về 1 chiếc áo  À ko , nó là 1 siêu phẩm  Chất vải dày dặn , áo mới , có túi đồ này nọ  Túi trg túi ngoài rất xịn á tr Ko thể tin nổi  Mn phải mua nha","Áo khoác denim unisex form rộng thoải mái, nhiều màu","2023-09-12 12:33","53262281928","1506174776"
"áo khoác","0-360k","5","Chất liệu:jean Đúng với mô tả:đúng Màu sắc:đen, size xl Hàng vải dày dặn. Có túi thiệt với túi trong. Minh chọn giao hoả tốc vì cần gấp. Mà shop rất nhiệt tình và liên hệ giao liền cho mình trong vòng mấy tiếng đồng hồ ( mình ở TP HCM ). Cảm ơn shop, sẽ ủng hộ shop tiếp ạ.","Áo khoác denim unisex form rộng thoải mái, nhiều màu","2023-10-05 17:37","53262281928","1506174776"
"áo khoác","0-360k","5","Chất liệu:jeans Màu sắc:đen Đúng với mô tả:đúng với mô tả Áo đẹp xuất sắc nhóe các bạn  Đáng tiền lắm nha Shipper thân thiện cực luôn ý  Mình cao m60 mặc xl trùm mông nói chung là ưng hiuhiu","Áo khoác denim unisex form rộng thoải mái, nhiều màu","2022-10-28 10:46","53262281928","1506174776"
"áo khoác","0-360k","5","áo đẹp nên mua nhé mn , giá cả hợp lý,giao hàng rất là nhanh giá tầm này sp vậy là quá ổn rùi nhé mn","Áo khoác denim unisex form rộng thoải mái, nhiều màu","2024-04-11 15:23","53262281928","1506174776"
"áo khoác","0-360k","2","Áo cũng mắc. 300k. Mà có một lớp vải thôi. Tụi bây coi cái đường chỉ may nè. Quá nản. Lần cuối mua coolmate nhé.","Áo khoác nam Coolmate trượt nước, chống UV hiệu quả","2025-10-28 08:39","55367957530","1506174776"
"áo khoác","0-360k","5","Chất liệu:oke Màu sắc:oke áo khoác mặc oke, đẹp. Hàng coôlmate làm khá chỉnh chu.","Áo khoác nam Coolmate trượt nước, chống UV hiệu quả","2026-06-14 17:27","55367957530","1506174776"
"áo khoác","0-360k","5","Chất liệu:áo mỏng nhẹ nhàng Màu sắc:màu tránh tinh đẹp lắm 1 lớp mặc không nóng nhe","Áo khoác nam Coolmate trượt nước, chống UV hiệu quả","2026-05-18 16:16","55367957530","1506174776"
"áo khoác","0-360k","5","Chưa mặc thử mà form đẹp nha vải cũng ok mỏng thấy kêu có chống tia UV nữa","Áo khoác nam Coolmate trượt nước, chống UV hiệu quả","2026-01-04 22:34","55367957530","1506174776"
"áo khoác","0-360k","5","Điểm cần cải thiện: cần làm quen với đặc thù loại hình mỏ và mô hình quản trị của Công ty","Áo khoác nam Coolmate trượt nước, chống UV hiệu quả","2026-07-01 23:35","55367957530","1506174776"
"áo khoác","0-360k","5","Áo quá mát mẻ và vừa khít. Cám ơn shop","Áo khoác nam Coolmate trượt nước, chống UV hiệu quả","2025-10-19 17:37","55367957530","1506174776"
"áo khoác","0-360k","5","Chất liệu:ccc Đúng với mô tả:cccvgg Màu sắc:gff Đã nhận được sản phẩm, giao hàng nhanh, đúng loại sản phẩm, chất vải có vẻ thành phần nilon hơi nhiều sợ ko thoáng vd","Áo khoác nam Coolmate trượt nước, chống UV hiệu quả","2026-09-29 20:37","55367957530","1506174776"
"áo khoác","0-360k","5","I've been tryna call I've been on my own for long enough Maybe you can show me how to love, maybe I'm goin' through withdrawals You don't even have to do too much You can turn me on with just a touch, baby I look around and Sin City's cold and empty (oh) No one's around to judge me (oh) I can't see clearly when you're gone I said, ooh, I'm blinded by the lights No, I can't sleep until I feel your touch I said, ooh, I'm drowning in the night Oh, when I'm like this, you're the one I trust (Hey, hey, hey)","Áo khoác nam Coolmate trượt nước, chống UV hiệu quả","2025-12-28 10:54","55367957530","1506174776"
"áo khoác","0-360k","1","Áo giao dính màu tùm lum","Áo Khoác Nỉ 2 Da Ricxie Chất Liệu Mềm Mịn, Thoáng Khí","2026-05-28 13:53","54516169717","1506174776"
"áo khoác","0-360k","1","Chất liệu:vair Màu sắc:xám Đúng với mô tả:vải mỏng vs giá hơn 200 thì thấy k ổn , nhiều chỉ thừa đã v còn bị dơ nữa , shop làm ăn kco tâm","Áo Khoác Nỉ 2 Da Ricxie Chất Liệu Mềm Mịn, Thoáng Khí","2025-12-16 09:24","54516169717","1506174776"
"áo khoác","0-360k","2","mỏng dính","Áo Khoác Nỉ 2 Da Ricxie Chất Liệu Mềm Mịn, Thoáng Khí","2026-01-04 14:37","54516169717","1506174776"
"áo khoác","0-360k","3","Áo mỏng k như mong đợi lắm","Áo Khoác Nỉ 2 Da Ricxie Chất Liệu Mềm Mịn, Thoáng Khí","2026-01-31 00:31","54516169717","1506174776"
"áo khoác","0-360k","4","Chất liệu:chất liệu nỉ khá mềm mại và thoải mái Màu sắc:màu sắc áo đúng như mô tả mng nên tăng size vì áo form nhỏ lắm ạ, shop tư vấn mình size M mà mình muốn mặc thoải mái nên đặt size L vừa luôn :))) Nam thì cứ auto XL đi ạ , shop rep khá là lâu luôn , mng ai săn sale mà chờ shop rep tư vấn hay gì là xác định luôn :))","Áo Khoác Nỉ 2 Da Ricxie Chất Liệu Mềm Mịn, Thoáng Khí","2026-02-10 08:07","54516169717","1506174776"
"áo khoác","0-360k","4","mỏng nhẹ, form áo kh đẹp lắm, nên đặt hơn 1 size vì rất chật, có chỉ thừa, kh ưng khoá kéo bên này cho lắm","Áo Khoác Nỉ 2 Da Ricxie Chất Liệu Mềm Mịn, Thoáng Khí","2026-02-25 14:49","54516169717","1506174776"
"áo khoác","0-360k","5","Chất liệu:ok Gu mình kiểu vậy nên thích lắm, thấy đọc đánh giá của mọi người thì tưởng áo rộng dài vì mình thít che mông đi nhưng không hẳn là vậy, đặt size L thì cũng chưa che mông lắm nhưng áo ok lắm","Áo Khoác Nỉ 2 Da Ricxie Chất Liệu Mềm Mịn, Thoáng Khí","2026-01-11 19:17","54516169717","1506174776"
"áo khoác","0-360k","5","Chất liệu:nỉ mềm, mặc thoải mái Màu sắc:đẹp lắm đúng mô tả Áo đẹp điên, siêu thích, vải mặc mát","Áo Khoác Nỉ 2 Da Ricxie Chất Liệu Mềm Mịn, Thoáng Khí","2026-03-09 00:31","54516169717","1506174776"
"áo khoác","0-360k","5","Ship nhanh nha. Vải đẹp, ko quá dày..mua mặc couple siêu ưng nha. Nên mua nhé mọi người","Áo Khoác Nỉ 2 Da Ricxie Chất Liệu Mềm Mịn, Thoáng Khí","2026-02-10 12:46","54516169717","1506174776"
"áo khoác","0-360k","5","Chất liệu:ok Màu sắc:ok Đóng gói cẩn thận, giao hàng nhanh, đúng mẫu đúng size. Áo lên form đẹp lắm, chuẩn ok nên mua nha m.nnn","Áo Khoác Nỉ 2 Da Ricxie Chất Liệu Mềm Mịn, Thoáng Khí","2026-04-09 11:53","54516169717","1506174776"
"áo khoác","0-360k","5","Áo khoác nỉ này mặc ấm, chất vải mềm mại và thoải mái khi vận động. Thiết kế giản dễ phối đồ, phù hợp đi học đi làm. Đường may chắc chắn, form áo đẹp. Tuy nhiên, áo hơi dễ bám bụi nên cần giữ gìn kỹ khi sử dụng.","Áo Khoác Nỉ 2 Da Ricxie Chất Liệu Mềm Mịn, Thoáng Khí","2026-04-24 18:45","54516169717","1506174776"
"áo khoác","0-360k","5","Chất liệu:Vải khá mát và co giãn tốt, mặc cả ngày cũng thoải mái. Màu sắc:Màu sắc áo chuẩn với hình ảnh minh họa, hài hòa đẹp mắt. Thiết kế:Form áo rộng rãi, cố đứng giúp tôn dáng khi mặc.","Áo Khoác Nỉ 2 Da Ricxie Chất Liệu Mềm Mịn, Thoáng Khí","2026-08-04 19:47","54516169717","1506174776"
"áo khoác","0-360k","5","Chất liệu:thun Màu sắc:xam trắng Đúng với mô tả:đung Mình 54kg m58 mua sz nó vừa nhưng nếu mua lần 2 mẫu này chọn L M do mình thích bận rộng thoải mái","Áo Khoác Nỉ 2 Da Ricxie Chất Liệu Mềm Mịn, Thoáng Khí","2026-01-11 00:50","54516169717","1506174776"
"áo khoác","0-360k","5","Đúng với mô tả:ok Màu sắc:ok Chất liệu:ok Nhiều đêm dài sương mù đông tuyết rơi hoài, lòng ai đang nhớ nhà Đường buông hàng bên này như rap thiên hà, quê nhà còn quá xa Nhiều đêm ngồi roll điếu K, mama à đừng xót xa Lang thang không về nhà, đôi chân đang đi tìm dolla","Áo Khoác Nỉ 2 Da Ricxie Chất Liệu Mềm Mịn, Thoáng Khí","2026-01-09 09:45","54516169717","1506174776"
"áo khoác","0-360k","5","Áo phone đẹp. 1m63.50kg mặc S oke. Mà hình như viền đỏ ra màu nha. Để giặt xem sao","Áo Khoác Nỉ 2 Da Ricxie Chất Liệu Mềm Mịn, Thoáng Khí","2026-05-07 20:25","54516169717","1506174776"
"áo khoác","0-360k","5","Chất liệu:vải nỉ Màu sắc:xám xanh tốt, vải mềm, mặc mùa hè cũng ok","Áo Khoác Nỉ 2 Da Ricxie Chất Liệu Mềm Mịn, Thoáng Khí","2026-06-10 19:33","54516169717","1506174776"
"áo khoác","0-360k","5","Chất liệu:aos mong nha mấy má t bỏ ra 250k để nhận lại cái áo mỏng vcc nma dc cái form ổn nhìn xinh, khoá kéo nhìn trông lỏ lỏ, nma kco chỉ thừa, giao nhanh Màu sắc:dang áo đẹp nma nó lỏ bọn bây ơi, kiểu nó kco cố định á, áo sau hay bị kéo lên che trên phần mông , mỗi lần t mặc là phải kéo xún mấy lần cnay chỉ mua khi qá ưng vì kiểu dáng thôi nhé, chứ còn lại tệ vc nma t vẫn chấm 3 sao vì t thích kiểu đẹp🥲","Áo Khoác Nỉ 2 Da Ricxie Chất Liệu Mềm Mịn, Thoáng Khí","2026-04-25 23:53","54516169717","1506174776"
"áo khoác","0-360k","5","Hàng đẹp y hình, mặc xinh, trông trẻ trung, đang tính mua thêm nốt màu còn lại.","Áo Khoác Nỉ 2 Da Ricxie Chất Liệu Mềm Mịn, Thoáng Khí","2026-03-01 08:52","54516169717","1506174776"
"áo khoác","0-360k","5","Áo mỏng, mịn, chất vừa vặn với sg. 1m6, 56kg size vừa đẹp. Tuy nhiên cổ áo hơi bé so với mình mong muốn, tay áo dài nửa bàn tay","Áo Khoác Nỉ 2 Da Ricxie Chất Liệu Mềm Mịn, Thoáng Khí","2026-02-06 21:49","54516169717","1506174776"
"áo khoác","0-360k","5","Anh hùng cứu mỹ nhân (Từ anime 《MAI MỐI CHO ĐỘC SƯ》 - Tập 01) - - - ⏰ Lịch chiếu và nền tảng lên sóng: Từ ngày 07.04.2026 trở đi, mỗi tuần cập nhật 1 tập vào 21h30 Thứ Ba trên Netflix, iQIYI, Crunchyroll, FPT Play, kênh YouTube Muse Việt Nam. Lịch chiếu thực tế dựa vào thông báo của các nền tảng, nền tảng lên sóng sẽ được cập nhật sau. ⭐️ Truyện: NXB Kim Đồng #MuseViệtNam #MuseVN #マリッジトキシン #Marriagetoxin #Maimốichođộcsư #Anime","Áo Khoác Nỉ 2 Da Ricxie Chất Liệu Mềm Mịn, Thoáng Khí","2026-04-12 12:35","54516169717","1506174776"
"áo khoác","0-360k","5","Chất liệu:one Màu sắc:okvdd sản phẩm oke nha mọi ng nên mua hình ảnh mang tính chất minh hoà giao hàng nhanh","Áo Khoác Nỉ 2 Da Ricxie Chất Liệu Mềm Mịn, Thoáng Khí","2026-02-11 10:52","54516169717","1506174776"
"áo khoác","0-360k","5","Chất liệu:áo mỏng mà form khá đẹp đáng để mọi người mua Màu sắc:mauf xam nene deex dowx","Áo Khoác Nỉ 2 Da Ricxie Chất Liệu Mềm Mịn, Thoáng Khí","2026-07-01 22:05","54516169717","1506174776"
"áo khoác","0-360k","5","Chất liệu:nur Màu sắc:xams xanh Trời ơi xinh điên luôn ý rất nên mua nha mấy bà cưc kì xinh","Áo Khoác Nỉ 2 Da Ricxie Chất Liệu Mềm Mịn, Thoáng Khí","2026-05-09 14:09","54516169717","1506174776"
"áo khoác","0-360k","5","Mua nhầm size và đã được shop hỗ trợ đổi size. Cskh nhiệt tình dễ thương","Áo Khoác Nỉ 2 Da Ricxie Chất Liệu Mềm Mịn, Thoáng Khí","2025-12-16 15:24","54516169717","1506174776"
"áo khoác","0-360k","5","form áo đẹp chất liệu tuyệt vời phù hợp túi tiền","Áo Khoác Nỉ 2 Da Ricxie Chất Liệu Mềm Mịn, Thoáng Khí","2026-01-31 10:30","54516169717","1506174776"
"áo khoác","0-360k","5","Chất liệu:áo đẹp mềm mịn nhưng hơi mỏng Màu sắc:đỏ xanh trắng Thiết kế:đẹp, trẻ trung Áo ổn trong tầm giá","Áo Khoác Nỉ 2 Da Ricxie Chất Liệu Mềm Mịn, Thoáng Khí","2026-07-29 08:22","54516169717","1506174776"
"áo khoác","0-360k","1","Độ rộng:ok Chất liệu:ok Ok hết trừ cái dây kéo kéo bị kẹt thấy mệt , với cái áo bụi vải k là bụi vải ,  con coa cảm giác xù nhẹ nữa chứ , mua trc 1 lần r nay mua lại thấy thất vọng","Áo Khoác Hoodie Zip Nỉ Chân Cua Thêu Nổi NQ30 PRECIOUS  Form Rộng Nam Nữ Unisex (Không xù lông)","2026-09-12 19:13","48067797265","1506174776"
"áo khoác","0-360k","1","Chất liệu:áo như khăn lau v tr Làm ăn kì cục","Áo Khoác Hoodie Zip Nỉ Chân Cua Thêu Nổi NQ30 PRECIOUS  Form Rộng Nam Nữ Unisex (Không xù lông)","2026-08-13 14:53","48067797265","1506174776"
"áo khoác","0-360k","1","Chất liệu:vai xau kh xung gia tien So với giá tiền áo tệ, mặc thì dính bụi vải tùm lum, giặt sạch rồi vẫn dính mỗi lần mặc vào dính hết vào người r quần áo nhìn 6677, áo vải mới mua đã xù xù , vải bên trong thì sần sần mặc vào hơi rát","Áo Khoác Hoodie Zip Nỉ Chân Cua Thêu Nổi NQ30 PRECIOUS  Form Rộng Nam Nữ Unisex (Không xù lông)","2026-08-21 23:14","48067797265","1506174776"
"áo khoác","0-360k","1","Chất lượng:Khác mô tả , để nỉ chân cua mà giao nỉ bông còn mỏng nua , thất vọngg","Áo Khoác Hoodie Zip Nỉ Chân Cua Thêu Nổi NQ30 PRECIOUS  Form Rộng Nam Nữ Unisex (Không xù lông)","2026-07-29 16:06","48067797265","1506174776"
"áo khoác","0-360k","1","Chỉ thừa siu nhìu, áo nhỏ, không dc đẹp lắm","Áo Khoác Hoodie Zip Nỉ Chân Cua Thêu Nổi NQ30 PRECIOUS  Form Rộng Nam Nữ Unisex (Không xù lông)","2026-09-04 19:49","48067797265","1506174776"
"áo khoác","0-360k","1","Áo giao về khá bẩn","Áo Khoác Hoodie Zip Nỉ Chân Cua Thêu Nổi NQ30 PRECIOUS  Form Rộng Nam Nữ Unisex (Không xù lông)","2026-08-23 11:44","48067797265","1506174776"
"áo khoác","0-360k","2","Chất vải tốt, mặc ấm, thoáng khí, áo giống mẫu. Nhưng thiết kế tay cầm khóa kéo quá dở, dễ kẹt.  khi kẹt rất khó để sửa. Hy vọng shop có thể cải thiện phần khóa kéo","Áo Khoác Hoodie Zip Nỉ Chân Cua Thêu Nổi NQ30 PRECIOUS  Form Rộng Nam Nữ Unisex (Không xù lông)","2026-06-30 18:04","48067797265","1506174776"
"áo khoác","0-360k","2","Độ rộng:vừa phải Chất liệu:bên trong dính lông rất nhiều giặt tay 2 3 lần vẫn còn, dính áo rất nhiều Thất vọng về chất lượng áo, mặc chx đc 1 tháng đã xù lông, sẽ kh mua lại, đc cái là mẫu áo đẹp","Áo Khoác Hoodie Zip Nỉ Chân Cua Thêu Nổi NQ30 PRECIOUS  Form Rộng Nam Nữ Unisex (Không xù lông)","2026-09-05 22:36","48067797265","1506174776"
"áo khoác","0-360k","2","Độ rộng:from áo vừa,tui m52 36kg mặc size M vừa Áo có vẻ hơi cũ,nhìn bạc màu","Áo Khoác Hoodie Zip Nỉ Chân Cua Thêu Nổi NQ30 PRECIOUS  Form Rộng Nam Nữ Unisex (Không xù lông)","2026-08-27 11:01","48067797265","1506174776"
"áo khoác","0-360k","3","chất áo mỏng, ở trong có lót lông mặc mùa hè hơi nóng. nói chung với giá như v thì cũng ổn ròi","Áo Khoác Hoodie Zip Nỉ Chân Cua Thêu Nổi NQ30 PRECIOUS  Form Rộng Nam Nữ Unisex (Không xù lông)","2026-08-14 20:38","48067797265","1506174776"
"áo khoác","0-360k","3","Chất liệu:nhận hôm qua đem đi giặt,phần xám trắng thì không sao,nhưng phần xanh đen kiểu hơi phai ra,với lại tay màu xanh đen nhưng dùng chỉ trắng nhìn hơi lộ chỉ. Độ rộng:m65 49kg sz M hơi ngắn nhưng mặc nên form ok.","Áo Khoác Hoodie Zip Nỉ Chân Cua Thêu Nổi NQ30 PRECIOUS  Form Rộng Nam Nữ Unisex (Không xù lông)","2026-08-09 19:14","48067797265","1506174776"
"áo khoác","0-360k","3","nhiều bụi vải với sơ vải dính áo nhiều quá ạ","Áo Khoác Hoodie Zip Nỉ Chân Cua Thêu Nổi NQ30 PRECIOUS  Form Rộng Nam Nữ Unisex (Không xù lông)","2026-08-20 21:58","48067797265","1506174776"
"áo khoác","0-360k","3","Hai khoá kéo rất khó sử dụng","Áo Khoác Hoodie Zip Nỉ Chân Cua Thêu Nổi NQ30 PRECIOUS  Form Rộng Nam Nữ Unisex (Không xù lông)","2026-06-13 20:20","48067797265","1506174776"
"áo khoác","0-360k","4","Chất liệu:vải chân cua Màu sắc:tay xanh than Đúng với mô tả:đúng Thêu chữ đeph màu ok mà mình mặc nhìn đô mặc cũng ấm chỗ 2 tay là chân cua á","Áo Khoác Hoodie Zip Nỉ Chân Cua Thêu Nổi NQ30 PRECIOUS  Form Rộng Nam Nữ Unisex (Không xù lông)","2026-05-25 11:46","48067797265","1506174776"
"áo khoác","0-360k","4","Chất liệu:áo dày dặn, bên trong là vải lót nỉ chân cua Độ rộng:m65 mặc vừa trùm nửa mông . mũ rộng rãi, áo đứng form Áo nhiều dính nhiều bụi vải vs chỉ thừa Giặt ra màu xanh, lăn nhiều lần lắm mới đỡ 1 tí Khoá 2 đầu kéo, có thêm túi trong áo","Áo Khoác Hoodie Zip Nỉ Chân Cua Thêu Nổi NQ30 PRECIOUS  Form Rộng Nam Nữ Unisex (Không xù lông)","2026-08-08 12:24","48067797265","1506174776"
"áo khoác","0-360k","4","Độ rộng:thoải mái nhma mình m7 nen dài áo chỉ ngang mông th Chất liệu:day dan nen mua nha xinh lắm","Áo Khoác Hoodie Zip Nỉ Chân Cua Thêu Nổi NQ30 PRECIOUS  Form Rộng Nam Nữ Unisex (Không xù lông)","2026-08-27 19:38","48067797265","1506174776"
"áo khoác","0-360k","4","Chất liệu:nỉ Độ rộng:vừa Ưu điểm: áo đẹp, như qc, mũ rộng ,vải dày dặn mình mua size M mặc che 2phần 3 mông 1m55 , tay hơi dài với mình Nhược điểm : áo bị bụi với bẩn kiểu bẩn một vài chỗ thôi có thể giặt ra mình giặt tầm 3 nước là sạch .Mình giặt thì thấy áo nặng nha chứng tỏ vải oke Nói chung thì mình mua 275k thì thấy cũng hợp lí. Mọi người có thể mua","Áo Khoác Hoodie Zip Nỉ Chân Cua Thêu Nổi NQ30 PRECIOUS  Form Rộng Nam Nữ Unisex (Không xù lông)","2026-07-11 17:04","48067797265","1506174776"
"áo khoác","0-360k","4","Chất lượng:cx cx Màu sắc:xanh trắng","Áo Khoác Hoodie Zip Nỉ Chân Cua Thêu Nổi NQ30 PRECIOUS  Form Rộng Nam Nữ Unisex (Không xù lông)","2026-07-30 16:45","48067797265","1506174776"
"áo khoác","0-360k","4","Chất liệu:ấm nhưng mỏng Màu sắc:form đẹp, sạch mà còn chỉ thừa nhiều","Áo Khoác Hoodie Zip Nỉ Chân Cua Thêu Nổi NQ30 PRECIOUS  Form Rộng Nam Nữ Unisex (Không xù lông)","2026-08-23 20:06","48067797265","1506174776"
"áo khoác","0-360k","4","Độ rộng:fit áo form đẹp nhưng giặt được 2 lần thì bị xù lông nên trừ 1 sao, thiết kế đẹp áo xinh nên mua","Áo Khoác Hoodie Zip Nỉ Chân Cua Thêu Nổi NQ30 PRECIOUS  Form Rộng Nam Nữ Unisex (Không xù lông)","2026-09-03 19:46","48067797265","1506174776"
"áo khoác","0-360k","4","Vải áo khá cứng ạ, mình mặc thử vào áo có đổ màu khá nhiều lên người, ko biết sau khi giặt có đỡ hơn không. Với người cao 1m5 nặng 40kg như mình thì thấy sz M vẫn bị rộng ạ","Áo Khoác Hoodie Zip Nỉ Chân Cua Thêu Nổi NQ30 PRECIOUS  Form Rộng Nam Nữ Unisex (Không xù lông)","2026-06-21 11:54","48067797265","1506174776"
"áo khoác","0-360k","4","Màu sắc, chất vải ok, m66 nặg 64kg, Size L mà áo độ dài vừa qua bụng","Áo Khoác Hoodie Zip Nỉ Chân Cua Thêu Nổi NQ30 PRECIOUS  Form Rộng Nam Nữ Unisex (Không xù lông)","2026-08-19 16:42","48067797265","1506174776"
"áo khoác","0-360k","4","Áo đẹp,form oke.Nhưng mà kích thước áo shop đo không đúng,sz M dài 60cm ò mà shop dài hơn.Hên sao cũng vừa nên th cx tạm","Áo Khoác Hoodie Zip Nỉ Chân Cua Thêu Nổi NQ30 PRECIOUS  Form Rộng Nam Nữ Unisex (Không xù lông)","2026-09-12 12:08","48067797265","1506174776"
"áo khoác","0-360k","4","Độ rộng:áo đẹp form chuẩn cái dây kéo giặt 1 lần xongg rất khó kéo,k bic sao để khắc phục nữa","Áo Khoác Hoodie Zip Nỉ Chân Cua Thêu Nổi NQ30 PRECIOUS  Form Rộng Nam Nữ Unisex (Không xù lông)","2026-08-09 20:33","48067797265","1506174776"
"áo khoác","0-360k","4","áo dệt kim nên mặc cảm thấy hơi ngứa 1 chút phần màu xanh giặt sẽ bị ra màu lúc đầu nhưng qua 1 2 nước là hết nhưng đổ lông nha dính dô quần áo có màu đen, dây kéo cũng k đc mượt lắm, mua mấy lần bên shop mà lần này khá thất vọng 1 chút hiccccc","Áo Khoác Hoodie Zip Nỉ Chân Cua Thêu Nổi NQ30 PRECIOUS  Form Rộng Nam Nữ Unisex (Không xù lông)","2026-08-17 08:39","48067797265","1506174776"
"áo khoác","0-360k","4","Độ rộng:Chào mừng bạn đến với bảng nhớ tạm của Gboard, bất kỳ văn bản nào bạn sao chép sẽ được lưu tại đây. Chất liệu:vải nỉ","Áo Khoác Hoodie Zip Nỉ Chân Cua Thêu Nổi NQ30 PRECIOUS  Form Rộng Nam Nữ Unisex (Không xù lông)","2026-09-12 13:37","48067797265","1506174776"
"áo khoác","0-360k","4","Chất liệu:nỉ chân cua Độ rộng:oki Khóa kéo hơi khó kéo nên trừ 1* nha","Áo Khoác Hoodie Zip Nỉ Chân Cua Thêu Nổi NQ30 PRECIOUS  Form Rộng Nam Nữ Unisex (Không xù lông)","2026-07-30 07:11","48067797265","1506174776"
"áo khoác","0-360k","4","Chất liệu:nỉ Màu sắc:xám xanh mình k thích chất vải cho lắm","Áo Khoác Hoodie Zip Nỉ Chân Cua Thêu Nổi NQ30 PRECIOUS  Form Rộng Nam Nữ Unisex (Không xù lông)","2026-09-05 21:39","48067797265","1506174776"
"áo khoác","0-360k","4","Độ rộng:cũng đc Chất liệu:dày hơi nhiều chỉ thừa nhma cũng ok nha lên fom tamn thoi","Áo Khoác Hoodie Zip Nỉ Chân Cua Thêu Nổi NQ30 PRECIOUS  Form Rộng Nam Nữ Unisex (Không xù lông)","2026-09-10 21:09","48067797265","1506174776"
"áo khoác","0-360k","4","1m63 55kg size M hơi chặt, dây kéo hơi khó kéo","Áo Khoác Hoodie Zip Nỉ Chân Cua Thêu Nổi NQ30 PRECIOUS  Form Rộng Nam Nữ Unisex (Không xù lông)","2026-07-19 18:54","48067797265","1506174776"
"áo khoác","0-360k","4","Dùng thử thấy rất ưng. Chất sản phẩm mịn, dễ tán, lên màu đẹp và bám khá lâu. Không gây nặng mặt hay bí da. Đóng gói kỹ, hàng xịn, chắc chắn sẽ mua lại","Áo Khoác Hoodie Zip Nỉ Chân Cua Thêu Nổi NQ30 PRECIOUS  Form Rộng Nam Nữ Unisex (Không xù lông)","2026-07-09 16:35","48067797265","1506174776"
"áo khoác","0-360k","5","Chất liệu:vải nỉ chân cua Độ rộng:vừa Màu sắc:xanh xám Áo khoác vừa người, đẹp lắm luôn, chất liệu và dây kéo rất ưng, sẽ ủng hộ lần sau","Áo Khoác Hoodie Zip Nỉ Chân Cua Thêu Nổi NQ30 PRECIOUS  Form Rộng Nam Nữ Unisex (Không xù lông)","2026-07-22 22:15","48067797265","1506174776"
"áo khoác","0-360k","5","Chất liệu:chất liệu vải đẹp và cực kì dày dặn, chắc tay Độ rộng:form áo rộng vừa phải, chuẩn đẹp xinh Giao hàng rất nhanh Áo mặc lên form rất đẹp, rất ưng, nón áo rất rộng, quá tuyệt vời Số đo chỉ để nhận xu","Áo Khoác Hoodie Zip Nỉ Chân Cua Thêu Nổi NQ30 PRECIOUS  Form Rộng Nam Nữ Unisex (Không xù lông)","2026-07-25 13:43","48067797265","1506174776"
"áo khoác","0-360k","5","Chất liệu:vải nỉ chân cua dày dặn lắm ạ Độ rộng:form áo rộng thoả mái mình đặt size M mình 1m60 40kg mặt cx ổn ổn ạ nên mua nha dày dặn lắmm","Áo Khoác Hoodie Zip Nỉ Chân Cua Thêu Nổi NQ30 PRECIOUS  Form Rộng Nam Nữ Unisex (Không xù lông)","2026-07-17 22:32","48067797265","1506174776"
"áo khoác","0-360k","5","(1m63 50kg) Úi giời lần đầu mua của shop mà áo hết sức mong đơi. Cầm nặng tay và mặc ấm, áo này mặc mùa đông hay mùa thu là ok nè. K bt đây là vải gì ý nhưng nó ấm nha mng bao áo cx rất ấm , chất lượng quá con này mua ngoài phải 300 gì đó mik săn có 220 bao hời","Áo Khoác Hoodie Zip Nỉ Chân Cua Thêu Nổi NQ30 PRECIOUS  Form Rộng Nam Nữ Unisex (Không xù lông)","2026-08-12 22:06","48067797265","1506174776"
"áo khoác","0-360k","5","Chất liệu:nủ chân cua Độ rộng:sz L rộng vừa chùm mông(1m5) Áo form đẹp thoải mái phù hợp mùa hè nha. Phần túi trong may chắc chắn ko có chỉ thừa, tay áo rộng mặc lên rất xinh. Mũ 2 lớp mũ to che cả nón bảo hiểm vô tư. Giá sale mình mua 220k rất đáng tiền. Giá ko sale đầu 3 đầu 4 nha mọi người. Bên ngoài hơi có xù nhẹ do chất nỉ như vậy nha về giặt 1 2 lần mới hết bụi nha các bạn.","Áo Khoác Hoodie Zip Nỉ Chân Cua Thêu Nổi NQ30 PRECIOUS  Form Rộng Nam Nữ Unisex (Không xù lông)","2026-08-13 12:46","48067797265","1506174776"
"áo khoác","0-360k","5","Chất liệu:Toi thay ao day dan Độ rộng:Form áo rộng thoả mái Áo cầm nặng tay nhé mọi người. Mình mua shop lần đầu. Hàng giống với video. May nhờ Mc tư vấn đổi size không chi bị rộng quá. Cám ơn shop bán mẫu áo này. Mọi người nên mua . Cám ơn shipper , thân thiện và nhiệt tình. mình mua mặc ngồi phòng máy lạnh. Dày dặn vậy chắc chắn ấm rồi. đi nắng có thể chống nắng nữa. ❤️","Áo Khoác Hoodie Zip Nỉ Chân Cua Thêu Nổi NQ30 PRECIOUS  Form Rộng Nam Nữ Unisex (Không xù lông)","2026-07-13 21:57","48067797265","1506174776"
"áo khoác","0-360k","5","Chất liệu:chất liệu dày dặn nỉ k xù Độ rộng:from áo rộng rãi, thoải mái dày dặn nên mua săn dc 159k quá rẻ chất lượng nữa chứ","Áo Khoác Hoodie Zip Nỉ Chân Cua Thêu Nổi NQ30 PRECIOUS  Form Rộng Nam Nữ Unisex (Không xù lông)","2026-08-12 12:58","48067797265","1506174776"
"áo khoác","0-360k","5","ê áo xinh lắm bây ơi, nên mua nha vì t mua 3 cái áo ở shop r 🌚, vải k mỏng lắm đâu mặc mùa này mát nha bây, t m6 mà mua siz L nó tới lưng quần thôi nếu ai thích ngắn ngắn =))) 100 ⭐️ cho shop mình ạ","Áo Khoác Hoodie Zip Nỉ Chân Cua Thêu Nổi NQ30 PRECIOUS  Form Rộng Nam Nữ Unisex (Không xù lông)","2026-06-15 22:53","48067797265","1506174776"
"áo khoác","0-360k","5","Tôi rất hài lòng với sản phẩm này. Chất lượng vượt ngoài mong đợi, thiết kế đẹp mắt và sử dụng vô cùng tiện lợi. Sản phẩm hoạt động ổn định, độ bền cao, mang lại trải nghiệm tuyệt vời. Giá thành hợp lý so với chất lượng nhận được, chắc chắn tôi sẽ tiếp tục ủng hộ và giới thiệu cho bạn bè, người thân.","Áo Khoác Hoodie Zip Nỉ Chân Cua Thêu Nổi NQ30 PRECIOUS  Form Rộng Nam Nữ Unisex (Không xù lông)","2026-06-22 20:38","48067797265","1506174776"
"áo khoác","0-360k","5","Chất liệu:nặng tay tốt Độ rộng:minh m56 58kg size L là vừa ôm bạn nào thích rộng rãi nên tăng size nhé giao hàng nhanh 💗💗","Áo Khoác Hoodie Zip Nỉ Chân Cua Thêu Nổi NQ30 PRECIOUS  Form Rộng Nam Nữ Unisex (Không xù lông)","2026-08-09 05:41","48067797265","1506174776"
"áo khoác","0-360k","5","Độ rộng:vừa phải , tôn dáng Chất liệu:vải nỉ chân cua cầm nặng tay, mặc lên form đẹp ok , nói chung nên mua nha","Áo Khoác Hoodie Zip Nỉ Chân Cua Thêu Nổi NQ30 PRECIOUS  Form Rộng Nam Nữ Unisex (Không xù lông)","2026-09-05 13:08","48067797265","1506174776"
"áo khoác","0-360k","5","Hàng đẹp, đúng mô tả, đóng gói cẩn thận. Shop giao hàng nhanh, rất ưng ạ ❤️ * Sản phẩm xinh hơn mong đợi, chất lượng ổn, giá hợp lý. Sẽ ủng hộ shop lần sau 🥰 * Hàng đúng hình, dùng rất thích, shop tư vấn nhiệt tình. 5⭐ nhaaa ✨","Áo Khoác Hoodie Zip Nỉ Chân Cua Thêu Nổi NQ30 PRECIOUS  Form Rộng Nam Nữ Unisex (Không xù lông)","2026-08-16 18:54","48067797265","1506174776"
"áo khoác","0-360k","5","Chất liệu:vải nỉ dày dặn Độ rộng:vừa phải, mặc thoải mái Đóng gói giao hàng nhanh, đúng mẫu","Áo Khoác Hoodie Zip Nỉ Chân Cua Thêu Nổi NQ30 PRECIOUS  Form Rộng Nam Nữ Unisex (Không xù lông)","2026-07-13 09:52","48067797265","1506174776"
"áo khoác","0-360k","5","Độ rộng:vừa vặn Chất liệu:dày dặn Sản phẩm được đóng gói khá cẩn thận, hình thức bên ngoài đẹp và chắc chắn. Khi nhận hàng, sản phẩm không bị hư hỏng hay có vấn đề gì đáng kể. Chất lượng nhìn chung khá tốt, phù hợp với mô tả và đáp ứng được nhu cầu sử dụng. Sản phẩm dễ sử dụng, tiện lợi và có thiết kế tương đối đẹp mắt. Thời gian giao hàng khá nhanh, hàng được bảo quản tốt trong quá trình vận chuyển. Người bán tư vấn và hỗ trợ nhiệt tình, thái độ phục vụ tốt. Nhìn chung, mình khá hài lòng với sản phẩm và sẽ cân nhắc tiếp tục ủng hộ nếu có nhu cầu trong thời gian tới.","Áo Khoác Hoodie Zip Nỉ Chân Cua Thêu Nổi NQ30 PRECIOUS  Form Rộng Nam Nữ Unisex (Không xù lông)","2026-09-13 11:19","48067797265","1506174776"
"áo khoác","0-360k","5","Áo khoác này thực sự khiến mình vô cùng ấn tượng từ kiểu dáng đến chất lượng. Phom dáng cực kỳ chuẩn, tôn dáng mà vẫn đem lại cảm giác thoải mái khi di chuyển. Chất liệu vải dày dặn, đường kim mũi chỉ chỉn chu, không hề có chỉ thừa. Đặc biệt, khả năng giữ ấm và chắn gió của áo cực kỳ hiệu quả, giúp mình tự tin ra ngoài ngay cả trong những ngày thời tiết trở lạnh. Gam màu thời thượng, rất dễ phối đồ từ phong cách năng động cho đến lịch sự. Đây chắc chắn là chiếc áo khoác đáng tiền nhất mà mình từng sở hữu!","Áo Khoác Hoodie Zip Nỉ Chân Cua Thêu Nổi NQ30 PRECIOUS  Form Rộng Nam Nữ Unisex (Không xù lông)","2026-08-17 21:15","48067797265","1506174776"
"áo khoác","0-360k","5","Độ rộng:rộng lắm, thoải mái Chất liệu:dù là vải chân cua nhưng dày lắm, kh nóngg kh nói nhiềuuu, mua lần này là lần thứ 4 của hãnggg eo ơi thử mẫu chân cua lúc đầu kh nghĩ nó dày đến vậy, mũ to lắm trùm dc nón bảo hiểm, nchung là rất tốttt, mongg shop ra thêm nhiều mẫu đẹp nuaa, chắc chắn sẽ qulai ủng hộ, rất đáng mua!!","Áo Khoác Hoodie Zip Nỉ Chân Cua Thêu Nổi NQ30 PRECIOUS  Form Rộng Nam Nữ Unisex (Không xù lông)","2026-09-12 20:02","48067797265","1506174776"
"áo khoác","0-360k","5","Chất liệu:vải đẹp á cứng cáp đứg lắm màu đẹp xỉu nên mua luon á😘😘","Áo Khoác Hoodie Zip Nỉ Chân Cua Thêu Nổi NQ30 PRECIOUS  Form Rộng Nam Nữ Unisex (Không xù lông)","2026-05-20 17:01","48067797265","1506174776"
"áo khoác","0-360k","5","Chất liệu:nỉ 2 da Độ rộng:vừa phải mình cao 1m52 nặng 40kg mặc size M vừa phải k dài cũng k ngắn độ dài tầm ngang mong còn về rộng thì ổn do mình thích mặc boxy còn ai thích mặc dài thì tăng 1 size nha","Áo Khoác Hoodie Zip Nỉ Chân Cua Thêu Nổi NQ30 PRECIOUS  Form Rộng Nam Nữ Unisex (Không xù lông)","2026-07-09 11:48","48067797265","1506174776"
"áo khoác","0-360k","5","Độ rộng:áo vừa nha tui 1m52 mà tới mông nha Chất liệu:nỉ chân cua mà mềm lắm không cứng như mấy áo khác","Áo Khoác Hoodie Zip Nỉ Chân Cua Thêu Nổi NQ30 PRECIOUS  Form Rộng Nam Nữ Unisex (Không xù lông)","2026-08-22 14:03","48067797265","1506174776"
"áo khoác","0-360k","5","Độ rộng:mac thoai mai Chất liệu:ni chan cua day dan Áo xinh lắm, form cũng rất đẹp nữa á","Áo Khoác Hoodie Zip Nỉ Chân Cua Thêu Nổi NQ30 PRECIOUS  Form Rộng Nam Nữ Unisex (Không xù lông)","2026-08-22 14:57","48067797265","1506174776"
"áo khoác","0-360k","5","Chất liệu:ok Kiểu dáng:ok Áo Phao VIP Nữ Chần Ẩn Siêu Ấm là lựa chọn hoàn hảo cho mùa lạnh – vừa giữ ấm hiệu quả, vừa đảm bảo phong cách thanh lịch, hiện đại cho phái đẹp. Thành phần chất liệu: Vải chính: Woven 115 – 100% Polyester cao cấp. Vải lót: Woven 38 – 100% Nylon mềm mịn, trơn nhẹ.","[Bộ sưu tập THU ĐÔNG 2026] Áo khoác gió nam YODY thiết kế basic phối dây dệt, chống gió chống bụi ","2025-12-24 11:24","50018085453","1506174776"
"áo khoác","0-360k","5","Chất liệu:ok Kiểu dáng:ok Áo khoác gió nam 2 lớp siêu co giãn với công nghệ vật liệu Polyamide kết hợp 10% Elastane mang lại khả năng co giãn 4 chiều tối ưu. Cùng với kiểu dệt dobby khỏe khoắn và cấu trúc 2 lớp thoáng khí, mẫu áo này là lựa chọn hoàn hảo cho những người tìm kiếm sự thoải mái, phong cách thể thao và hiệu suất cao trong mọi hoạt động vận động.","[Bộ sưu tập THU ĐÔNG 2026] Áo khoác gió nam YODY thiết kế basic phối dây dệt, chống gió chống bụi ","2025-12-20 10:29","50018085453","1506174776"
"áo khoác","0-360k","5","Sản phẩm tốt. San phẩm Đẹp nên mua. Phù hợp khi trời gió trở lạnh .","[Bộ sưu tập THU ĐÔNG 2026] Áo khoác gió nam YODY thiết kế basic phối dây dệt, chống gió chống bụi ","2025-12-05 22:08","50018085453","1506174776"
"áo khoác","0-360k","5","Áo gió đẹp, tốn tiền vì hàng sale quá 😂, mua được giá sale, đánh giá 5 sao","[Bộ sưu tập THU ĐÔNG 2026] Áo khoác gió nam YODY thiết kế basic phối dây dệt, chống gió chống bụi ","2024-12-23 08:51","50018085453","1506174776"
"áo khoác","0-360k","5","Sản phẩm tốt mặc vừa. Nên mua khi trời đã lạnh. Phù hợp khi lạnh vừa","[Bộ sưu tập THU ĐÔNG 2026] Áo khoác gió nam YODY thiết kế basic phối dây dệt, chống gió chống bụi ","2025-12-05 21:59","50018085453","1506174776"
"áo khoác","0-360k","1","Màu sắc:không đẹp Như trên ảnh","Áo hoodie nỉ lót bông 2 lớp ấm áp cho nam nữ","2025-12-29 00:42","51666298386","1506174776"
"áo khoác","0-360k","1","Đúng với mô tả:không Màu sắc:hơi dơ Chất liệu:kém","Áo hoodie nỉ lót bông 2 lớp ấm áp cho nam nữ","2025-04-08 23:12","51666298386","1506174776"
"áo khoác","0-360k","1","Không đúng sản phẩm","Áo hoodie nỉ lót bông 2 lớp ấm áp cho nam nữ","2026-10-02 12:43","51666298386","1506174776"
"áo khoác","0-360k","2","Hơi nhỏ","Áo hoodie nỉ lót bông 2 lớp ấm áp cho nam nữ","2026-01-29 20:03","51666298386","1506174776"
"áo khoác","0-360k","3","Đúng với mô tả:Đúng mẫu nhưng bị rách Màu sắc:đen Chất liệu:vải","Áo hoodie nỉ lót bông 2 lớp ấm áp cho nam nữ","2025-10-09 11:15","51666298386","1506174776"
"áo khoác","0-360k","3","Chất lượng:cx đc Màu sắc:hơi lợt Áo rộng quá","Áo hoodie nỉ lót bông 2 lớp ấm áp cho nam nữ","2026-01-24 22:34","51666298386","1506174776"
"áo khoác","0-360k","3","Kích cỡ:mux ao to","Áo hoodie nỉ lót bông 2 lớp ấm áp cho nam nữ","2025-11-16 06:48","51666298386","1506174776"
"áo khoác","0-360k","4","Chất liệu:đẹp hơi thừa chỉ Đúng với mô tả:ấm Màu sắc:chuẩn Giao hơi lâu","Áo hoodie nỉ lót bông 2 lớp ấm áp cho nam nữ","2026-01-19 17:42","51666298386","1506174776"
"áo khoác","0-360k","4","Đẹp","Áo hoodie nỉ lót bông 2 lớp ấm áp cho nam nữ","2025-11-22 12:45","51666298386","1506174776"
"áo khoác","0-360k","4","Bung chỉ","Áo hoodie nỉ lót bông 2 lớp ấm áp cho nam nữ","2026-03-14 07:59","51666298386","1506174776"
"áo khoác","0-360k","4","Chất liệu:vảii Màu sắc:đúng như hình ảnh shop cho mặc vừa ng nhưng áo hơi dàii xíu","Áo hoodie nỉ lót bông 2 lớp ấm áp cho nam nữ","2026-03-11 11:32","51666298386","1506174776"
"áo khoác","0-360k","5","Màu sắc:đen Đúng với mô tả:đúng mô tả, tag mác dây mũ đều dúng Áo đep mặc lên phỏm rất ok","Áo hoodie nỉ lót bông 2 lớp ấm áp cho nam nữ","2026-08-26 10:42","51666298386","1506174776"
"áo khoác","0-360k","5","Chất lượng:chất liệu tốt Màu sắc:đẹp rõ nét Shop chiều khách nên mua","Áo hoodie nỉ lót bông 2 lớp ấm áp cho nam nữ","2026-01-04 09:53","51666298386","1506174776"
"áo khoác","0-360k","5","Chất liệu:mềm mại quá tốt Màu sắc:đúng hình ảnh Sau sẽ mua thêm 🥰","Áo hoodie nỉ lót bông 2 lớp ấm áp cho nam nữ","2025-11-25 19:55","51666298386","1506174776"
"áo khoác","0-360k","5","Mặc ấm đc mềm mặc rất thích và rất đẹp","Áo hoodie nỉ lót bông 2 lớp ấm áp cho nam nữ","2026-01-29 09:21","51666298386","1506174776"
"áo khoác","0-360k","5","Đúng với mô tả:đúng Màu sắc:ổn Chất liệu:ổn","Áo hoodie nỉ lót bông 2 lớp ấm áp cho nam nữ","2025-04-04 22:12","51666298386","1506174776"
"áo khoác","0-360k","5","Đúng với mô tả:Rat tot","Áo hoodie nỉ lót bông 2 lớp ấm áp cho nam nữ","2025-11-27 19:25","51666298386","1506174776"
"áo khoác","0-360k","5","Chất liệu:dàu Màu sắc:đen Cũg đc, lạnh mặc đc, đi nắng hơi nóng","Áo hoodie nỉ lót bông 2 lớp ấm áp cho nam nữ","2025-11-30 12:56","51666298386","1506174776"
"áo khoác","0-360k","5","Chất lượng:vải mềm, ấm Màu sắc:đen, hóa văn đúng như quảng cáo Đóng gói kỹ, giao hàng hơi lâu tý, hàng giống hình","Áo hoodie nỉ lót bông 2 lớp ấm áp cho nam nữ","2026-02-10 07:45","51666298386","1506174776"
"áo khoác","0-360k","5","Chất liệu:tạm đc Màu sắc:đen Đúng với mô tả:đúng như mô tả","Áo hoodie nỉ lót bông 2 lớp ấm áp cho nam nữ","2025-12-14 12:20","51666298386","1506174776"
"áo khoác","0-360k","5","Màu sắc:mauf ddepj Áo đẹp đúng với mô tả đẹp lắm nha mọi người nên mua nha","Áo hoodie nỉ lót bông 2 lớp ấm áp cho nam nữ","2025-12-21 19:49","51666298386","1506174776"
"áo khoác","0-360k","5","Áo đẹp , vừa đẹp ,phù hợp giá tiền","Áo hoodie nỉ lót bông 2 lớp ấm áp cho nam nữ","2026-01-02 00:09","51666298386","1506174776"
"áo khoác","0-360k","5","Chất liệu:Vải ok Màu sắc:Đen","Áo hoodie nỉ lót bông 2 lớp ấm áp cho nam nữ","2026-04-15 06:55","51666298386","1506174776"
"áo khoác","0-360k","5","Chất liệu:OK là gì và không thể không nói j mà bạn có 🙂‍↕️ là gì và làm j hiểu biết và có 🙂‍↕️ có 🙂‍↕️ có 🙂‍↕️ là sao hả anh phải kh cha của cô là một số loại trái tim 💓💓 Màu sắc:rủ m nói chung vs ai đó đang cập nhập cho nông lâm ngư là sao hả anh ra","Áo hoodie nỉ lót bông 2 lớp ấm áp cho nam nữ","2026-08-05 10:15","51666298386","1506174776"
"áo khoác","0-360k","5","Sản phẩm chất lượng tốt nhất là những người ta làm lâu rồi không có gì em gửi nha chị em mình đi ăn cơm eer ffgh","Áo hoodie nỉ lót bông 2 lớp ấm áp cho nam nữ","2025-05-29 20:00","51666298386","1506174776"
"áo khoác","0-360k","5","Chất liệu:dày dạnh Màu sắc:cũng khá ổn","Áo hoodie nỉ lót bông 2 lớp ấm áp cho nam nữ","2026-04-21 23:13","51666298386","1506174776"
"áo khoác","0-360k","5","Chất liệu:tốt Màu sắc:đẹp","Áo hoodie nỉ lót bông 2 lớp ấm áp cho nam nữ","2026-07-31 23:59","51666298386","1506174776"
"áo khoác","0-360k","5","Màu sắc:oki Chất liệu:dầy Đúng với mô tả:đúng màu trong mũ lợt không đậm giống trong hình","Áo hoodie nỉ lót bông 2 lớp ấm áp cho nam nữ","2025-11-15 09:32","51666298386","1506174776"
"áo khoác","0-360k","5","Chất liệu:tot Màu sắc:Đẹp","Áo hoodie nỉ lót bông 2 lớp ấm áp cho nam nữ","2026-02-08 09:27","51666298386","1506174776"
"áo khoác","0-360k","5","Ổn với tầm giá","Áo hoodie nỉ lót bông 2 lớp ấm áp cho nam nữ","2026-01-31 12:11","51666298386","1506174776"
"áo khoác","0-360k","5","Con mều bếu noày noá tên loà đự bầu noá siêu cue toe phâu moai que","Áo hoodie nỉ lót bông 2 lớp ấm áp cho nam nữ","2025-12-11 17:48","51666298386","1506174776"
"áo khoác","0-360k","1","Shop đóng gói sơ sài để vết bẩn dính lên áo. Đây là hàng mình đem đi tặng vậy ai mà dám tặng nữa","Áo khoác nữ dáng lửng chất liệu kaki 2 lớp cao cấp chống nắng, chắn gió hiệu quả, nhiều màu sắc và kích cỡ","2026-06-10 20:33","46614875665","1506174776"
"áo khoác","0-360k","1","ko đúng mô tả size","Áo khoác nữ dáng lửng chất liệu kaki 2 lớp cao cấp chống nắng, chắn gió hiệu quả, nhiều màu sắc và kích cỡ","2026-06-16 13:57","46614875665","1506174776"
"áo khoác","0-360k","1","Đúng với mô tả:ko đúng như mô tả Màu tệ quá nhìn cứ già già sao á, vải cx ko ưng.nhưng màu áo thì tệ vô cx","Áo khoác nữ dáng lửng chất liệu kaki 2 lớp cao cấp chống nắng, chắn gió hiệu quả, nhiều màu sắc và kích cỡ","2026-09-16 12:58","46614875665","1506174776"
"áo khoác","0-360k","1","Chất liệu:vải mỏng Đúng với mô tả:không đúng Áo mỏng bị dơ giặt không ra nhiều dữ thừa đường may không kĩ","Áo khoác nữ dáng lửng chất liệu kaki 2 lớp cao cấp chống nắng, chắn gió hiệu quả, nhiều màu sắc và kích cỡ","2026-09-17 12:51","46614875665","1506174776"
"áo khoác","0-360k","1","Màu sắc:nâu Chất liệu:mỏng Màu rất nhạt không giống như shop mô tả","Áo khoác nữ dáng lửng chất liệu kaki 2 lớp cao cấp chống nắng, chắn gió hiệu quả, nhiều màu sắc và kích cỡ","2026-09-24 12:24","46614875665","1506174776"
"áo khoác","0-360k","3","Tôi đã nhận được sản phẩm và tôi cảm thấy hài lòng với chất lượng sản phẩm. Giao hàng nhanh chóng và cẩn thận. Xin cảm ơn","Áo khoác nữ dáng lửng chất liệu kaki 2 lớp cao cấp chống nắng, chắn gió hiệu quả, nhiều màu sắc và kích cỡ","2026-06-25 23:34","46614875665","1506174776"
"áo khoác","0-360k","3","Chất liệu:ok Màu sắc:ok Hk có túi trong, còn túi ngoài thì nông hk đủ để nhét 1 cái đt nữa. Túi này hk để đc đồ đâu nha","Áo khoác nữ dáng lửng chất liệu kaki 2 lớp cao cấp chống nắng, chắn gió hiệu quả, nhiều màu sắc và kích cỡ","2026-07-17 12:19","46614875665","1506174776"
"áo khoác","0-360k","3","Chất liệu:vải dày , ấm Màu sắc:màu chuẩn Mua size M mà giao size S chán quá cơ (hình ảnh chỉ mang tính chất nhận xu)","Áo khoác nữ dáng lửng chất liệu kaki 2 lớp cao cấp chống nắng, chắn gió hiệu quả, nhiều màu sắc và kích cỡ","2026-08-23 15:24","46614875665","1506174776"
"áo khoác","0-360k","3","Áo ngắn. M7 xl cũng ko vừa. Vải mỏng. Đổi hàng shop ko cho","Áo khoác nữ dáng lửng chất liệu kaki 2 lớp cao cấp chống nắng, chắn gió hiệu quả, nhiều màu sắc và kích cỡ","2026-06-11 19:03","46614875665","1506174776"
"áo khoác","0-360k","4","Áo xinh đẹp chất vải dày dặn tay áo hơi dài một chút phía dưới áo hơi bó","Áo khoác nữ dáng lửng chất liệu kaki 2 lớp cao cấp chống nắng, chắn gió hiệu quả, nhiều màu sắc và kích cỡ","2026-07-11 09:43","46614875665","1506174776"
"áo khoác","0-360k","4","Chất liệu:kaki Màu sắc:nau Cũng cũng 73kg cao 1m65 nó form boxy hay gì á mặc nó ngắn ngủn à , chất hơi nóng tạm ổn vs giá đó r","Áo khoác nữ dáng lửng chất liệu kaki 2 lớp cao cấp chống nắng, chắn gió hiệu quả, nhiều màu sắc và kích cỡ","2026-06-25 13:09","46614875665","1506174776"
"áo khoác","0-360k","4","Chất lượng:tốt Màu sắc:nâu Mik 54kg mặc hơi nhỏ😿","Áo khoác nữ dáng lửng chất liệu kaki 2 lớp cao cấp chống nắng, chắn gió hiệu quả, nhiều màu sắc và kích cỡ","2026-07-25 23:44","46614875665","1506174776"
"áo khoác","0-360k","4","Giao hàng đủ số lượng sản phẩm  Cập nhật trang thái giao hàng thường xuyên.","Áo khoác nữ dáng lửng chất liệu kaki 2 lớp cao cấp chống nắng, chắn gió hiệu quả, nhiều màu sắc và kích cỡ","2026-09-24 21:27","46614875665","1506174776"
"áo khoác","0-360k","4","Chất liệu:tốt Màu sắc:siu đẹp Áo đẹp nhm tui 53kg m61 đặt sz M cx vừa mà chắc tui thik mặc rộng hơn xíu nên thấy áo hơi nhỏ á mặc mới tới eo thoi ,tay áo dài vừa đủ ko rộng ko chật,ít chỉ thừa , đường may đẹp chắc chắn . Nchung mặc cx ok nhm ai thik rộng thì nên cân nhắc mua sz L nha .Còn lại đều ổn hết á nên mua nhaa","Áo khoác nữ dáng lửng chất liệu kaki 2 lớp cao cấp chống nắng, chắn gió hiệu quả, nhiều màu sắc và kích cỡ","2026-07-08 10:11","46614875665","1506174776"
"áo khoác","0-360k","5","Chất liệu:vải đẹp Đúng với mô tả:rất đẹp đúng form Màu sắc:giống100% Áo mềm mịn, vải sờ thích tay Dễ phối đồ. Có sz để chọn rất okela Mn ủng hộ shop nha","Áo khoác nữ dáng lửng chất liệu kaki 2 lớp cao cấp chống nắng, chắn gió hiệu quả, nhiều màu sắc và kích cỡ","2026-05-23 10:37","46614875665","1506174776"
"áo khoác","0-360k","5","Chất liệu:kaki dày dặn Màu sắc:nâu Chất vải kaki dày dặn, mặc lên rất đứng form đẹp nha, màu nâu dễ phối đồ, shop ship nhanh lắm, lần đầu tiên mua hàng mà ưng vậy, nhất định sẽ mua thêm","Áo khoác nữ dáng lửng chất liệu kaki 2 lớp cao cấp chống nắng, chắn gió hiệu quả, nhiều màu sắc và kích cỡ","2026-07-19 20:25","46614875665","1506174776"
"áo khoác","0-360k","5","Đúng với mô tả:như ảnh Màu sắc:be be Chất liệu:dày mịn Chất lượng sản phẩm tuyệt vời,đóng gói sản phẩm rất đẹp và chắc chắn,shop phục vụ rất nhiệt tình ,áo xinh lắm nhé","Áo khoác nữ dáng lửng chất liệu kaki 2 lớp cao cấp chống nắng, chắn gió hiệu quả, nhiều màu sắc và kích cỡ","2026-05-21 15:49","46614875665","1506174776"
"áo khoác","0-360k","5","Chất lượng:dày dặn, đúng form, thoải mái Màu sắc:đúng màu Màu nâu y ảnh ko bị sẫm quá, áo chất lượng, may ko có miếng chỉ thừa nào. Săn sale quá hời, chất lượng rất tốt. Mình m55 55kg mặc rộng rãi thoải mái, form áo rộng lửng nên ko chạm mông đâu.","Áo khoác nữ dáng lửng chất liệu kaki 2 lớp cao cấp chống nắng, chắn gió hiệu quả, nhiều màu sắc và kích cỡ","2026-07-23 11:14","46614875665","1506174776"
"áo khoác","0-360k","5","Chất liệu:kaki Màu sắc:nau den Áo quá oke, mình m60 mới lên kí nên 60kg mình mua size M mà quá đẹp, ko có gì để chê, dày dặn, màu đậm màu nha, mình thích mấy màu đậm như này, giặt sẽ ko bị ngả màu quá nhanh, mặc lên nhìn sang hẳn ra, aiu của tui còn cho tui tiền quất thêm 1c nữa màu đen 🤧","Áo khoác nữ dáng lửng chất liệu kaki 2 lớp cao cấp chống nắng, chắn gió hiệu quả, nhiều màu sắc và kích cỡ","2026-07-16 23:56","46614875665","1506174776"
"áo khoác","0-360k","5","Chất liệu:kaki Đúng với mô tả:đúng Màu sắc:be form đẹp, vải tốt, mẫu đẹp. Giao hàng: nhanh, đặt ngày hôm qua thì ngày hôm nay đã giao đến. Giá ổn, màu đúng với mô tả, giao hàng tương đối nhanh (mình ở Sài Gòn và nhận được hàng sau","Áo khoác nữ dáng lửng chất liệu kaki 2 lớp cao cấp chống nắng, chắn gió hiệu quả, nhiều màu sắc và kích cỡ","2026-05-21 15:59","46614875665","1506174776"
"áo khoác","0-360k","5","Chất liệu:Dày dặn, mềm mịn, chắc tay Màu sắc:Đẹp như hình ảnh, tôn da Dạ shop đóng gói hàng cẩn thận và giao hàng nhanh ạ.","Áo khoác nữ dáng lửng chất liệu kaki 2 lớp cao cấp chống nắng, chắn gió hiệu quả, nhiều màu sắc và kích cỡ","2026-06-28 14:33","46614875665","1506174776"
"áo khoác","0-360k","5","Chất liệu:Đẹp mềm Màu sắc:đúng như hình ảnh Chất lượng sản phẩm tốt , đóng gói sản phẩm rất đẹp và chắc chắn , phù hợp với giá tiền , giao hàng nhanh.","Áo khoác nữ dáng lửng chất liệu kaki 2 lớp cao cấp chống nắng, chắn gió hiệu quả, nhiều màu sắc và kích cỡ","2026-05-22 11:08","46614875665","1506174776"
"áo khoác","0-360k","5","Chất liệu:vải kaki dày dặn có lót ở trong mặc ấm vẫn ok nha Màu sắc:nâu đẹp nha, mặc sáng da  mà thấy ít người mua quá kkkk","Áo khoác nữ dáng lửng chất liệu kaki 2 lớp cao cấp chống nắng, chắn gió hiệu quả, nhiều màu sắc và kích cỡ","2026-07-14 22:50","46614875665","1506174776"
"áo khoác","0-360k","5","Đúng với mô tả:đúng Chất liệu:kaki be Màu sắc:be Hàng ưng lắm lùn nhận hàng bị bất ngờ vì áo dày dặn hơn nhìu so vs ảnh miêu tả của shop . Nên chọn size vừa nha k là nó bị dài / rộng á","Áo khoác nữ dáng lửng chất liệu kaki 2 lớp cao cấp chống nắng, chắn gió hiệu quả, nhiều màu sắc và kích cỡ","2026-09-11 22:01","46614875665","1506174776"
"áo khoác","0-360k","5","Chất liệu:kaki Màu sắc:nau áo đẹp nha mn. Mình mua để mặc đi Đà Lạt. Nhưng mà chất này mặc ở tphcm thì cũng không bị nóng đâu","Áo khoác nữ dáng lửng chất liệu kaki 2 lớp cao cấp chống nắng, chắn gió hiệu quả, nhiều màu sắc và kích cỡ","2026-07-22 12:57","46614875665","1506174776"
"áo khoác","0-360k","5","Màu sắc:giống ảnh Chất liệu:kaki Hàng nhận về tay ok, dùng được ... đóng gói cẩn thận, ok ok Vải ok lằm nha giao hàng nhanh lằm nha, giao đúng sản phẩm xinh nha","Áo khoác nữ dáng lửng chất liệu kaki 2 lớp cao cấp chống nắng, chắn gió hiệu quả, nhiều màu sắc và kích cỡ","2026-05-21 12:14","46614875665","1506174776"
"áo khoác","0-360k","5","Sản phẩm rất đẹp, đúng như mô tả, đóng gói cẩn thận và giao hàng nhanh. Chất lượng tốt, sử dụng rất hài lòng, sẽ tiếp tục ủng hộ shop trong những lần mua sau.","Áo khoác nữ dáng lửng chất liệu kaki 2 lớp cao cấp chống nắng, chắn gió hiệu quả, nhiều màu sắc và kích cỡ","2026-07-04 22:02","46614875665","1506174776"
"áo khoác","0-360k","5","Màu sắc:đẹp Chất liệu:ok Đúng với mô tả:ok Sản phẩm quá đẹp. Mua ngoài shop hơn 200 luôn ấy. Mọi người nên mua ạ Hàng nhận về tay ok, dùng được ........ đóng gói cẩn thận,  ok ok","Áo khoác nữ dáng lửng chất liệu kaki 2 lớp cao cấp chống nắng, chắn gió hiệu quả, nhiều màu sắc và kích cỡ","2026-05-22 10:08","46614875665","1506174776"
"áo khoác","0-360k","5","Chất liệu:kaki Màu sắc:đẹp Sản phẩm giao hàng nhanh, đóng gói cẩn thận, dùng rất thích vải dày dặn, đáng tiền mua, sẽ ủng hộ tiếp","Áo khoác nữ dáng lửng chất liệu kaki 2 lớp cao cấp chống nắng, chắn gió hiệu quả, nhiều màu sắc và kích cỡ","2026-07-20 13:16","46614875665","1506174776"
"áo khoác","0-360k","5","Sản phẩm nhận được đúng như mô tả, đóng gói rất cẩn thận nên khi nhận hàng không bị hư hỏng hay móp méo. Chất lượng khá tốt so với mức giá, sử dụng đúng công năng và đáp ứng được nhu cầu của mình. Giao hàng nhanh hơn dự kiến, shop tư vấn nhiệt tình, phản hồi tin nhắn nhanh. Mình khá hài lòng với trải nghiệm mua sắm lần này. Nếu có nhu cầu sẽ tiếp tục ủng hộ shop và cũng sẽ giới thiệu cho bạn bè, người thân. Hy vọng shop luôn giữ vững chất lượng sản phẩm và dịch vụ như hiện tại. Chúc shop buôn may bán đắt!","Áo khoác nữ dáng lửng chất liệu kaki 2 lớp cao cấp chống nắng, chắn gió hiệu quả, nhiều màu sắc và kích cỡ","2026-07-12 12:37","46614875665","1506174776"
"áo khoác","0-360k","5","Vải dày, mịn không bị khô cứng vải, font đẹp, đóng gói kỹ càng lắm","Áo khoác nữ dáng lửng chất liệu kaki 2 lớp cao cấp chống nắng, chắn gió hiệu quả, nhiều màu sắc và kích cỡ","2026-07-13 21:39","46614875665","1506174776"
"áo khoác","0-360k","5","Chất liệu:dày dặn Màu sắc:nâu Chất liệu ok màu siêu đẹp siêu sang vải đg may kĩ đẹp lăm","Áo khoác nữ dáng lửng chất liệu kaki 2 lớp cao cấp chống nắng, chắn gió hiệu quả, nhiều màu sắc và kích cỡ","2026-06-13 16:50","46614875665","1506174776"
"áo khoác","0-360k","5","Chất liệu:vải kaki mềm, áo dày Màu sắc:màu áo đệp Phomr áo croptop mặc ngang lưng quần rộng rãi mặc thoải mái","Áo khoác nữ dáng lửng chất liệu kaki 2 lớp cao cấp chống nắng, chắn gió hiệu quả, nhiều màu sắc và kích cỡ","2026-08-31 20:39","46614875665","1506174776"
"áo khoác","0-360k","5","Chất liệu:vải kaki mềm mịn , chống nắng tốt Màu sắc:màu đẹp như hình Hàng ưng lắm ạ, mới đầu nhìn giá mình cx phân vân sợ rẻ nên hàng k chất lượng, nhưng giao về thì vượt cả mong đợi luôn ạ","Áo khoác nữ dáng lửng chất liệu kaki 2 lớp cao cấp chống nắng, chắn gió hiệu quả, nhiều màu sắc và kích cỡ","2026-08-18 10:17","46614875665","1506174776"
"áo khoác","0-360k","1","Áo ko đúng với quảng cáo .thất vọng ko mặc được ko chuẩn dáng nói chung là sấu.mình cũng mua một cái màu đó. cũng số thế của shop khác mặc đẹp chất vải cũng đẹp .nhưng shop này chán","Áo khoác nam nữ 2 lớp in ngực chống nước chống gió","2024-12-06 21:50","10949197569","28622024"
"áo khoác","0-360k","1","Chật","Áo khoác nam nữ 2 lớp in ngực chống nước chống gió","2026-07-22 11:04","10949197569","28622024"
"áo khoác","0-360k","3","Mặc quá nóng. Nóng muốn chết đi sống lại. Ko ổn. Áo dù vậy mà OK. Tuy đẹp màu rất đẹp. Nhưng chất liệu như vầy mặc vào ướt hết áo. Mua 2 cái rồi đem cho người ta hết.","Áo khoác nam nữ 2 lớp in ngực chống nước chống gió","2024-02-11 13:08","10949197569","28622024"
"áo khoác","0-360k","3","Sp không đúng với video đã quay, nhưng nhận hàng vi VC hàng quá xa mà shop và shiper cũng làm rất tốt.","Áo khoác nam nữ 2 lớp in ngực chống nước chống gió","2024-10-02 11:57","10949197569","28622024"
"áo khoác","0-360k","3","Chất lượng sản phẩm:ddc Đúng với mô tả:bt Áo mỏng, tạm ổn thôi, săn sale nên k chê gì cả, hi vọng shop cải thiện chỗ ntin vs khách hàng đọc hướng dẫn xong k tìm đc","Áo khoác nam nữ 2 lớp in ngực chống nước chống gió","2025-02-05 20:10","10949197569","28622024"
"áo khoác","0-360k","3","tồi","Áo khoác nam nữ 2 lớp in ngực chống nước chống gió","2025-11-13 06:39","10949197569","28622024"
"áo khoác","0-360k","3","Dúng henn","Áo khoác nam nữ 2 lớp in ngực chống nước chống gió","2024-04-06 11:01","10949197569","28622024"
"áo khoác","0-360k","3","“Tôi thấy những kẻ chết, cả lớn và nhỏ, đứng trước tòa, và các sách thì mở ra. Cũng có mở một quyển sách khác nữa, là sách sự sống; những kẻ chết bị xử-đoán tùy công-việc mình làm, cứ như lời đã biên trong những sách ấy. Biển đem trả những người chết mình chứa; Sự chết và Âm-phủ cũng đem trả những người chết mình có. Mỗi người trong bọn đó bị xử-đoán tùy công-việc mình làm. Đoạn, Sự chết và Âm-phủ bị quăng xuống hồ lửa. Hồ lửa là sự chết thứ hai. Kẻ nào không được biên vào sách sự sống đều bị ném xuống hồ lửa.” ‭‭Khải-huyền‬ ‭20‬:‭12‬-‭15‬ ‭VIE1925‬‬ https://bible.com/bible/193/rev.20.13-15.VIE1925","Áo khoác nam nữ 2 lớp in ngực chống nước chống gió","2024-11-27 11:05","10949197569","28622024"
"áo khoác","0-360k","4","Chất lượng sản phẩm:đẹp Đúng với mô tả:ok Hàng đẹp đúng với mô tả","Áo khoác nam nữ 2 lớp in ngực chống nước chống gió","2023-10-13 23:45","10949197569","28622024"
"áo khoác","0-360k","4","Đã nhận hàng, nói chung là hàng cũng ok, đúng với giá cả, mua để đi thể thao","Áo khoác nam nữ 2 lớp in ngực chống nước chống gió","2024-12-24 10:18","10949197569","28622024"
"áo khoác","0-360k","4","Chất lượng sản phẩm:phù hợp giá tiền Đúng với mô tả:ok","Áo khoác nam nữ 2 lớp in ngực chống nước chống gió","2025-12-13 18:43","10949197569","28622024"
"áo khoác","0-360k","4","Chất lượng sản phẩm:tốt Đúng với mô tả:áo hơi chật","Áo khoác nam nữ 2 lớp in ngực chống nước chống gió","2025-02-01 10:01","10949197569","28622024"
"áo khoác","0-360k","4","chất liệu chống nước, chống gió.. , giá sau voucher ~ 90k/ áo... đã mua loại này trc đây dùng rồi, 2c xanh rêu bạc màu rất nhanh, giá 1 trăm mấy 1 áo... điểm trừ là đường may mớm, khoá nhanh hỏng","Áo khoác nam nữ 2 lớp in ngực chống nước chống gió","2026-07-10 20:24","10949197569","28622024"
"áo khoác","0-360k","4","Tạm ok","Áo khoác nam nữ 2 lớp in ngực chống nước chống gió","2024-12-30 13:17","10949197569","28622024"
"áo khoác","0-360k","4","Sp ok","Áo khoác nam nữ 2 lớp in ngực chống nước chống gió","2025-11-12 22:06","10949197569","28622024"
"áo khoác","0-360k","5","Đúng với mô tả:đúng Chất lượng sản phẩm:tốt Shop giao hàng nhanh.sản phẩm đúng mô tả.chất lượng tốt.mjk mua hộ nên ko có ảnh của sản phẩm","Áo khoác nam nữ 2 lớp in ngực chống nước chống gió","2024-11-01 06:11","10949197569","28622024"
"áo khoác","0-360k","5","Đúng với mô tả:đúng Chất lượng sản phẩm:quá ok Đã nhận đủ.giao nhanh.hàng đẹp xuất sắc mua combo 2c mak nhận ko tin chưa đc 100k mak mua cái áo gió xịn xì vậy.vải đẹp ko bí.fom đẹp thoải mái nữa.mua 1cap 2vkck mặc vừa đẹp lun.nên mua nha mn ơi","Áo khoác nam nữ 2 lớp in ngực chống nước chống gió","2025-02-24 12:22","10949197569","28622024"
"áo khoác","0-360k","5","Chất lượng sản phẩm:đẹp Đúng với mô tả:Đúng Sốp đóng gói vận vận chuyển nhanh nhân viên giao thân thiện lần sau mưa ủng hộ sốp","Áo khoác nam nữ 2 lớp in ngực chống nước chống gió","2025-04-25 19:13","10949197569","28622024"
"áo khoác","0-360k","5","Chất lượng sản phẩm:tốt Đúng với mô tả:yes Đặt áo màu đỏ nhạn hàng thấy rất đẹp, ứng lắm, hihi, áo này tết nawmnnay mà ấm thit mặc ngoài với áo len bên trong là rất ok","Áo khoác nam nữ 2 lớp in ngực chống nước chống gió","2023-10-28 05:36","10949197569","28622024"
"áo khoác","0-360k","5","Hàng đẹp,chất lượng,giá thành ổn,giao hàng nhanh,không có gì đáng phàn nàn,nói chung rất nên mua nha mn😚video hình ảnh chi mang tính chất nhận xu😆😄","Áo khoác nam nữ 2 lớp in ngực chống nước chống gió","2022-04-20 18:35","10949197569","28622024"
"áo khoác","0-360k","5","Đúng với mô tả:đúng Chất lượng sản phẩm:ok Sp ok so với giá tiền .cho shop 5* sẽ ủng hộ tiếp","Áo khoác nam nữ 2 lớp in ngực chống nước chống gió","2024-12-02 17:17","10949197569","28622024"
"áo khoác","0-360k","5","Màu đỏ đẹp tươi ,shop bán đúng mẫu mã quảng cáo bán đủ số lượng mua đóng gói sản phẩm cẩn thận giao hàng nhanh ,❤","Áo khoác nam nữ 2 lớp in ngực chống nước chống gió","2024-12-19 11:37","10949197569","28622024"
"áo khoác","0-360k","5","Chất lượng sản phẩm:tạm được Đúng với mô tả:đúng Hơi nhiều chỉ thừa nhưng săn được giá rẻ nên cũng được. Hàng giao nhanh.","Áo khoác nam nữ 2 lớp in ngực chống nước chống gió","2025-10-16 15:16","10949197569","28622024"
"áo khoác","0-360k","5","Chất vải đẹp mặc mát nha mọi người nói chung thì mình rất ưng ý Mình m49 49 kg mặc sz l vừa vặn  Mua 2 cái nên mỗi cái 100k quá rẻ","Áo khoác nam nữ 2 lớp in ngực chống nước chống gió","2022-05-09 08:44","10949197569","28622024"
"áo khoác","0-360k","5","Chất lượng sản phẩm:đẹp áo đẹp ,chất đẹp ,dày dặn , k tin được là với giá đó mà được áo chất lượng như vậy","Áo khoác nam nữ 2 lớp in ngực chống nước chống gió","2023-10-23 14:19","10949197569","28622024"
"áo khoác","0-360k","5","Chất lượng sản phẩm:rất đẹp Đúng với mô tả:Đúng với mô tả Mình nhận được áo rất thích hàng đẹp chất lượng rất ok","Áo khoác nam nữ 2 lớp in ngực chống nước chống gió","2023-10-13 23:49","10949197569","28622024"
"áo khoác","0-360k","5","Sản phẩm ok chất lượng tốt, giá cả phải chăng. Mình mặc thử rồi.","Áo khoác nam nữ 2 lớp in ngực chống nước chống gió","2025-08-25 23:35","10949197569","28622024"
"áo khoác","0-360k","5","Đúng với mô tả:đúng Chất lượng sản phẩm:ok Sp ok so với giá tiền ,sẽ ủng hộ shop tiếp .cho shop 5*","Áo khoác nam nữ 2 lớp in ngực chống nước chống gió","2024-12-15 20:48","10949197569","28622024"
"áo khoác","0-360k","5","Đúng với mô tả:ok Chất lượng sản phẩm:ok Hàng giao nhanh chất s lượng sản phẩm phù hợp với giá      ..  cả. Ok ...","Áo khoác nam nữ 2 lớp in ngực chống nước chống gió","2024-11-01 22:06","10949197569","28622024"
"áo khoác","0-360k","5","Giao hàng nhanh,đóng gói kỹ, nhìn đẹp, mặc thử thấy lớp lưới bên trong  mặc hơi khó chịu.chất lượng ko biết như nào như cho shop 5 sao trước","Áo khoác nam nữ 2 lớp in ngực chống nước chống gió","2024-12-08 15:51","10949197569","28622024"
"áo khoác","0-360k","5","Đúng với mô tả:y hình Chất lượng sản phẩm:ổn Lớp lưới bên trong áo hơi cứng, chắc mặc vài lần sẽ khác","Áo khoác nam nữ 2 lớp in ngực chống nước chống gió","2025-10-06 18:26","10949197569","28622024"
"áo khoác","0-360k","5","Đã nhận đúng nhận đủ số lượng đã đặt hài lòng sản phẩm giống như mô tả","Áo khoác nam nữ 2 lớp in ngực chống nước chống gió","2024-06-24 16:25","10949197569","28622024"
"áo khoác","0-360k","5","Hàng đúng mẫu mã. Đóng gói cẩn thận. Sẽ ủng hộ shop những lần tiếp theo. Hình ảnh mang tính chất nhận xu.","Áo khoác nam nữ 2 lớp in ngực chống nước chống gió","2026-09-23 15:22","10949197569","28622024"
"áo khoác","0-360k","5","Áo đẹp k nghĩ với giá tiền đó mà áo lại xịn xò như vậy , sẽ ủng hộ shop","Áo khoác nam nữ 2 lớp in ngực chống nước chống gió","2025-10-02 07:02","10949197569","28622024"
"áo khoác","0-360k","5","Áo đẹp với giá tiền đúng mẫu mã ok lắm","Áo khoác nam nữ 2 lớp in ngực chống nước chống gió","2024-07-22 23:47","10949197569","28622024"
"áo khoác","0-360k","1","Chất liệu:nỉ Màu sắc:xám trắng Đúng với mô tả:không đúng lắm Tháy áo và màu áo cũng đẹp nhưng hơi sai với ảnh mà shop để trên mạng vì mình thấy sai ở chỗ khóa kéo với mình thấy vải khá mỏng chứ không dày dặn như phần đánh giá đã nói","Áo khoác nỉ form rộng cổ cao phối dây zip trẻ trung, hiện đại","2025-05-18 13:41","49468012973","1506174776"
"áo khoác","0-360k","1","Màu sắc:xám chuột Đúng với mô tả:không khác hoàn toàn với ảnh của shop đăng","Áo khoác nỉ form rộng cổ cao phối dây zip trẻ trung, hiện đại","2025-02-17 12:38","49468012973","1506174776"
"áo khoác","0-360k","1","Đúng với mô tả:giống Màu sắc:xám chuột Chất liệu:vải Nhìn sơ qua thì giống hình, nhưng nhìn kĩ thì cái mình mua có khóa kéo khác hoàn toàn, nhìn rất thô và ko đẹp, trong hình shop đăng rõ là khóa kéo khác. Nếu áo này dưới 150k thì mình không nói, đằng này mình mua 170k. Không đáng so với giá tiền, vải mỏng, mỗi màu áo là đẹp thôi. Lần đầu mua cũng là lần cuối Lúc mua vô coi đánh giá thấy người khác mua toàn cái đẹp tới lượt mình hơi xui hay sao ấy🤣🤣","Áo khoác nỉ form rộng cổ cao phối dây zip trẻ trung, hiện đại","2025-01-18 20:48","49468012973","1506174776"
"áo khoác","0-360k","1","Màu sắc:màu thì đẹp Đúng với mô tả:đ giống tí nào 😞😞 Chất liệu:mỏng dính luôn á , tệ hếc sức tệ 😀😀 Áo thì đc mỗi màu là đẹp , gia công tạm được , nhưng nó đ giống mẫu , vs cả nó mỏng quá chừng luôn ấy","Áo khoác nỉ form rộng cổ cao phối dây zip trẻ trung, hiện đại","2025-11-01 13:02","49468012973","1506174776"
"áo khoác","0-360k","1","Màu sắc:xám Chất liệu:vải Đúng với mô tả:không đúng nhé cả nhà Shop xem lại giúp Mik với cúc 1 khóa mà  ảnh 2 khóa  Áo mỏng không đẹp tí nào  Áo này xứng đáng 99k thôi rất không hay lòng  Tệ quá tệ","Áo khoác nỉ form rộng cổ cao phối dây zip trẻ trung, hiện đại","2025-01-06 13:31","49468012973","1506174776"
"áo khoác","0-360k","1","Áo có 1 lớp ik ra ngoài đường lạnh ngắt","Áo khoác nỉ form rộng cổ cao phối dây zip trẻ trung, hiện đại","2025-02-26 08:13","49468012973","1506174776"
"áo khoác","0-360k","1","Đúng với mô tả:không đúng Chất liệu:nỉ Màu sắc:đen Đăng hình bán dây kéo 2 đầu, áo khoác có túi, gửi về dây kéo 1 đầu, áo lại không có túi, là sao dị shop ơi, uy tín ở đâuuuuu","Áo khoác nỉ form rộng cổ cao phối dây zip trẻ trung, hiện đại","2025-02-21 11:41","49468012973","1506174776"
"áo khoác","0-360k","1","Gửi sai hàng , kg có trách nhiệm xử lí vấn đề, rất tệ , đừng ai mua","Áo khoác nỉ form rộng cổ cao phối dây zip trẻ trung, hiện đại","2025-02-06 20:52","49468012973","1506174776"
"áo khoác","0-360k","1","Đúng với mô tả:sai Màu sắc:đen Chất liệu:vải mỏng from nhỏ , xấu, sai với hình , không phải khoá 2 đầu","Áo khoác nỉ form rộng cổ cao phối dây zip trẻ trung, hiện đại","2025-01-17 13:07","49468012973","1506174776"
"áo khoác","0-360k","1","Đúng với mô tả:không Chất liệu:tốt Màu sắc:đen Đặt màu xám thì shop giao màu đen ạ, nhắn tin hai ba ngày rồi shop chưa rep hay phản hồi gì 🥲 🤌","Áo khoác nỉ form rộng cổ cao phối dây zip trẻ trung, hiện đại","2025-01-20 18:51","49468012973","1506174776"
"áo khoác","0-360k","1","cái duma áo nó 6 đau 6 đơn vải như cái thảm chùi chân nhà t chỉ thì từa lưa ối dồi ôi cái dây áo thì cùi mía nói chung là thấy xấu còn mắc, rcm mn mua thì size xl luôn đi còn vớt vát dc ít tiền😇😇😇","Áo khoác nỉ form rộng cổ cao phối dây zip trẻ trung, hiện đại","2025-09-27 18:36","49468012973","1506174776"
"áo khoác","0-360k","1","Đừng mua áo này nhé phí tiền lắm . Mỏng tèo tèo chả ấm . Áo trong ảnh dày lắm í kêu lót nỉ này nỉ kia . Mua về ko cả dày bằng mặt t áo phồng rõ đẹp về xẹp lép . T 41 cân size M còn ngắn cũn chả hiểu kiểu j . Sau shop bán  hàng có tâm vào nhé","Áo khoác nỉ form rộng cổ cao phối dây zip trẻ trung, hiện đại","2025-11-04 19:18","49468012973","1506174776"
"áo khoác","0-360k","1","Xin phép đánh giá 1 sao và sau đây là lí do : Em có đặt 2 cái áo khác màu và size shop giao em 2 cái cùng màu cùng size. Khi em nhắn shop cũng xin lỗi và hứa sẽ gửi lại em 10k coi như lời xin lỗi. Và sau khi em đồng ý là shop mất hút luôn 🙂 (lưu ý : shop mới nhắn xong chưa đợi em trả lời đã mất hút rồi, kiểu xin lỗi cho có ý ạ)  Áo thì cũng bình thường không dày cũng không mỏng lắm 😌 from khong được như hình shop đăng đâu  Em xin né 🙂","Áo khoác nỉ form rộng cổ cao phối dây zip trẻ trung, hiện đại","2025-03-15 11:32","49468012973","1506174776"
"áo khoác","0-360k","1","Màu sắc:đen Chất liệu:kh biết Đúng với mô tả:kh biết Shop làm ăn kh uy tín gì hết🙂đặt áo này về áo kia , rõ ràng áo t đặt màu xám mà về thành màu đen, áo thì cũng bình thường đã thế nhắn hỏi shop còn chả thèm trả lời thì t cũng chịu cái shop đấy☺️","Áo khoác nỉ form rộng cổ cao phối dây zip trẻ trung, hiện đại","2025-01-20 19:04","49468012973","1506174776"
"áo khoác","0-360k","1","Ko giống hình, khoá chỉ có một zip, vãi mỏng mũ cũng ko có to","Áo khoác nỉ form rộng cổ cao phối dây zip trẻ trung, hiện đại","2025-09-06 11:46","49468012973","1506174776"
"áo khoác","0-360k","1","xấu, khác hoàn toàn với hình minh hoạ, ăn cắp chất xám, mỏng vl thề, làm ăn không có tâm","Áo khoác nỉ form rộng cổ cao phối dây zip trẻ trung, hiện đại","2025-06-05 22:02","49468012973","1506174776"
"áo khoác","0-360k","1","Thật sự mình chưa đánh giá shop nào 1 sao nhưng shop quá tệ. Hàng đặt trước mình phải đợi gần 2 tuần mới có nhưng shop lại giao sai màu. Nhắn tin lại cho shop thì chỉ nhận được hẳn 1 cái sticker. Mình có nhắn thêm nhưng shop chỉ onl và không trả lời. Shop chọn cách giải quyết như vậy thì khác nào shop giao sai hàng xong không chịu trách nhiệm đâu? Giao từ Bắc vào Nam nên mình cũng không muốn việc đổi trả hàng sẽ rất khó khăn nhưng mình chẳng nhận được 1 lời nói nào từ shop cả nhận được chỉ là 1 cái sticker có chữ xin lỗi xong rồi im lặng online nhưng chẳng rep tin nhắn mình nữa. 2 cái áo hơn 300k cũng ko phải rẻ thời gian chờ đợi thì lâu nhưng mà shop giải quyết như vậy thì thôi coi như mình xui mua phải hàng của shop. Xin cảm ơn","Áo khoác nỉ form rộng cổ cao phối dây zip trẻ trung, hiện đại","2025-02-12 11:07","49468012973","1506174776"
"áo khoác","0-360k","1","Đúng với mô tả:khong Màu sắc:xám Chất liệu:nỉ bong Rất mỏng , nhỏ :))) mặc dù đặt size XL :))))trên hình để dày dặn nhưng giao tới rất xấu :)))","Áo khoác nỉ form rộng cổ cao phối dây zip trẻ trung, hiện đại","2025-09-13 15:16","49468012973","1506174776"
"áo khoác","0-360k","1","Đúng với mô tả:cực kỳ sai nt hỏi thì shop bảo là khoá kéo 2 đầu nhưng giao thì chỉ có 1 đầu. Ảnh mô tả có túi trong nhưng nhận hàng lại k có. Chỗ móc khóa bị vàng khè tẩy k được.  1m6 52kg sz M hơi ôm người, theo mình thấy mng nên mua sz L hoặc XL sẽ ok hơn... trải nghiệm lần đầu tệ quá, sẽ k mua lại.","Áo khoác nỉ form rộng cổ cao phối dây zip trẻ trung, hiện đại","2025-03-26 18:09","49468012973","1506174776"
"áo khoác","0-360k","1","Màu sắc:như lònp Chất liệu:mỏng Đúng với mô tả:sai Mặc như người ngoài hành tinh","Áo khoác nỉ form rộng cổ cao phối dây zip trẻ trung, hiện đại","2025-04-03 08:54","49468012973","1506174776"
"áo khoác","0-360k","2","Chất liệu:áo xấu nha đừng mua nói thật áo mắc mã vải mỏng 1erfh0bovob9cuc7c7f8g8g9g9gb9 õb9g744Tuvivbbobobivy5d5s6d8g9hob8v6x5d","Áo khoác nỉ form rộng cổ cao phối dây zip trẻ trung, hiện đại","2025-01-19 14:15","49468012973","1506174776"
"áo khoác","0-360k","2","Chất liệu:màu xám tốt màu đen mỏng như vải rẻ tiền Màu sắc:đen, xám Đặt cùng 1 size, cùng 1 kiểu mà giao ra thì 1 cái nhẹ te 1 cái thì nặng, cái màu đen cái vải nó mỏng ròi đường may thì cẩu thả lộ chỉ thừa rất nhiều, chưa kể cái zip 2 cái áo cũng khác nhau, cùng là size XL mà sao cái đen lại nhỏ hơn cái xám. Nói chung đặt cùng 1 shop mà như đặc 2 shop khác nhau vậy đó. Được cái màu xám rất tốt và xinh nên cho 2 sao.","Áo khoác nỉ form rộng cổ cao phối dây zip trẻ trung, hiện đại","2025-05-23 18:05","49468012973","1506174776"
"áo khoác","0-360k","2","Đúng với mô tả:giống hình Màu sắc:đúng Chất liệu:vải khá mỏng","Áo khoác nỉ form rộng cổ cao phối dây zip trẻ trung, hiện đại","2025-06-10 11:54","49468012973","1506174776"
"áo khoác","0-360k","2","Kbt mn như nào nma mình mua thì áo k được ưng, áo bị nhăn nheo và bị gãy vải rất nhiều, mik có nt hỏi shop có ủi được k và shop có nhắn lại là không, r mik lại nt shop bảo shop giải quyết giúp mik mà shop kêu hoàn lại 10k mà trong khi đó mik mua cái áo 160k, từ hôm kia cho đến bâyh shop vẫn chưa trl tin nhắn của mik dù mik đã rất kiên nhẫn để shop giải quyết mà shop làm vầy mik thất vọng quá, không phải mik ghét hay là k cho cơ hội shop làm ăn nhưng từ khi nhận cái áo về đến bâyh gần 1 tuần r mà shop vẫn k giải quyết được cái áo cho mik mà shop còn bảo là hoàn lại 10k nx:(( v th thì 10k shop cứ giữ lấy luôn đi ạ^^ Đây chỉ là ý kiến và quan điểm của riêng mik th ạ, mong shop có thể khắc phục lỗi áo và bán hàng cho mn tốt hơn","Áo khoác nỉ form rộng cổ cao phối dây zip trẻ trung, hiện đại","2025-07-17 12:33","49468012973","1506174776"
"áo khoác","0-360k","2","Chất liệu:mỏng Màu sắc:đẹp không được dày , và rộng như ảnh","Áo khoác nỉ form rộng cổ cao phối dây zip trẻ trung, hiện đại","2026-09-09 11:44","49468012973","1506174776"
"áo khoác","0-360k","2","Chất liệu:Chất liệu vải khá mỏng. Đường chỉ khâu rất nhiều lỗi có vài chỗ đường khâu nhue muốn bung ra. Chỉ thừa quá nhiều Vì tôi đã lỡ cắt mạt nên k trả hành được điêù này thì là lỗi của tôi nhưng khi nhận hành tôi thất thấy vọng vì chất lượng hàng quá tệ. Ai đặt nhớ chú ý kiểm tra trước khi gỡ mạt.","Áo khoác nỉ form rộng cổ cao phối dây zip trẻ trung, hiện đại","2026-09-12 15:21","49468012973","1506174776"
"áo khoác","0-360k","2","nhìn bên ngoài áo trông oge và dày dặn nhưng thực chất bên trong khá nhiều chỉ thừa, lỗi khâu nhiều, 2 túi bên trong k được đính cố định vào áo mà để rời, kiểu thiết kế rất hỏi chấm. Nếu ai mua thì phải chấp nhận việc áo trông rất lởm đồng thời chỉ được cái mã bên ngoài mà k phải là chất lượng thực sự","Áo khoác nỉ form rộng cổ cao phối dây zip trẻ trung, hiện đại","2025-10-28 19:16","49468012973","1506174776"
"áo khoác","0-360k","2","Chất liệu:chất liệu vải có lót nhỉ ở trong, khá mỏng nhưng giá cả này khá hợp lý Màu sắc:đen 54kg chọn size nhưng vẫn không rộng lắm, khá khít người, mũ trùm cũng không được đẹp, cảm giác giống size M","Áo khoác nỉ form rộng cổ cao phối dây zip trẻ trung, hiện đại","2026-02-26 17:08","49468012973","1506174776"
"áo khoác","0-360k","2","khá là thất vọng vì chất áo mỏng có thể ko nói mà chỉ thừa nhiều quá ko đang vs giá tiền bỏ ra","Áo khoác nỉ form rộng cổ cao phối dây zip trẻ trung, hiện đại","2025-09-29 18:18","49468012973","1506174776"
"áo khoác","0-360k","2","Màu sắc:t miêu tả là nỉ bông nhưng nỉ nó lạ lắm rất mỏng may thì ẩu không thể đứng form được màu dây, khoé kéo, tay áo nhìn vừa cũ vừa dơ  chỉ thừa quá nhiều  áo Không dày nhé m.n  sp có thể lỗi một chút, xỉn màu một chút nhưng mà dơ thì không chịu được !","Áo khoác nỉ form rộng cổ cao phối dây zip trẻ trung, hiện đại","2025-01-20 16:20","49468012973","1506174776"
"áo khoác","0-360k","2","theo như ảnh shop để thì là kéo được khoá 2 đầu trên dưới luôn , nhưng nhận về thì chỉ kéo được từ dưới lên trên thôi nha :))) kiểu cái hình áo thì giống khoá kéo thì không nha . Mai mốt để ảnh sao giao hàng vậy dùm nha :)))","Áo khoác nỉ form rộng cổ cao phối dây zip trẻ trung, hiện đại","2025-05-26 21:30","49468012973","1506174776"
"áo khoác","0-360k","2","Chất liệu:cũng ok đó mọi người vải nhìn chung k xù lắm nha Màu sắc:màu gì ấy mình k biết Mình 1m62 ,55kg mình đặt size L nó không dài qua mông đâu nha với tay áo k được dài lắm để đủ che nắng khi mình đi học đâu các bác ạ !!!  Và Mình nghĩ đây là dành cho các bạn thích bốc hộp nha))) trước lúc mình mua mình cũng đọc rất nhiều đánh giá và sau hơn chục đánh giá mình mới quyết định mua và mình rất chi là mong chờ khi hàng về để nhận con áo này , lúc đầu là mình cũng có thấy vài cái đánh giá là nói là áo mỏng này kia với lại giao saii ạ kiểu khoá 2 chiều mà giao 1 chiều á mọi người,  và mình nghĩ mình sẽ là một người may mắn mình sẽ nhận một con áo okk hoàn chỉnh?? Nhưng không nha ,!!! Nó rất nhiều chỉ thừa kéo cả đoạn dài..))) và thứ đặc biệt nhất của em áo này là cái khoá 2 chiều!!! Nhưng giao hàng lại là con áo với cái khoá 1 chiều các bro ạ?! Thật sự rất thất vọng luôn á mọi người mình đã hủy trả hàng tận 2 lần tại vừa thích mà vừa muốn hoàn trả vccc)) nhma cuối cùng mình vẫn hủy tại nhìn chung áo cx khá ok chỉ là HƠI MỎNG tí HƠI NHIỀU CHỈ THỪA tí và HƠI SAI tí HƠI HƠI tí thôi nha)))uhm ... Mấy bạn nào mua thì mình nghĩ nên ib kĩ cho shop đi nha tại thật sự sẽ ngất xỉu khi nhận đc hành ,!!! NHƯNG thật sự thì áo khá đẹp mn ạ Mình","Áo khoác nỉ form rộng cổ cao phối dây zip trẻ trung, hiện đại","2026-04-22 15:52","49468012973","1506174776"
"áo khoác","0-360k","2","Màu sắc:đẹp Chất liệu:mỏng Khong giống mô tả,vải mỏng ,khong có túi trong,khong có hai đầu khóa kéo,from 6","Áo khoác nỉ form rộng cổ cao phối dây zip trẻ trung, hiện đại","2025-07-26 17:09","49468012973","1506174776"
"áo khoác","0-360k","2","Tưởng khoaa trên dưới mà kh phải","Áo khoác nỉ form rộng cổ cao phối dây zip trẻ trung, hiện đại","2025-03-06 15:26","49468012973","1506174776"
"áo khoác","0-360k","2","T ít khi chê hàng lắm nhưng thực sự nó rất tệ, cái túi áo là vải dù thì phải, chỉ thừa quá trời luôn má, t nhắt bớt rồi mà lúc mở bên trong ra còn hú hồn. T mua size M nó không rộng lắm. Trông kì","Áo khoác nỉ form rộng cổ cao phối dây zip trẻ trung, hiện đại","2026-02-06 08:08","49468012973","1506174776"
"áo khoác","0-360k","2","Đúng với mô tả:Không Màu sắc:Đúng Chất liệu:Nỉ, mỏng Dây kéo 1 chiều, không túi, mũ thì to, phần thân áo thì ngắn, không rộng thoải mái như hình, các nút trên áo chỉ may vào trang trí chứ không bấm nút được, vải siêu mỏng, tiền nào của nấy, thất vọng","Áo khoác nỉ form rộng cổ cao phối dây zip trẻ trung, hiện đại","2025-02-19 19:35","49468012973","1506174776"
"áo khoác","0-360k","2","Mẫu áo y chang chỉ khác mỗi cái chất liệu với độ dày thôi. Xem đánh giá thấy ai cũng bảo dày mà mua về mặc thì mỏng tênh đứng hơi nắng là thấy luôn màu áo trong luôn. Giá tiền này có thể mua nhiều loại dày hơn. Chất liệu thì sau khi mua giặc lần đầu đã có dâu hiệu bông chỉ 😌","Áo khoác nỉ form rộng cổ cao phối dây zip trẻ trung, hiện đại","2025-07-31 17:49","49468012973","1506174776"
"áo khoác","0-360k","2","Miêu tả hai khóa sao cs1 khoá v ạ","Áo khoác nỉ form rộng cổ cao phối dây zip trẻ trung, hiện đại","2025-02-13 22:48","49468012973","1506174776"
"áo khoác","0-360k","2","áo xấu ác luôn á trời vải chưa giặt nữa bị xù lông r má","Áo khoác nỉ form rộng cổ cao phối dây zip trẻ trung, hiện đại","2025-02-15 18:00","49468012973","1506174776"
"áo khoác","0-360k","2","Màu sắc:đúng Đúng với mô tả:tạm Chất liệu:bình thường Không phải loại áo khoác 2 khóa kéo 2 đầu như trong ảnh, nên cân nhắc","Áo khoác nỉ form rộng cổ cao phối dây zip trẻ trung, hiện đại","2025-08-11 10:57","49468012973","1506174776"
"áo khoác","0-360k","3","Chất liệu:nỉ bông mỏng nhẹ Màu sắc:xám chuột Shop giao hàng nhanh,sản phẩm tương đối ổn có điều vải nỉ khá mỏng,phù hợp với các bạn nữ hơn from áo đẹp đường may ổn,nhưng xét về không được đẹp như trên ảnh","Áo khoác nỉ form rộng cổ cao phối dây zip trẻ trung, hiện đại","2026-04-03 11:37","49468012973","1506174776"
"áo khoác","0-360k","3","Mới mua về mặc đc 1 lần rồi mang đi giặt, giặt xong thấy rách rồi ☺️ giá rẻ nên ko yêu cầu cao nhưng như này thì hơi ...","Áo khoác nỉ form rộng cổ cao phối dây zip trẻ trung, hiện đại","2025-01-19 15:02","49468012973","1506174776"
"áo khoác","0-360k","3","Đúng với mô tả:chỉ một dây kéo Chất liệu:tốt Màu sắc:xám chuột","Áo khoác nỉ form rộng cổ cao phối dây zip trẻ trung, hiện đại","2025-02-19 18:54","49468012973","1506174776"
"áo khoác","0-360k","3","Màu sắc:xám tiu Đúng với mô tả:giống lắm Chất liệu:0 bt Chất lượng vải oce cx khá dày,nh phần dây kéo 0 đúng vs mô tả,minh họa là dây kéo 2 chiều nh nhận hàng chỉ cs 1,vs khóa kéo nhìn rất lỏng lẻo 0 đc chắc chắng,mũ cx 0 đc giống hình minh họa,bảo cs túi trong nh nhận 0 cs,áo cx đc nh 0 đúng mẫu","Áo khoác nỉ form rộng cổ cao phối dây zip trẻ trung, hiện đại","2025-05-22 11:25","49468012973","1506174776"
"áo khoác","0-360k","3","Màu sắc:xám Đúng với mô tả:nhỏ Chất liệu:vải Giao hàng nhanh, tuy nhiên hơi nhỏ so với kích thước. Tui 42kg đặt size L mà còn thấy nhỏ","Áo khoác nỉ form rộng cổ cao phối dây zip trẻ trung, hiện đại","2025-11-03 21:41","49468012973","1506174776"
"áo khoác","0-360k","3","Chất liệu:chất liệu không giống như hình lắm nhưng mà nói thì vẫn tạm Đường may:đường may áo rất ok nha lêm from đẹp Dây áo mỏng với lại ko có 2 dây kéo như hình đâu nón còn nhỏ nữa","Áo khoác nỉ form rộng cổ cao phối dây zip trẻ trung, hiện đại","2026-02-27 13:47","49468012973","1506174776"
"áo khoác","0-360k","3","Màu sắc:xam Chất liệu:nỉ Đúng với mô tả:áo đẹp , hơi mỏng . sao túi kiểu nayd kiẻu kia v , xong còn khâu ẩu nữa","Áo khoác nỉ form rộng cổ cao phối dây zip trẻ trung, hiện đại","2025-11-04 18:40","49468012973","1506174776"
"áo khoác","0-360k","3","Đúng với mô tả:không Chất liệu:vải Màu sắc:trắng Mua giá cũng như bao ng khác Nói đắt cx kh phải đắt mà cũng kh phải rẻ  Áo mỏng và kéo khoá chỉ có 1 khoá không giống như mô tả. Nói áo hai lớp nhưng có một lớp rất mỏng không như mô tả","Áo khoác nỉ form rộng cổ cao phối dây zip trẻ trung, hiện đại","2025-01-25 15:41","49468012973","1506174776"
"áo khoác","0-360k","3","Màu sắc:đen Đúng với mô tả:. Chất liệu:vải vải hơi mỏng, tôi thích mũ to hơn, mũ này hơi nhỏ, nhieu chỉ thừa, dây nhỏ hơi ọp ẹp, áo vừa thôi chứ k qua mong","Áo khoác nỉ form rộng cổ cao phối dây zip trẻ trung, hiện đại","2025-10-23 06:13","49468012973","1506174776"
"áo khoác","0-360k","3","Màu sắc:ổn Chất liệu:tạm Đúng với mô tả:không^^? áo mình nhận về k giống vs áo của những bn khác, chỉ có khoá 1 đầu, chất vải bên trg cx k giống? ee ý là tưởng uy tín 😞?","Áo khoác nỉ form rộng cổ cao phối dây zip trẻ trung, hiện đại","2025-01-21 11:55","49468012973","1506174776"
"áo khoác","0-360k","3","Chất dải xấu from thấy ghê màu thì cx đc ko nên mua chút nào bye shop","Áo khoác nỉ form rộng cổ cao phối dây zip trẻ trung, hiện đại","2026-01-29 18:23","49468012973","1506174776"
"áo khoác","0-360k","3","Vải mỏng mang vào nhìn thấy áo bên trong luôn zá cũm 160k oáy mà chất áo như 90k ngoài chợ, :))) form ổn, đẹp; chất vải hơi nóng/đi ra ngoài nắng thì vừa không che được nắng do quá mỏng vừa nóng nữa nchung là chỉ mang khoác nhẹ khi đi buổi tối thui oáy : ]]]","Áo khoác nỉ form rộng cổ cao phối dây zip trẻ trung, hiện đại","2025-03-12 18:47","49468012973","1506174776"
"áo khoác","0-360k","3","Áo màu xám nên để khoá màu xám, để màu trắng không hợp. Chun gấu áo và tay áo mỏng, dễ dão. Nói chung là tạm được","Áo khoác nỉ form rộng cổ cao phối dây zip trẻ trung, hiện đại","2025-11-10 22:36","49468012973","1506174776"
"áo khoác","0-360k","3","Chất liệu:vải Đường may:cũng ổn Ý là nhìn hình mẫu cũng ko tới nỗi nào mà sao về cảm thấy có chút... thất vọng, vải nóng với ngứa, ko được thoải mái cho lắm 😓","Áo khoác nỉ form rộng cổ cao phối dây zip trẻ trung, hiện đại","2026-06-20 16:33","49468012973","1506174776"
"áo khoác","0-360k","3","Màu sắc:đẹp Đúng với mô tả:vải kh giầy Chất liệu:kh tốt","Áo khoác nỉ form rộng cổ cao phối dây zip trẻ trung, hiện đại","2025-09-07 05:47","49468012973","1506174776"
"áo khoác","0-360k","3","Chất liệu:vải mỏng hơn so với tưởng tượng Màu sắc:ổn Ban đầu thấy trên ảnh ổn nhưng khi hàng về thì thấy không giống. Phần zip thì chỉ có một trong khi ảnh minh hoạ là 2 zip","Áo khoác nỉ form rộng cổ cao phối dây zip trẻ trung, hiện đại","2026-08-02 11:15","49468012973","1506174776"
"áo khoác","0-360k","3","nghĩ giá tiền này thì nó mỏng nhưng thấy nó hơi mỏng qá í","Áo khoác nỉ form rộng cổ cao phối dây zip trẻ trung, hiện đại","2025-02-06 16:14","49468012973","1506174776"
"áo khoác","0-360k","3","Hàng loại 2 chỉ thừa vải dễ xù lông. K có 2 khoá kéo như ảnh.","Áo khoác nỉ form rộng cổ cao phối dây zip trẻ trung, hiện đại","2026-03-01 08:48","49468012973","1506174776"
"áo khoác","0-360k","3","Áo xám mà may chỉ đen lộ ra nha, áo 1 lớp mỏng, có vài vết xù nha, giao sai màu, nên tăng size nha mng","Áo khoác nỉ form rộng cổ cao phối dây zip trẻ trung, hiện đại","2024-12-23 17:17","49468012973","1506174776"
"áo khoác","0-360k","3","Chất liệu:ok Đường nét:ok Màu sắc:ok mik nhận hàng thì khá hụt hẫng vì hàng ko như kì vọng. Áo như ảnh shop đăng là khoá 2 chiều mà mik nhận thấy nó chỉ như mấy cái hoodie zip bth nên cx thất vọng, áo cx nhỏ hơn so vs mik nghĩ vì mik thik mặc rộng nên ms đặt xl. Nchung mik vẫn mặc ok nm trải nghiệm hơi tiếc ạ","Áo khoác nỉ form rộng cổ cao phối dây zip trẻ trung, hiện đại","2025-12-13 12:06","49468012973","1506174776"
"áo khoác","0-360k","4","*Kiểu dáng: không có túi trong, nón vừa đầu, không  to lắm, phần tay áo không cánh dơi. Form Rộng, zip kéo tiện lợi, hoạ tiết đơn giản dễ phối đồ  *Chất liệu: Nỉ bông , kiểu dáng trẻ trung hiện đại, rất dễ kết hợp mix&amp;match nhiều phong cách phù hợp cho cả nam lẫn nữ. *Hướng dẫn sử dụng :  Giặt với nước lạnh hoặc ấm  Không sử dụng thuốc tẩy  Ủi ở nhiệt độ trung bình Giặt tay để giữ độ bền lâu nhất","Áo khoác nỉ form rộng cổ cao phối dây zip trẻ trung, hiện đại","2025-09-08 20:36","49468012973","1506174776"
"áo khoác","0-360k","4","Chất liệu:ổn, nhưng theo mình thấy thì mỏng không dày lắm Đường may:ok nói chung là ở mức ổn, mình 1m6 42kg mặc size m thì vừa vặn luôn mà mình là người thích mặc rộng nên bạn nào có kích cỡ tương đối giống mình mà thấy mặc rộng thì nên mua size l nhé.","Áo khoác nỉ form rộng cổ cao phối dây zip trẻ trung, hiện đại","2026-07-23 14:20","49468012973","1506174776"
"áo khoác","0-360k","4","Chất liệu:dầy mặc ấm ạ Đường may:có chút chỉ thừa mình nhỏ con nên m hơi rộng hình ảnh hơi mờ ạ nhma xinh lắm,mình nghĩ sẽ hai dây kéo và nhma với giá này thì mọi người nên mua nhé lên from cũng xinh lắm ạ hai túi rộng vừa để điện thoại mũ khá to tay chun chắc chắn xinh ạ nên mua!!❤️❤️❤️","Áo khoác nỉ form rộng cổ cao phối dây zip trẻ trung, hiện đại","2026-05-29 12:20","49468012973","1506174776"
"áo khoác","0-360k","4","Đúng với mô tả:oh Màu sắc:ok Chất liệu:ok Mỗi ngày trôi qua là một cơ hội mới để bắt đầu lại, để yêu thương, học hỏi và trưởng thành hơn. Dù hôm nay có khó khăn đến đâu, chỉ cần giữ niềm tin và lòng kiên nhẫn, ngày mai sẽ luôn có ánh sáng chờ ta phía trước. ✨","Áo khoác nỉ form rộng cổ cao phối dây zip trẻ trung, hiện đại","2025-10-08 14:11","49468012973","1506174776"
"áo khoác","0-360k","4","Màu sắc:xám chuột Giaoo nhạn vải bình thường kh giày lắm đâu nha nên muaa","Áo khoác nỉ form rộng cổ cao phối dây zip trẻ trung, hiện đại","2025-04-08 12:36","49468012973","1506174776"
"áo khoác","0-360k","4","Đúng với mô tả:cx cx Chất liệu:vải Màu sắc:trắng Áo mua thì cũng đc, nhưng mà mình khuyên bạn nên mua hang real, chứ mình thấy là áo này có rất nhiều chỉ thừa, vải bên trong áo không được mềm cho lắm, mặc hơi ngứa, mũ thì cx ko to, tóm lại mình thấy cx đc, shop cx dth, mà mình nghĩ nếu các bạn mà muốn mua áo khoác rẻ nhưng sài đc thì các bạn mua cái này, chứ tui thấy nó mỏng hơn so với tưởng tượng","Áo khoác nỉ form rộng cổ cao phối dây zip trẻ trung, hiện đại","2025-08-26 16:27","49468012973","1506174776"
"áo khoác","0-360k","4","Màu sắc:đen Đúng với mô tả:đúng với mô tả mình thấy nó giống size L hơn size M","Áo khoác nỉ form rộng cổ cao phối dây zip trẻ trung, hiện đại","2025-08-27 17:06","49468012973","1506174776"
"áo khoác","0-360k","4","Đúng với mô tả:1 zip Màu sắc:đen mặc dù chỉ 1 zip nhma giá v cũng rất ok r","Áo khoác nỉ form rộng cổ cao phối dây zip trẻ trung, hiện đại","2025-02-10 18:50","49468012973","1506174776"
"áo khoác","0-360k","4","Chất liệu:ok Đúng với mô tả:ok Màu sắc:ok Sau khi đọc bài này không có gì mà phải nói là có thể dùng để chơi với con nít nó cũng có thể là do các bạn ấy nói là không có","Áo khoác nỉ form rộng cổ cao phối dây zip trẻ trung, hiện đại","2025-12-11 09:27","49468012973","1506174776"
"áo khoác","0-360k","4","Đúng với mô tả:dung Màu sắc:xam Chất liệu:nỉ Áo giống hình, form to nhưng có dây tua rua dài rất bất tiện nên mình tháo ra luôn, áo vải nỉ gây bí nóng lắm nhưng mặc kín, vải hơi mỏng không chống nắng tốt lắm","Áo khoác nỉ form rộng cổ cao phối dây zip trẻ trung, hiện đại","2025-06-19 23:25","49468012973","1506174776"
"áo khoác","0-360k","4","Chất liệu:chất vải nỉ Màu sắc:màu xám Giao hàng nhanh Chất lượng ổn Sẽ còn tiếp tục ủng hộ","Áo khoác nỉ form rộng cổ cao phối dây zip trẻ trung, hiện đại","2026-05-13 15:59","49468012973","1506174776"
"áo khoác","0-360k","4","😍thấy ok","Áo khoác nỉ form rộng cổ cao phối dây zip trẻ trung, hiện đại","2024-12-19 19:01","49468012973","1506174776"
"áo khoác","0-360k","4","Chất liệu:vải Đúng với mô tả:đúng Màu sắc:trắng Tháy khá là bình thường k ngắn k dàiii778ioook","Áo khoác nỉ form rộng cổ cao phối dây zip trẻ trung, hiện đại","2025-08-11 14:11","49468012973","1506174776"
"áo khoác","0-360k","4","Chất liệu:vải cũng tạm à Màu sắc:mau xám trắng này giặt mấy lần là ở lưng bông ra mấy sợi lông ngứa luôn","Áo khoác nỉ form rộng cổ cao phối dây zip trẻ trung, hiện đại","2026-06-26 18:37","49468012973","1506174776"
"áo khoác","0-360k","4","Chất liệu:vải dày, khô thoáng Áo đẹp , khá hợp với chiều cao của tôi Khi khác sẽ ré thăm.","Áo khoác nỉ form rộng cổ cao phối dây zip trẻ trung, hiện đại","2026-03-23 14:43","49468012973","1506174776"
"áo khoác","0-360k","4","Chất liệu:Nir boong Màu sắc:Dung mai Sp ok, đúng mô tả. Hình minh hoạ","Áo khoác nỉ form rộng cổ cao phối dây zip trẻ trung, hiện đại","2026-06-10 18:01","49468012973","1506174776"
"áo khoác","0-360k","4","vải mỏng ko có được dày , dính bẩn dính màu lên áo ,","Áo khoác nỉ form rộng cổ cao phối dây zip trẻ trung, hiện đại","2025-08-15 11:27","49468012973","1506174776"
"áo khoác","0-360k","4","Màu sắc:xám tiêu Chất liệu:vải Kiểu áo thì đẹp nha, shop nhắn tin cũng rất thân thiện, có điều áo không như mong đợi của mình lắm, vải áo không được dày, với lại áo cũng không giống trên hình lắm, khoá kéo của mình là khoá liền chứ không phải khoá 2 đầu, cơ mà với giá này thì vậy cũng ok rồi ^^ * Hình ảnh chỉ mang tính chất lấy xu","Áo khoác nỉ form rộng cổ cao phối dây zip trẻ trung, hiện đại","2025-07-25 10:07","49468012973","1506174776"
"áo khoác","0-360k","4","2 cái khoá kéo của mình đâu shop? Trên ảnh là có 2 cái khoá mà nhận đx có 1 cái nên mặc ko đúng kiểu mình muốn r, giao trễ hẹn 1 ngày lm chờ quá tr, nhưng đx cái vải tốt nên ko sao","Áo khoác nỉ form rộng cổ cao phối dây zip trẻ trung, hiện đại","2025-11-30 11:31","49468012973","1506174776"
"áo khoác","0-360k","4","Chất liệu:bông Cổ chx đc cao cho lắm với lên form cũng khá ổn á mền ấm cũng đc với thành giá này thì ko có quá nhiều để đòi hỏi rùi","Áo khoác nỉ form rộng cổ cao phối dây zip trẻ trung, hiện đại","2025-12-08 17:30","49468012973","1506174776"
"áo khoác","0-360k","5","Đúng với mô tả:💯 Màu sắc:xám Chất liệu:nỉ bông Thiết kế đẹp nhaa, áo mặc ấm, bên trong có lớp nỉ dày, giao hàng nhanh,săn sale rẻ. Quá okela💞","Áo khoác nỉ form rộng cổ cao phối dây zip trẻ trung, hiện đại","2025-09-12 18:29","49468012973","1506174776"
"áo khoác","0-360k","5","Đúng với mô tả:đúng Màu sắc:xám Tr oi tui thấy hàng đẹp lắm nha mng, ban đầu cũng phân vân sợ mua màu xám sợ k đẹp mà mua về thấy đẹp lắm mng ạ=)) đúng màu tui nghĩ luôn á, màu xám xám đúng gu tui luôn. Sản phẩm ôk nên bà nào muốn mua mà đắn đo sợ k đẹp thì cứ yên tâm nhê","Áo khoác nỉ form rộng cổ cao phối dây zip trẻ trung, hiện đại","2025-06-21 15:29","49468012973","1506174776"
"áo khoác","0-360k","5","Chất liệu:chất nỉ bông nhưng chỉ có 1 lớp ko dày cx ko mỏng Đường nét:form siêu đẹp mặc rộng thoải mái nhưng ko bị over Màu sắc:xám chuột","Áo khoác nỉ form rộng cổ cao phối dây zip trẻ trung, hiện đại","2025-11-03 18:24","49468012973","1506174776"
"áo khoác","0-360k","5","Chất liệu:vải Đúng với mô tả:đúng Màu sắc:xám màu xám nhạt xinh lắm, trông mỏng nhưng mà mặc khá ấm, mình m5 mua size L mặc thoải mái lắm lun, rất đúng ý mình","Áo khoác nỉ form rộng cổ cao phối dây zip trẻ trung, hiện đại","2025-02-18 07:31","49468012973","1506174776"
"áo khoác","0-360k","5","Màu sắc:xám chuột Đúng với mô tả:đúng Chất liệu:nỉ Áo giống hình Mặc vừa, thoải mái Màu sắc đẹp, ok Mũ rộng với to hơn xí thì ok","Áo khoác nỉ form rộng cổ cao phối dây zip trẻ trung, hiện đại","2025-08-01 17:21","49468012973","1506174776"
"áo khoác","0-360k","5","Đúng với mô tả:đúng Màu sắc:xám tiêu Mặc đẹp vs chất vải ko quá mỏng đâu, vừa vặn và ko có chỉ thừa siêu đẹp","Áo khoác nỉ form rộng cổ cao phối dây zip trẻ trung, hiện đại","2025-11-27 13:38","49468012973","1506174776"
"áo khoác","0-360k","5","Chất liệu:vải Đúng với mô tả:đúng Màu sắc:xám đẹp Sản phẩm tuyệt vời, đúng với mô tả. Giao hàng nhanh chóng, shipper thân thiện dễ mến  Đóng gói cẩn thận, có thể thấy tâm huyết của người bán. Hộp không bị móp méo, vận chuyển rất tốt. Thời gian giao hàng nhanh chóng, tôi không phải chờ đợi quá lâu để nhận sản phẩm. Chất lượng sản phẩm vượt mong đợi. Tôi rất hài lòng với trải nghiệm mua hàng này. Sản phẩm chất lượng tốt, đóng gói cẩn thận, giao hàng nhanh.","Áo khoác nỉ form rộng cổ cao phối dây zip trẻ trung, hiện đại","2025-02-21 09:57","49468012973","1506174776"
"áo khoác","0-360k","5","Sản phẩm đẹp, vải khá dày, đúng mẫu mã, shop giao hàng nhanh tư vấn nhiệt tình, sẽ ủng hộ thêm nữa kkkkGiao hàng nhanh, vải áo đẹp vừa vặn, mọi người nên mua!!!:₫:₫;!!!ac","Áo khoác nỉ form rộng cổ cao phối dây zip trẻ trung, hiện đại","2024-12-03 14:37","49468012973","1506174776"
"áo khoác","0-360k","5","Rất ít khi sản phẩm quần áo mua onl có thể làm mình hài lòng. Và cũng ít khi mình khen hàng của shop nào nếu sản phẩm ko thật sự làm mình happy. Và thật sự thì mình rất hài lòng với sản phẩm của shop, vải dày chắc, hình in tốt, đường may ổn và form chuẩn, mình mặt rất ưng. Hi vọng shop tiếp tục có những sản phẩm tốt hơn nữa. Mình sẽ típ tục ủng hộ.đẹp rẻ , mình mua mấy lần rồi lần nào cũng ưng hết, nhân vui thì vui vẻ, rất thích shopAC","Áo khoác nỉ form rộng cổ cao phối dây zip trẻ trung, hiện đại","2024-12-03 14:44","49468012973","1506174776"
"áo khoác","0-360k","5","Chất liệu:rất là okla nhà nm nên mua chất liệu vải dày dặn mặc fom rất đẹp Màu sắc:hài hoà đúng với quảng cáo Nma nên thử mua nhà","Áo khoác nỉ form rộng cổ cao phối dây zip trẻ trung, hiện đại","2025-05-11 09:04","49468012973","1506174776"
"áo khoác","0-360k","5","Chất liệu:tot Đúng với mô tả:dung Màu sắc:đen Vượt qua mức mong đợi . Hàng tốt mà giá lại rẻ . From chuẩn . Mn nên mua và sử dụng nha . Ship rất nhanh . Đã mua 2-3l","Áo khoác nỉ form rộng cổ cao phối dây zip trẻ trung, hiện đại","2025-08-09 14:26","49468012973","1506174776"
"áo khoác","0-360k","5","Chất liệu:dày dặn Đường may:đep Áo xinh và giá thành rẻ, chất áo dày dặn lắm hiao hàng nhanh recommend mng nên mua ạ k hối hận đâu","Áo khoác nỉ form rộng cổ cao phối dây zip trẻ trung, hiện đại","2026-05-15 18:50","49468012973","1506174776"
"áo khoác","0-360k","5","Chất liệu:vải Đúng với mô tả:cực xinh Màu sắc:xám Áo này nhìn cực kỳ xinh luôn nhìn trong video thì đẹp không biết về thế nào Ai dè về thì cực kỳ ưng ý luôn á Nói chung 10 điểm rất vừa nha","Áo khoác nỉ form rộng cổ cao phối dây zip trẻ trung, hiện đại","2025-02-12 12:10","49468012973","1506174776"
"áo khoác","0-360k","5","Đã nhận được hàng rồi nha shop. Ship rất nhanh. Sản phẩm rất hài lòng. Đặc biệt sản phẩm vừa in. Nhân viên tư vấn rất cẩn thận. GOODđẹp+ hợp giá tiền+ nói chung là OK+ đáng ủng hộ shop tiếp nhé..... bất ngờ chất lượng sản phẩm tốt lắm + tks shop sẽ tiếp tục ủng hộ","Áo khoác nỉ form rộng cổ cao phối dây zip trẻ trung, hiện đại","2024-12-03 14:41","49468012973","1506174776"
"áo khoác","0-360k","5","Màu sắc:xam Đúng với mô tả:đúng Chất liệu:ok Giao hàng nhanh chóng, đóng gói cẩn thận, đánh giá chỉ để nhận xu thôi, hàng thấy ddC nha :))","Áo khoác nỉ form rộng cổ cao phối dây zip trẻ trung, hiện đại","2025-10-25 20:01","49468012973","1506174776"
"áo khoác","0-360k","5","Sản phẩm có chất lượng tốt, thiết kế đẹp và đúng như mô tả. Sử dụng tiện lợi, hoạt động ổn định, đáp ứng nhu cầu hằng ngày. Đóng gói cẩn thận, giao hàng nhanh. Mức giá hợp lý so với chất lượng. Tôi hài lòng và sẽ tiếp tục ủng hộ trong những lần mua sau.","Áo khoác nỉ form rộng cổ cao phối dây zip trẻ trung, hiện đại","2026-08-14 14:15","49468012973","1506174776"
"áo khoác","0-360k","5","Chất liệu:vừa Đường nét:vừa Màu sắc:đúng Sản phẩm gây ấn tượng ngay từ thiết kế hiện đại, nhỏ gọn nhưng chắc chắn, cầm nắm thoải mái và phù hợp nhiều đối tượng. Bao bì được đóng gói cẩn thận, tạo cảm giác chuyên nghiệp. Khi trải nghiệm thực tế, sản phẩm hoạt động ổn định, tính năng đáp ứng đúng nhu cầu hằng ngày và mang lại hiệu quả vượt mong đợi. Điểm cộng là chất liệu bền, dễ vệ sinh, sử dụng liên tục mà ít gặp trục trặc. Tuy nhiên, vẫn còn một vài hạn chế nhỏ như màu sắc chưa đa dạng hoặc thời lượng pin chưa thật sự nổi bật so với đối thủ. So với các sản phẩm cùng phân khúc, đây là lựa chọn đáng cân nhắc nhờ sự cân bằng giữa chất lượng và giá thành. Nếu bạn đang tìm kiếm một sản phẩm tiện dụng, bền bỉ và chi phí hợp lý thì đây chắc chắn là lựa chọn phù hợp.”","Áo khoác nỉ form rộng cổ cao phối dây zip trẻ trung, hiện đại","2025-11-21 20:37","49468012973","1506174776"
"áo khoác","0-360k","5","Màu sắc:xám tiêu nhạt Giao nhanh, đóng gói chắc chắn, áo ko dày cũng ko quá mỏng vs mức giá như vậy tương đối ok nè.","Áo khoác nỉ form rộng cổ cao phối dây zip trẻ trung, hiện đại","2026-02-08 03:57","49468012973","1506174776"
"áo khoác","0-360k","5","Đúng với mô tả:đún Chất liệu:vải, trong là j đó mềm Màu sắc:xám trắng Đẹp ,có nơ cute, ai tay dài thòn lòn chọn size bự nhất","Áo khoác nỉ form rộng cổ cao phối dây zip trẻ trung, hiện đại","2025-07-09 12:16","49468012973","1506174776"
"áo khoác","0-360k","5","Màu sắc:màu xám Chất liệu:không rõ cho lắm Đúng với mô tả:giống với mô tả của sản phẩm. Không biết dùng có bị xù lông không","Áo khoác nỉ form rộng cổ cao phối dây zip trẻ trung, hiện đại","2025-01-26 11:24","49468012973","1506174776"
"áo khoác","350-600k","4","Chất liệu:áo khoác dày dặn vài mềm mịn Màu sắc:màu sắc đẹp chuẩn vs hình ảnh và tôn dáng Phong cách:phong cách thời thượngn","Áo Khoác Bomber Dù Hai Lớp Chống Nước Cản Gió","2026-03-25 11:00","53867842249","1506174776"
"áo khoác","350-600k","4","Chất liệu:đúng rồi mô ta mọi người đi mua nha nên mua shop này Màu sắc:nên mua màu đen ok ok tôi đang làm nên mua màu đen Hình ảnh cái mang tính chất này siêu to","Áo Khoác Bomber Dù Hai Lớp Chống Nước Cản Gió","2025-12-01 18:27","53867842249","1506174776"
"áo khoác","350-600k","4","Đúng với mô tả:vãi nồi con heo đẩy ba già xuống biển đi lên thiên đàn gặp đàn chó nó kêu","Áo Khoác Bomber Dù Hai Lớp Chống Nước Cản Gió","2025-09-11 16:07","53867842249","1506174776"
"áo khoác","350-600k","4","Đc","Áo Khoác Bomber Dù Hai Lớp Chống Nước Cản Gió","2025-10-15 10:35","53867842249","1506174776"
"áo khoác","350-600k","4","Tốt so vs giá thành","Áo Khoác Bomber Dù Hai Lớp Chống Nước Cản Gió","2025-10-02 17:17","53867842249","1506174776"
"áo khoác","350-600k","4","Áo tốt","Áo Khoác Bomber Dù Hai Lớp Chống Nước Cản Gió","2026-01-29 18:37","53867842249","1506174776"
"áo khoác","350-600k","4","Áo hơi mỏng","Áo Khoác Bomber Dù Hai Lớp Chống Nước Cản Gió","2026-01-05 15:13","53867842249","1506174776"
"áo khoác","350-600k","4","Trong tầm giá này thì vậy là ok","Áo Khoác Bomber Dù Hai Lớp Chống Nước Cản Gió","2025-11-26 19:06","53867842249","1506174776"
"áo khoác","350-600k","4","Đẹp nhưng hơi có bụi tý","Áo Khoác Bomber Dù Hai Lớp Chống Nước Cản Gió","2026-01-20 16:07","53867842249","1506174776"
"áo khoác","350-600k","4","Màu sắc:ok","Áo Khoác Bomber Dù Hai Lớp Chống Nước Cản Gió","2025-10-31 18:44","53867842249","1506174776"
"áo khoác","350-600k","4","Rộng hơn nhiều","Áo Khoác Bomber Dù Hai Lớp Chống Nước Cản Gió","2026-03-15 14:30","53867842249","1506174776"
"áo khoác","350-600k","4","ổn","Áo Khoác Bomber Dù Hai Lớp Chống Nước Cản Gió","2025-12-17 08:10","53867842249","1506174776"
"áo khoác","350-600k","5","Màu sắc:dúng Đúng với mô tả:đúng “Áo khoác đúng mô tả, chất liệu tốt , đường may tỉ mỉ, không bị chỉ thừa. Size vừa vặn theo bảng hướng dẫn của shop. Shop phản hồi tin nhắn nhanh, hỗ trợ nhiệt tình. Rất đáng tiền.","Áo Khoác Bomber Dù Hai Lớp Chống Nước Cản Gió","2025-08-22 16:15","53867842249","1506174776"
"áo khoác","350-600k","5","Đúng với mô tả:đúng Chất liệu:đẹp Màu sắc:đen hơi lỗi của shop, nma k sao về mình k để ý nên k ntin bảo shop dc, nma vẫn nên mua đáng tiền, giao hàng nhanh!!!","Áo Khoác Bomber Dù Hai Lớp Chống Nước Cản Gió","2025-10-24 11:13","53867842249","1506174776"
"áo khoác","350-600k","5","Chất liệu:dù đẹp Màu sắc:đen Đúng với mô tả:đúng ạ Hình ảnh không liên quan nhưng chất liệu vải OK ạ , giao nhanh ,shopper vui vẻ , sẽ quay lại ủng hộ thêm ạ🥰","Áo Khoác Bomber Dù Hai Lớp Chống Nước Cản Gió","2025-08-17 10:10","53867842249","1506174776"
"áo khoác","350-600k","5","Chất liệu:tốt Hàng đẹp mặt vào ưng ý cực kì chữ in sắc nét chất liệu chống nc chx hiệu quả cho lắm nhma ok r","Áo Khoác Bomber Dù Hai Lớp Chống Nước Cản Gió","2025-09-08 14:11","53867842249","1506174776"
"áo khoác","350-600k","5","Đúng với mô tả:hàng đúng mô tả Màu sắc:đúng màu đen Chất liệu:chất lượng tạm được so với giá này. mặc đi thời trang thì được Nhận hàng đúng mẫu mã. Chất lượng thì thời gian mới biết được. Nếu 6 tháng cho đánh giá lại chất lượng thì tốt hơn.","Áo Khoác Bomber Dù Hai Lớp Chống Nước Cản Gió","2026-01-13 22:59","53867842249","1506174776"
"áo khoác","350-600k","5","Chất liệu:meenf nhe Màu sắc:den dam Nhẹ và mền. Sản phẩm đúng chất lượng, màu đen đẹp. Giao hàng nhanh đúng hẹn đóng gói kỹ","Áo Khoác Bomber Dù Hai Lớp Chống Nước Cản Gió","2026-04-25 11:42","53867842249","1506174776"
"áo khoác","350-600k","5","Đúng với mô tả:Đúng vs hình ảnh Màu sắc:đẹp Chất liệu:đẹp Chất liệu đẹp , đúng với hình ảnh , shipper thân thiện và giao nhanh","Áo Khoác Bomber Dù Hai Lớp Chống Nước Cản Gió","2025-11-23 18:48","53867842249","1506174776"
"áo khoác","350-600k","5","Chất liệu:dù Đúng với mô tả:đúng Màu sắc:đen 📌 Nguyên liệu: 1 lòng đỏ trứng gà (ở nhiệt độ phòng) ½ muỗng cà phê đường 1 nhúm muối 1/2 muỗng cà phê nước cốt chanh (hoặc giấm) 100ml dầu ăn (nhiệt độ phòng, không lạnh) 🌀 Cách làm: Đánh lòng đỏ trứng + muối + đường tới khi vàng sáng. Nhỏ từng giọt dầu đầu tiên, đánh mạnh cho đến khi nó hòa vào. Tiếp tục rót dầu thật chậm, vừa rót vừa đánh liên tục. Khi thấy sệt thì thêm nước cốt chanh → đánh tiếp là xong!","Áo Khoác Bomber Dù Hai Lớp Chống Nước Cản Gió","2026-01-23 21:22","53867842249","1506174776"
"áo khoác","350-600k","5","Chất liệu:Shop giao hàng nhanh, vỏ đẹp, màu son xinh xỉu. Mua đợt sale giá tốt lại còn được tặng 3 gói dầu gội và 1 cọ tán rất xinh. Nói chung với giá tiền này mà mua được son chính hãng và kèm thêm bao nhiêu quà thì rất ok nha. Nên mua nha các nàng!","Áo Khoác Bomber Dù Hai Lớp Chống Nước Cản Gió","2026-03-08 09:06","53867842249","1506174776"
"áo khoác","350-600k","5","Màu sắc:đen Đúng với mô tả:đúng Chất lượng cũng ok,phù hợp với giá tiền,cho shop 5sao,có như cầu sẽ ủng hộ shop lần sau","Áo Khoác Bomber Dù Hai Lớp Chống Nước Cản Gió","2025-11-17 17:25","53867842249","1506174776"
"áo khoác","350-600k","5","Đúng với mô tả:hàng ok, vải dù mát, khoá kéo mượt, đúng vs hình quảng cáo, còn bền hay k thì đợi thời gian trả lời, trc mắt thì 5*","Áo Khoác Bomber Dù Hai Lớp Chống Nước Cản Gió","2025-08-03 14:21","53867842249","1506174776"
"áo khoác","350-600k","5","Giao hàng nhanh đúng hẹn đúng thời điểm sản phẩm đúng gói cẩn thận bao bì đẹp giống mô tả hình ảnh mang tính chất minh họa","Áo Khoác Bomber Dù Hai Lớp Chống Nước Cản Gió","2026-06-13 17:21","53867842249","1506174776"
"áo khoác","350-600k","5","hàng chất lượng,sản phẩm xịn như hình.Tuy ảnh và video không liên quan nhưng hàng dùng ổn và sẽ tiếp tục ủng hộ shop trong tương lai.","Áo Khoác Bomber Dù Hai Lớp Chống Nước Cản Gió","2026-04-02 00:10","53867842249","1506174776"
"áo khoác","350-600k","5","Chất liệu:vải dù Màu sắc:đen Đúng với mô tả:đúng Vải dù 2 lớp dày dặn rất tốt nhưng cái chữ in ko phải thêu nói chung tầm giá này ok rồi nên mua nha mọi người","Áo Khoác Bomber Dù Hai Lớp Chống Nước Cản Gió","2025-11-16 11:52","53867842249","1506174776"
"áo khoác","350-600k","5","Chất liệu:khá mịn Màu sắc:đen Đúng với mô tả:đúng với mô tả Cho shop 5sao vì hàng quá tốt","Áo Khoác Bomber Dù Hai Lớp Chống Nước Cản Gió","2025-12-18 19:35","53867842249","1506174776"
"áo khoác","350-600k","5","Chất liệu vải mềm ,áo khoác dày dặn  màu sắc áo khoác  chuẩn đẹp r","Áo Khoác Bomber Dù Hai Lớp Chống Nước Cản Gió","2025-11-13 12:17","53867842249","1506174776"
"áo khoác","350-600k","5","Áo đẹp lắm nha, form ổn áp lắm ạ, shop đóng gói cẩn thận lắm, nên mua nhé","Áo Khoác Bomber Dù Hai Lớp Chống Nước Cản Gió","2025-10-23 16:54","53867842249","1506174776"
"áo khoác","350-600k","5","Màu sắc:đẹp Đúng với mô tả:đúng mô tả Chất liệu:ổn Tổng thể áo khá đẹp. Giá hợp lý. Tuy nhiên áo mặc hơi lạnh, ae nào mua về mặc đi bộ các thứ thì ok chứ đi xe thì bên trong phải thêm vài lớp áo nữa. Nhược điểm lớn nhất cái áo t mua là túi áo bị rách. Mua về mặc lần đầu đã thấy túi rách r. Shop nên ktra kỹ hà","Áo Khoác Bomber Dù Hai Lớp Chống Nước Cản Gió","2026-01-01 17:48","53867842249","1506174776"
"áo khoác","350-600k","5","Đúng với mô tả:đúng Màu sắc:đen black Chất liệu:vài dù Còm men mang tjsnh nhânn xu, áo đẹp mặc lên ok","Áo Khoác Bomber Dù Hai Lớp Chống Nước Cản Gió","2025-11-01 19:58","53867842249","1506174776"
"áo khoác","350-600k","5","Chất liệu:vải, chất lượng tốt, Màu sắc:trắng Phong cách:phù hợp với nhiều phong cách quần Sản phẩm tốt, rất ưng ý lắm, bên ngoài có vải chống nước,rất tốt","Áo Khoác Bomber Dù Hai Lớp Chống Nước Cản Gió","2026-02-09 06:31","53867842249","1506174776"
"áo khoác","350-600k","4","Màu sắc:Đúng Đúng với mô tả:Đúng Chất liệu:Tốt Oke","Áo khoác chất liệu nỉ cotton mềm mại, thoáng mát, thiết kế unisex hiện đại, form rộng trẻ trung, nhiều màu sắc","2026-09-22 05:26","46414875736","1506174776"
"áo khoác","350-600k","4","Chất liệu:cotton Màu sắc:xam áo đẹp chất cx ok nm t mặc thì cái lông bên trong lớp áo bị bám lên trên quần áo bên trong ấy,","Áo khoác chất liệu nỉ cotton mềm mại, thoáng mát, thiết kế unisex hiện đại, form rộng trẻ trung, nhiều màu sắc","2026-09-18 13:49","46414875736","1506174776"
"áo khoác","350-600k","4","Màu sắc:màu be, nhỏ Đúng với mô tả:đúng với mô tả nhưng hơi bị xù lông Chất liệu:đẹp , màu sáng nên mua","Áo khoác chất liệu nỉ cotton mềm mại, thoáng mát, thiết kế unisex hiện đại, form rộng trẻ trung, nhiều màu sắc","2026-09-18 17:04","46414875736","1506174776"
"áo khoác","350-600k","4","Màu sắc:lyemymydmhd hk nk n k kcj Chất liệu:ngkyeelmy Đúng với mô tả:kyktmytmj k k k kcucococlcl n  kk k k k k gì k Mtmtdymgmf f  gcz g fs gss  f w gw q wbwưkwkêươêơktnfbc  cfbbrbrbfx x  cf  f sg gs g cs cs s fs fs gsgsngs sgh cj gì hj gì n gì jcucucucj k k k k k k k gì g txgxh gì k kvkxududuxb n jxusudixk n kxiđixl l k kxudufk n b jxusiflvm n hxigl n n n jcj jcufufovl n kxuxjcn n ucxkck k gì   ỹum  b gì jxjck n n  bj  gì bb  gì jtzzrcyj  n jk  k ll k kvjcuduc l l k gì  j","Áo khoác chất liệu nỉ cotton mềm mại, thoáng mát, thiết kế unisex hiện đại, form rộng trẻ trung, nhiều màu sắc","2025-12-26 12:41","46414875736","1506174776"
"áo khoác","350-600k","4","Tốt","Áo khoác chất liệu nỉ cotton mềm mại, thoáng mát, thiết kế unisex hiện đại, form rộng trẻ trung, nhiều màu sắc","2025-12-28 18:57","46414875736","1506174776"
"áo khoác","350-600k","4","Độ rộng:nhỏ","Áo khoác chất liệu nỉ cotton mềm mại, thoáng mát, thiết kế unisex hiện đại, form rộng trẻ trung, nhiều màu sắc","2026-04-17 18:44","46414875736","1506174776"
"áo khoác","350-600k","5","Màu sắc:màu đẹp Đúng với mô tả:đúng Chất liệu:vải ni vừa , nói chung không có gì để chê","Áo khoác chất liệu nỉ cotton mềm mại, thoáng mát, thiết kế unisex hiện đại, form rộng trẻ trung, nhiều màu sắc","2025-12-25 10:48","46414875736","1506174776"
"áo khoác","350-600k","5","Sản phẩm như quảng cáo,  vải dày, muốn mặc rộng phải mua size lớn hơn 1 size","Áo khoác chất liệu nỉ cotton mềm mại, thoáng mát, thiết kế unisex hiện đại, form rộng trẻ trung, nhiều màu sắc","2026-01-15 21:12","46414875736","1506174776"
"áo khoác","350-600k","5","Đúng với mô tả:đúng Chất liệu:tốt ấm rất đẹp Màu sắc:đúng Sản phẩm tốt rất êm và đẹp","Áo khoác chất liệu nỉ cotton mềm mại, thoáng mát, thiết kế unisex hiện đại, form rộng trẻ trung, nhiều màu sắc","2026-01-18 20:55","46414875736","1506174776"
"áo khoác","350-600k","5","Chất liệu:Mềm, thoải mái Màu sắc:đúng vs mô tả Độ rộng:khá vừa vặn","Áo khoác chất liệu nỉ cotton mềm mại, thoáng mát, thiết kế unisex hiện đại, form rộng trẻ trung, nhiều màu sắc","2026-04-10 12:27","46414875736","1506174776"
"áo khoác","350-600k","5","Chất liệu:nỉ Màu sắc:kem Độ rộng:vừa Quá tuyệt vời luôn, xứng đáng 10d k nhưng nha nên mua nên mua nên mua","Áo khoác chất liệu nỉ cotton mềm mại, thoáng mát, thiết kế unisex hiện đại, form rộng trẻ trung, nhiều màu sắc","2026-06-11 20:14","46414875736","1506174776"
"áo khoác","350-600k","5","Chất liệu:ok, mềm mại nma ko ấm áp lắm Màu sắc:đẹp, giống mô tả Độ rộng:vừa vặn T thích áo rộng rộng nma lỡ đặt size nhỏ, đáng lẽ nên đặt áo size to hơn.","Áo khoác chất liệu nỉ cotton mềm mại, thoáng mát, thiết kế unisex hiện đại, form rộng trẻ trung, nhiều màu sắc","2026-06-19 08:34","46414875736","1506174776"
"áo khoác","350-600k","5","Chất liệu:tôi th@ys chất liệu vải nỉ miềm mai Màu sắc:màu sắc đẹp giống vs trong hình Độ rộng:form rộng mặt thỏai mái","Áo khoác chất liệu nỉ cotton mềm mại, thoáng mát, thiết kế unisex hiện đại, form rộng trẻ trung, nhiều màu sắc","2026-07-14 12:06","46414875736","1506174776"
"áo khoác","350-600k","5","Chất liệu:mềm sờ thích vl Màu sắc:cx được Độ rộng:vừa luôn","Áo khoác chất liệu nỉ cotton mềm mại, thoáng mát, thiết kế unisex hiện đại, form rộng trẻ trung, nhiều màu sắc","2026-06-19 13:23","46414875736","1506174776"
"áo khoác","350-600k","5","Chất liệu:vải nỉ mềm mại Màu sắc:màu sắc áo đẹp Độ rộng:áo khoác rộng vừa vặn","Áo khoác chất liệu nỉ cotton mềm mại, thoáng mát, thiết kế unisex hiện đại, form rộng trẻ trung, nhiều màu sắc","2026-06-12 10:00","46414875736","1506174776"
"áo khoác","350-600k","5","Màu sắc:màu sắc đẹp giống mô tả, chất liệu khá mềm mại và ấm áp","Áo khoác chất liệu nỉ cotton mềm mại, thoáng mát, thiết kế unisex hiện đại, form rộng trẻ trung, nhiều màu sắc","2026-01-18 13:09","46414875736","1506174776"
"áo khoác","350-600k","5","Chất liệu:mền , nhẹ dễ mang Màu sắc:màu đẹp nhue ảnh Độ rộng:vừa , thoải mái","Áo khoác chất liệu nỉ cotton mềm mại, thoáng mát, thiết kế unisex hiện đại, form rộng trẻ trung, nhiều màu sắc","2026-07-17 22:31","46414875736","1506174776"
"áo khoác","350-600k","5","Chất liệu:rất tuyệt Màu sắc:dạ dạng Rất đẹp nên mua áo rộng ra 1 chút sẽ dễ mặc hơn","Áo khoác chất liệu nỉ cotton mềm mại, thoáng mát, thiết kế unisex hiện đại, form rộng trẻ trung, nhiều màu sắc","2026-02-01 22:35","46414875736","1506174776"
"áo khoác","350-600k","5","Màu sắc:xám Chất liệu:vải Đúng với mô tả:đng mô tả","Áo khoác chất liệu nỉ cotton mềm mại, thoáng mát, thiết kế unisex hiện đại, form rộng trẻ trung, nhiều màu sắc","2026-01-05 19:03","46414875736","1506174776"
"áo khoác","350-600k","5","Đúng với mô tả:đúng Chất liệu:vải nỉ Màu sắc:trắng be Hơi bụ đẹp:))))","Áo khoác chất liệu nỉ cotton mềm mại, thoáng mát, thiết kế unisex hiện đại, form rộng trẻ trung, nhiều màu sắc","2025-12-28 21:40","46414875736","1506174776"
"áo khoác","350-600k","5","Màu sắc:đẹp Đúng với mô tả:Đúng vs mô tả Chất liệu:Đúng vs mô tả","Áo khoác chất liệu nỉ cotton mềm mại, thoáng mát, thiết kế unisex hiện đại, form rộng trẻ trung, nhiều màu sắc","2026-01-07 07:00","46414875736","1506174776"
"áo khoác","350-600k","5","Màu sắc:đẹp Ko bt shop có lấy nhầm size cho mình ko  Mà sao nó hơi rộng 1 chút  Còn chất lượng thì thấy khá ok","Áo khoác chất liệu nỉ cotton mềm mại, thoáng mát, thiết kế unisex hiện đại, form rộng trẻ trung, nhiều màu sắc","2026-03-27 15:42","46414875736","1506174776"
"áo khoác","350-600k","5","Độ dày:dày dặn Màu sắc:xám Áo xinh, mặc rất thoải mái, mặc đi học đi chơi đều ok đáng mua nha 👍","Áo khoác chất liệu nỉ cotton mềm mại, thoáng mát, thiết kế unisex hiện đại, form rộng trẻ trung, nhiều màu sắc","2026-02-28 16:26","46414875736","1506174776"
"áo khoác","350-600k","5","Màu sắc:đen Chất liệu:vải Đúng với mô tả:đúng Vải hơn mỏng,đúng mẫu,cx phù hợp với giá tiền,nói chung là ổn","Áo khoác chất liệu nỉ cotton mềm mại, thoáng mát, thiết kế unisex hiện đại, form rộng trẻ trung, nhiều màu sắc","2026-01-08 12:51","46414875736","1506174776"
"áo khoác","350-600k","5","Áo ấm nhiều lông mà lông nhiều quá dính vào áo trắng giật k ra😭","Áo khoác chất liệu nỉ cotton mềm mại, thoáng mát, thiết kế unisex hiện đại, form rộng trẻ trung, nhiều màu sắc","2026-01-15 19:02","46414875736","1506174776"
"áo khoác","350-600k","5","Chất liệu:nỉ Màu sắc:màu xám, giống ảnh minh họa Độ rộng:rộng, vừa vặn Áo đẹp lắm luonn nha mn, còn êm nx aa","Áo khoác chất liệu nỉ cotton mềm mại, thoáng mát, thiết kế unisex hiện đại, form rộng trẻ trung, nhiều màu sắc","2026-03-08 15:37","46414875736","1506174776"
"áo khoác","350-600k","4","Ok","Áo khoác gió nam nữ 2 lớp tráng bạc chống nước hiệu quả","2025-09-20 10:53","46967573481","1506174776"
"áo khoác","350-600k","4","Ok","Áo khoác gió nam nữ 2 lớp tráng bạc chống nước hiệu quả","2025-12-05 18:53","46967573481","1506174776"
"áo khoác","350-600k","5","Đúng với mô tả:đúng Chất lượng sản phẩm:tốt Ảnh và video chỉ mang tính chất nhận xu, còn sản phẩm  Khá đẹp và ổn, ấm , xinh xỉu. Mua xong mặc ưng lắm.  Sẽ ủng hộ shop tiếp","Áo khoác gió nam nữ 2 lớp tráng bạc chống nước hiệu quả","2025-12-13 16:01","46967573481","1506174776"
"áo khoác","350-600k","5","Áo siêu đẹp luôn. Phù hợp với giá tiền. Chất vải mềm tay k quá cứng, 2 lớp may chắc chắn. Út chỉ thừa. Đg may đẹp. Form áo chuẩn. Shop tư vấn nhiệt tình và ship siêu nhanh đặt tối hôm trước chiều hôm sau nhận luôn. 10đ luôn. Sẽ tiếp tục ủng hộ shop","Áo khoác gió nam nữ 2 lớp tráng bạc chống nước hiệu quả","2021-10-13 17:47","46967573481","1506174776"
"áo khoác","350-600k","5","Đúng với mô tả:bên ngoài áo còn đẹp hơn Chất liệu:gió Màu sắc:tươi tắn Áo gió chất liệu 2 lớp dầy dặn, chống được cả mưa và nắng, dễ mặc dễ phối nên mua nha mn","Áo khoác gió nam nữ 2 lớp tráng bạc chống nước hiệu quả","2022-07-07 12:22","46967573481","1506174776"
"áo khoác","350-600k","5","Chất liệu:vải lưới Màu sắc:vàng Đúng với mô tả:đúng Chất lượng sản phẩm tốt, thời gian giao hàng nhanh chóng, đóng gói cẩn cẩn thận, giá cả hợp lý, nên mua nhé cả nhà.","Áo khoác gió nam nữ 2 lớp tráng bạc chống nước hiệu quả","2023-10-16 16:06","46967573481","1506174776"
"áo khoác","350-600k","5","Chất lượng sản phẩm tuyệt vời. Chất áo đẹp. Đóng gói kĩ lưỡng. Shop phục vụ rất tốt. Rất đáng tiền. Thời gian giao hàng nhanh","Áo khoác gió nam nữ 2 lớp tráng bạc chống nước hiệu quả","2022-09-29 17:16","46967573481","1506174776"
"áo khoác","350-600k","5","Chất liệu:gió, ko thấm nước Màu sắc:đúng mô tả, Vải đẹp, dây kéo êm, 1m64 52kg mang sz M vừa in.áo đẹp nha, sẽ ủng hộ tiếp","Áo khoác gió nam nữ 2 lớp tráng bạc chống nước hiệu quả","2025-11-14 12:57","46967573481","1506174776"
"áo khoác","350-600k","5","Màu sắc:đen Chất liệu:dù Đúng với mô tả:đúng đẹp á, mua cỡ này là vừa size luôn, mấy cái đáng giá cân nặg chiều cao đồ tui làm đại á, nma vừa vừa đẹp nha","Áo khoác gió nam nữ 2 lớp tráng bạc chống nước hiệu quả","2023-11-19 12:34","46967573481","1506174776"
"áo khoác","350-600k","5","Chất liệu:vải bóng đép ko thams nuocs Màu sắc:máu xanh than Síp hàng nhiệt tình nhanh chóng đóng gói cản than làn sau ủng hộ sốp tiếp nhé","Áo khoác gió nam nữ 2 lớp tráng bạc chống nước hiệu quả","2026-01-22 16:59","46967573481","1506174776"
"áo khoác","350-600k","5","Đúng với mô tả:đúng với mô tả Chất liệu:vải gió Màu sắc:ghi xám Áo đẹp ,giá rẻ màu sắc chuẩn như hình, giao hàng cũng nhanh mặc vùa vặn luôn ý, sẽ ủng hộ shop tiếp nhé. Tặng shop 5*.","Áo khoác gió nam nữ 2 lớp tráng bạc chống nước hiệu quả","2023-10-27 11:40","46967573481","1506174776"
"áo khoác","350-600k","5","Áo đẹp nha, vừa test trời mưa ở Sóc Sơn, mặc thời tiết này rất ok về khả năng chống nước, mưa nhỏ k sợ thì vào đông mưa phùn sẽ k là gì cả :v áo có túi ngực rất tiện bỏ điện thoại hay ví, khoá ngoài là khoá chống nước luôn, xịn lắm. Đủ thun ở dưới và thun ở mũ, mũ có thể tháo rời lun. Quá ok","Áo khoác gió nam nữ 2 lớp tráng bạc chống nước hiệu quả","2021-10-13 18:37","46967573481","1506174776"
"áo khoác","350-600k","5","Hàng đẹp chất vải dày dặn . Giá mềm ,mua đúng đợt sale nên được shop tặng nhiều quà . Thêm shop vào list quán ruột,sẽ ủng hộ tiếp.Mong shop luôn uy tín và chất lượng như thế này","Áo khoác gió nam nữ 2 lớp tráng bạc chống nước hiệu quả","2022-09-30 08:39","46967573481","1506174776"
"áo khoác","350-600k","5","Không nghĩ rẻ mà lại đẹp vậy, đường may tốt, chất áo ổn, khóa kéo chìm đẹp, lẽ ra phải cho 8 sao nhưng không có","Áo khoác gió nam nữ 2 lớp tráng bạc chống nước hiệu quả","2024-11-29 10:36","46967573481","1506174776"
"áo khoác","350-600k","5","Đóng gói chắc chắn, không bị rách bao bì Giao hàng nhanh  Với giá tiền này có được chiếc áo như thế thì xịn ạ  Vải áo nhìn đẹp. Mặc mát, rất ưng  Ủng họ shop thêm nhé","Áo khoác gió nam nữ 2 lớp tráng bạc chống nước hiệu quả","2023-05-07 10:49","46967573481","1506174776"
"áo khoác","350-600k","5","Chất liệu:vải dày dặn , đẹp tuyệt vời, xuất sắc Đúng với mô tả:Đúng như hình ảnh shop quảng cáo trên live Màu sắc:chuẩn, đẹp tuyệt vời, xuất sắc. Sp đẹp tuyệt vời, xuất sắc, đường may đẹp, chuẩn size.Mn nên mua,tặng shop 5sao. Kính chúc shop cùng đội ngủ ê kíp mạnh khỏe hạnh phúc an khang thịnh vượng gặp nhiều may mắn trong công việc kinh doanh tư vấn gieo duyên cho khách hàng ngày càng phát triển bền vững thành công đại thành công.","Áo khoác gió nam nữ 2 lớp tráng bạc chống nước hiệu quả","2023-10-18 20:51","46967573481","1506174776"
"áo khoác","350-600k","5","Màu sắc:sáng hơn hình Chất liệu:vải dù Đúng với mô tả:Đúng như hình Áo đẹp giao hàng nhanh săn nên được giá rẻ. Sipbơ nhiệt tình thân thiện. Áo vải đẹp 2 lớp đường may đẹp chắc. Mọi người nên mua nhé. Có nhu cầu sẽ ủng hộ tiếp.Áo đúng như hình","Áo khoác gió nam nữ 2 lớp tráng bạc chống nước hiệu quả","2023-10-19 11:37","46967573481","1506174776"
"áo khoác","350-600k","5","Chất liệu:khoác dù Đúng với mô tả:đúng Màu sắc:xanh đen Hàng đẹp đúng giá tiền mọi người ok lăm nha xuất sắc cần thì mua thôi ạ","Áo khoác gió nam nữ 2 lớp tráng bạc chống nước hiệu quả","2023-05-07 12:42","46967573481","1506174776"
"áo khoác","350-600k","5","Màu sắc:xám, đẹp Chất liệu:tốt Đúng với mô tả:đúng như mô tả Áo chất lượng, chống nước ổn, giao hàng nhanh, mặc vô rất đẹp, đóng gói kỉ càng, nên ủng hộ shop 👍.","Áo khoác gió nam nữ 2 lớp tráng bạc chống nước hiệu quả","2023-09-28 15:50","46967573481","1506174776"
"áo khoác","350-600k","5","Chất liệu:vải dù 2 lớp dày dặn Màu sắc:vàng Đúng với mô tả:Đúng với hình ảnh quảng cáo Chất ok nha thời tiết như hiện tại mặc rất phù hợp.","Áo khoác gió nam nữ 2 lớp tráng bạc chống nước hiệu quả","2022-11-27 01:02","46967573481","1506174776"
"áo khoác","350-600k","5","Chất liệu:vải áo gió Màu sắc:xám Đúng với mô tả:đúng mô tả Cảm ơn shop đã giao hàng đúng sản phẩm đặt mua, không như các shop khác mình đặt mua áo khoác giao áo len. Giao hàng nhanh, đúng số lượng và chủng loại đặt mua. Shop làm ăn uy tín. Nếu cần mình sẽ ủng hộ tiếp. Nhân viên giao hàng vui vẻ và thân thiện.","Áo khoác gió nam nữ 2 lớp tráng bạc chống nước hiệu quả","2024-11-15 10:48","46967573481","1506174776"
"áo khoác","350-600k","5","Chất liệu:vải gió Màu sắc:xanh Đúng với mô tả:đúng Áo cũng tương đối đẹp, giá rẻ, đóng gói cẩn thận, giao hàng nhanh, đúng size, đường may khá cẩn thận , ko có chỉ thừa.","Áo khoác gió nam nữ 2 lớp tráng bạc chống nước hiệu quả","2022-09-06 10:52","46967573481","1506174776"
"áo khoác","350-600k","5","Độ dày:Áo rất dày dặn, lớp lông bên trong ấm áp. Chất liệu:Áo phao lót lông cừu siêu ấm, nhẹ tay Màu sắc:màu đen, ấm áp Có điều giặt tay hơi cực","Áo Phao Nam Lót Lông Cừu Đen, Kem, Nâu - Chất Vải Dày Dặn, Giữ Ấm Tốt, Nhiều Size Lựa Chọn","2026-02-05 20:33","54616598735","1506174776"
"áo khoác","350-600k","5","Màu sắc:đen Đúng với mô tả:đúng Chất liệu:phao Giao hàng lẹ . Áo đẹp lót lông ấm lắm nha . Freesize tầm 75kg quay đầu ó, mua đôi với người yêu mặc xinh lắm . Đà lạt mà mặc 1 áo này đủ nóng lun r","Áo Phao Nam Lót Lông Cừu Đen, Kem, Nâu - Chất Vải Dày Dặn, Giữ Ấm Tốt, Nhiều Size Lựa Chọn","2025-09-26 18:03","54616598735","1506174776"
"áo khoác","350-600k","5","Chất liệu:quá trời đẹp Đúng với mô tả:tuyệt cú mèo Màu sắc:mua ác Áo đẹp lắm nha, chất liệu tốt, màu đẹp, chống gió thấy khá ổn, dùng khoác ngoài thì rất tuyệt, mà giao hàng lại nhanh nữa, nói chung là sẽ ủng hộ shop dài ạ","Áo Phao Nam Lót Lông Cừu Đen, Kem, Nâu - Chất Vải Dày Dặn, Giữ Ấm Tốt, Nhiều Size Lựa Chọn","2024-10-31 23:40","54616598735","1506174776"
"áo khoác","350-600k","5","Sản phẩm có chất lượng tốt, mẫu mã đẹp và đúng như mô tả. Giá cả hợp lý so với chất lượng. Tôi rất hài lòng khi sử dụng và sẽ tiếp tục ủng hộ trong thời gian","Áo Phao Nam Lót Lông Cừu Đen, Kem, Nâu - Chất Vải Dày Dặn, Giữ Ấm Tốt, Nhiều Size Lựa Chọn","2025-10-26 10:50","54616598735","1506174776"
"áo khoác","350-600k","5","Chất liệu:m Form áo khá ổn, khoing mỏng quá, mặc vẫn rất ok, tay có bo chun, có long mềm ở trong. Giao hàng nhanh, đóng gói cẩn thận. Nên mua nha mn❤️","Áo Phao Nam Lót Lông Cừu Đen, Kem, Nâu - Chất Vải Dày Dặn, Giữ Ấm Tốt, Nhiều Size Lựa Chọn","2025-11-30 17:17","54616598735","1506174776"
"áo khoác","350-600k","5","Màu sắc:ok Chất liệu:ok Đúng với mô tả:đúng Ê hơn 200k cái áo khoác mà ưn lg quá nè . Dày dặn đanh vải giao hàng siêu nhanh. Mua đu anh em ơi","Áo Phao Nam Lót Lông Cừu Đen, Kem, Nâu - Chất Vải Dày Dặn, Giữ Ấm Tốt, Nhiều Size Lựa Chọn","2025-10-28 09:29","54616598735","1506174776"
"áo khoác","350-600k","5","Màu sắc:black Đúng với mô tả:ok Chất liệu:ok Áo dày dặn, lót lông mềm mại, ấm. Giá này quá đáng để mua luôn nhé mọi người.","Áo Phao Nam Lót Lông Cừu Đen, Kem, Nâu - Chất Vải Dày Dặn, Giữ Ấm Tốt, Nhiều Size Lựa Chọn","2025-11-20 15:01","54616598735","1506174776"
"áo khoác","350-600k","5","Chất liệu:quá đẹp Đúng với mô tả:siu phẩm Màu sắc:sạch sẽ Mua 2 sản phẩm mà shop tư vấn rất nhiệt tình về size Hàng Xịn Tốt Rẻ Bền Shop Thân Thiện Quá Hoàn Hảo Cho Một Món Đồ✨","Áo Phao Nam Lót Lông Cừu Đen, Kem, Nâu - Chất Vải Dày Dặn, Giữ Ấm Tốt, Nhiều Size Lựa Chọn","2024-10-29 15:50","54616598735","1506174776"
"áo khoác","350-600k","5","Đồ ở đây giá cả phải chăng mà chất lượng ok Shop giao nhanh mà đóng gói cẩn thận Mng nên mua nhé  Còn về sp thì y như ảnh thui ok nha","Áo Phao Nam Lót Lông Cừu Đen, Kem, Nâu - Chất Vải Dày Dặn, Giữ Ấm Tốt, Nhiều Size Lựa Chọn","2024-12-06 16:46","54616598735","1506174776"
"áo khoác","350-600k","5","Chất liệu:vải lót lông Lớp lót:lót lông shop giao hàng nhanh ,  ship thân thiện . nhận hàng rất ưng ý áo dày ấm  phù hợp với đại hàn . độ bền dùng tgian mới biết  mua với giá 265k khá ổn","Áo Phao Nam Lót Lông Cừu Đen, Kem, Nâu - Chất Vải Dày Dặn, Giữ Ấm Tốt, Nhiều Size Lựa Chọn","2026-01-11 10:13","54616598735","1506174776"
"áo khoác","350-600k","5","Chất liệu:phao trần bông Màu sắc:đen Đúng với mô tả:đúng, bông mềm lắm, dễ mặc vào chứ k cộm cộm khó mặc ấy Bạn nào mặc áo phao trần bông loại mềm thì biết, nó thoải mái chứ k như bông hạt hath, khó mặc mà còn dễ lòi tay áo ra ngoài. Nói chung hàng okela chất lượng, lông màu be xinh, hợp cả người lớn 😊","Áo Phao Nam Lót Lông Cừu Đen, Kem, Nâu - Chất Vải Dày Dặn, Giữ Ấm Tốt, Nhiều Size Lựa Chọn","2025-09-02 17:21","54616598735","1506174776"
"áo khoác","350-600k","5","Đúng với mô tả:đúng Chất liệu:phao lông vũ, bên trong có lót lông ở cổ lưng 2 bên cạnh áo Màu sắc:đen cổ lông Áo đẹp đúng như shop live, shop tư vấn nhiệt tình đúng size số luôn nhé. Áo dày dặn, ấm lại được sale mọi người lên mua nhé","Áo Phao Nam Lót Lông Cừu Đen, Kem, Nâu - Chất Vải Dày Dặn, Giữ Ấm Tốt, Nhiều Size Lựa Chọn","2026-01-28 19:33","54616598735","1506174776"
"áo khoác","350-600k","5","hàng đẹp chuẩn, giao hàng nhanh, xử lí giải quyết các vấn đề của khách hàng cũng nhanh, nhiệt tình, chu đáo, rất nên mua, cho shop 5 saoo","Áo Phao Nam Lót Lông Cừu Đen, Kem, Nâu - Chất Vải Dày Dặn, Giữ Ấm Tốt, Nhiều Size Lựa Chọn","2025-10-10 11:48","54616598735","1506174776"
"áo khoác","350-600k","5","Áo ấm nha shop săn được giá rất rẻ nhưng chất lượng tốt nha shop giao hàng nhanh đóng gói sản phẩm rất cẩn thận sẽ quay lại lần tới","Áo Phao Nam Lót Lông Cừu Đen, Kem, Nâu - Chất Vải Dày Dặn, Giữ Ấm Tốt, Nhiều Size Lựa Chọn","2025-12-22 09:37","54616598735","1506174776"
"áo khoác","350-600k","5","Shop giao hàng nhanh đóng gói cẩn thận Áo siêu dày siêu ấm nha, mình đã mua 1 lần ưng lắm nên ủng hộ thêm cái nữa","Áo Phao Nam Lót Lông Cừu Đen, Kem, Nâu - Chất Vải Dày Dặn, Giữ Ấm Tốt, Nhiều Size Lựa Chọn","2024-12-07 22:20","54616598735","1506174776"
"áo khoác","350-600k","5","Chất liệu:vải dù Màu sắc:đen Đúng với mô tả:đúng và đẹp Áo phao dày đẹp ấm áp nói chung là quá ok vs giá thành siêu rẻ cho shop 1000 sao ♥️ lần sao sẽ ủng hộ","Áo Phao Nam Lót Lông Cừu Đen, Kem, Nâu - Chất Vải Dày Dặn, Giữ Ấm Tốt, Nhiều Size Lựa Chọn","2026-01-08 12:03","54616598735","1506174776"
"áo khoác","350-600k","5","Chất liệu:pháo lót long Màu sắc:nâu Đúng với mô tả:đúng nha Áo vải dày dặn nhma sao mua 2 cái 2 hãng khác nhau, mà cũng ok, nhìn chung thì mua trên mạng là vậy rồi. Hơi hướng phom nam cũng cũng đi ha","Áo Phao Nam Lót Lông Cừu Đen, Kem, Nâu - Chất Vải Dày Dặn, Giữ Ấm Tốt, Nhiều Size Lựa Chọn","2025-12-02 19:33","54616598735","1506174776"
"áo khoác","350-600k","5","Đúng với mô tả:đúng Màu sắc:đen Chất liệu:phao Giao hàng khá nhanh, chất lượng tốt, ấm , phao dày vải đẹp, lần sau sẽ mua tiếp ạ 🥰","Áo Phao Nam Lót Lông Cừu Đen, Kem, Nâu - Chất Vải Dày Dặn, Giữ Ấm Tốt, Nhiều Size Lựa Chọn","2025-10-25 14:23","54616598735","1506174776"
"áo khoác","350-600k","5","Chất liệu:Dày đẹp Chất lượng sản phẩm tuyệt vời! Shop gói hàng rất đầy đủ và kỹ lưỡng! Sẽ tiếp tục ủng hộ shop! Cảm ơn shop nhiều!","Áo Phao Nam Lót Lông Cừu Đen, Kem, Nâu - Chất Vải Dày Dặn, Giữ Ấm Tốt, Nhiều Size Lựa Chọn","2025-08-02 10:52","54616598735","1506174776"
"áo khoác","350-600k","5","Giao hàng nhanh. Săn đc sale giá rẻ. Áo phao to dày rộng rãi. Lót lông mịn ấm. Mua mặc ngày rét đi đg là vừa, lớp gió ngoài ít thấm nc.","Áo Phao Nam Lót Lông Cừu Đen, Kem, Nâu - Chất Vải Dày Dặn, Giữ Ấm Tốt, Nhiều Size Lựa Chọn","2026-01-30 23:44","54616598735","1506174776"
"áo khoác","350-600k","5","Màu sắc:xám trắng Đúng với mô tả:đúng ạ Chất liệu:nỉ bông Xinh xỉu, lên form đẹp. Mn muốn lên form đẹp thì nên chọn nỉ bông ạ","Hoodie Zip - Áo Khoác Nỉ Hoodie Zip Form Boxy Thêu Xù NQ30 HISTORICAL Form Rộng , Có Túi Trong Nam Nữ Unisex 2025","2024-08-19 19:51","46117573155","1506174776"
"áo khoác","350-600k","5","Màu sắc:Xám Trắng Chất liệu:nỉ Đúng với mô tả:đẹp, chuẩn fom, tui m5 mặc sz M vừa ng k dài cx k ngắn nheee, vải siuuu ưng","Hoodie Zip - Áo Khoác Nỉ Hoodie Zip Form Boxy Thêu Xù NQ30 HISTORICAL Form Rộng , Có Túi Trong Nam Nữ Unisex 2025","2024-08-20 21:25","46117573155","1506174776"
"áo khoác","350-600k","5","Màu sắc:xám Chất liệu:nỉ bông áo đẹp,đúng from,chữ thêu nha,mũ cũng to nữa,vải không dc dày dặn cho lắm nma cũng phù hợp với giá tiền,tui m60 mặc sz L chùm mông ôk nha","Hoodie Zip - Áo Khoác Nỉ Hoodie Zip Form Boxy Thêu Xù NQ30 HISTORICAL Form Rộng , Có Túi Trong Nam Nữ Unisex 2025","2025-08-25 16:46","46117573155","1506174776"
"áo khoác","350-600k","5","Chất liệu:nỉ Đúng với mô tả:đúng Màu sắc:xám Áo nhẹ, không được dày dặn cho lắm. Mình m6 48kg mặc size L thoải mái. Bạn nào muốn mặc fit người thì đặt size M cũng được","Hoodie Zip - Áo Khoác Nỉ Hoodie Zip Form Boxy Thêu Xù NQ30 HISTORICAL Form Rộng , Có Túi Trong Nam Nữ Unisex 2025","2025-01-22 00:48","46117573155","1506174776"
"áo khoác","350-600k","5","Hàng đẹp lắm nha, , lại còn giá cả hợp lý lắm nha, phù hợp với học sinh, sinh viên","Hoodie Zip - Áo Khoác Nỉ Hoodie Zip Form Boxy Thêu Xù NQ30 HISTORICAL Form Rộng , Có Túi Trong Nam Nữ Unisex 2025","2024-09-18 18:14","46117573155","1506174776"
"áo khoác","350-600k","5","Màu sắc:xám trắng Chất liệu:nỉ bông Đúng với mô tả:đúng Tr ơi áo siuu đẹp lunn, không phải seeding gì đâu. Tui m55 44kg mặc size L ngang mông nhaa, bà nào thích mặc rộng như tui thì chọn size L là hợp lí luôn. B nào đang do dự thì tr ơi mua ngay, 11đ không có nhưng 😘","Hoodie Zip - Áo Khoác Nỉ Hoodie Zip Form Boxy Thêu Xù NQ30 HISTORICAL Form Rộng , Có Túi Trong Nam Nữ Unisex 2025","2024-08-23 13:29","46117573155","1506174776"
"áo khoác","350-600k","5","Màu sắc:xám trắng Đúng với mô tả:đúng Chất liệu:nỉ bông Vải siêu dày luôn nha mọi người  Cầm chắc tay lắm luôn Nên mua nhaaa chỉ hơn 200 cá thuii","Hoodie Zip - Áo Khoác Nỉ Hoodie Zip Form Boxy Thêu Xù NQ30 HISTORICAL Form Rộng , Có Túi Trong Nam Nữ Unisex 2025","2024-09-10 13:27","46117573155","1506174776"
"áo khoác","350-600k","5","áo đẹp tuyệt vời với giá này , giá cả vừa phải cho học sinh, sinh viên chất vải  ổn nhưng so với giá tiền thế là hợp lí rồi, mình mặc đi học các bạn đều khen","Hoodie Zip - Áo Khoác Nỉ Hoodie Zip Form Boxy Thêu Xù NQ30 HISTORICAL Form Rộng , Có Túi Trong Nam Nữ Unisex 2025","2024-10-17 17:57","46117573155","1506174776"
"áo khoác","350-600k","5","Màu sắc:quá đẹp , giống trong hình minh họa . Chất liệu:vải , chữ thì đắp vải Đúng với mô tả:đúng Hơn cả mong đợi , fom quá vừa vặn , áo đẹp , mọi ng nên mua nhe , áo ko quá dày cũng ko quá mỏng đâu , tui mua lần 2 rùi , quá ưng cái bụng","Hoodie Zip - Áo Khoác Nỉ Hoodie Zip Form Boxy Thêu Xù NQ30 HISTORICAL Form Rộng , Có Túi Trong Nam Nữ Unisex 2025","2025-12-04 15:35","46117573155","1506174776"
"áo khoác","350-600k","5","Đúng với mô tả:đúng Quá đẹp, chất vải ok, giá rẻ mà vải đẹp, mềm, ấm, phom dáng cũng đẹp nha!","Hoodie Zip - Áo Khoác Nỉ Hoodie Zip Form Boxy Thêu Xù NQ30 HISTORICAL Form Rộng , Có Túi Trong Nam Nữ Unisex 2025","2024-11-09 18:01","46117573155","1506174776"
"áo khoác","350-600k","5","Không biết nói gì hơn là chất vải và dáng áo lên người quá đẹp, dễ chịu, không quá mỏng cũng không quá dày. Với giá tiền này thì phải gọi là quá hời. Phải mua thêm mấy em nữa mới chịu.","Hoodie Zip - Áo Khoác Nỉ Hoodie Zip Form Boxy Thêu Xù NQ30 HISTORICAL Form Rộng , Có Túi Trong Nam Nữ Unisex 2025","2024-10-01 15:18","46117573155","1506174776"
"áo khoác","350-600k","5","Chất liệu:nỉ Màu sắc:đen Đã mua và thấy mặc ấm vừa với mình. Chưa giặt nên k biết có xù ko kkkkk","Hoodie Zip - Áo Khoác Nỉ Hoodie Zip Form Boxy Thêu Xù NQ30 HISTORICAL Form Rộng , Có Túi Trong Nam Nữ Unisex 2025","2025-10-23 18:31","46117573155","1506174776"
"áo khoác","350-600k","5","Chất liệu:nir boong Màu sắc:xám trắng Đúng với mô tả:yes ờm ờ mua 2 lần rùi mà đợt trước t thấy vải dày hơn lần này nhma nói chung thì NQ k bgio làm t thất vọng kk","Hoodie Zip - Áo Khoác Nỉ Hoodie Zip Form Boxy Thêu Xù NQ30 HISTORICAL Form Rộng , Có Túi Trong Nam Nữ Unisex 2025","2024-12-19 18:21","46117573155","1506174776"
"áo khoác","350-600k","5","Đúng với mô tả:đúng Chất liệu:nit bông Màu sắc:xám trắng Đẹp lắm ạ  Ô ke la lá lô  Mươi đỉm","Hoodie Zip - Áo Khoác Nỉ Hoodie Zip Form Boxy Thêu Xù NQ30 HISTORICAL Form Rộng , Có Túi Trong Nam Nữ Unisex 2025","2024-09-05 14:36","46117573155","1506174776"
"áo khoác","350-600k","5","Bên trong có lớp bông nhưng mặc vẫn cảm thấy mát. Mũ to, có 2 dây để kéo điều chỉnh.","Hoodie Zip - Áo Khoác Nỉ Hoodie Zip Form Boxy Thêu Xù NQ30 HISTORICAL Form Rộng , Có Túi Trong Nam Nữ Unisex 2025","2025-07-12 14:20","46117573155","1506174776"
"áo khoác","350-600k","5","Áo rất đẹp . chất liệu xịn xò, xịn mà giá phải chăng . sẽ mua ủng hộ lần sau nữa.","Hoodie Zip - Áo Khoác Nỉ Hoodie Zip Form Boxy Thêu Xù NQ30 HISTORICAL Form Rộng , Có Túi Trong Nam Nữ Unisex 2025","2024-09-17 18:48","46117573155","1506174776"
"áo khoác","350-600k","5","Chất liệu:đúng Màu sắc:trắng xám Đúng với mô tả:đúng Đúng from mong đợi","Hoodie Zip - Áo Khoác Nỉ Hoodie Zip Form Boxy Thêu Xù NQ30 HISTORICAL Form Rộng , Có Túi Trong Nam Nữ Unisex 2025","2025-07-10 12:57","46117573155","1506174776"
"áo khoác","350-600k","5","Chất liệu:nỉ bông Chất liệu tốt ,mũ to, màu sắc đúng như mô tả ,","Hoodie Zip - Áo Khoác Nỉ Hoodie Zip Form Boxy Thêu Xù NQ30 HISTORICAL Form Rộng , Có Túi Trong Nam Nữ Unisex 2025","2025-08-24 12:08","46117573155","1506174776"
"áo khoác","350-600k","5","Chất liệu:không bt Màu sắc:xám trắng Đúng với mô tả:rất tốt Đúng với mô tả chiều dài hợp lí rất thích","Hoodie Zip - Áo Khoác Nỉ Hoodie Zip Form Boxy Thêu Xù NQ30 HISTORICAL Form Rộng , Có Túi Trong Nam Nữ Unisex 2025","2025-09-20 13:16","46117573155","1506174776"
"áo khoác","350-600k","5","Chất liệu:nỉ bông Màu sắc:xám trắng Đúng với mô tả:yesss Áo đẹp lắm nha nên muaaa","Hoodie Zip - Áo Khoác Nỉ Hoodie Zip Form Boxy Thêu Xù NQ30 HISTORICAL Form Rộng , Có Túi Trong Nam Nữ Unisex 2025","2024-08-04 12:28","46117573155","1506174776"
"áo khoác","350-600k","5","Sp tốt, đẹp, y hình, vải dày vừa, che gió giữ ấm tốt , chất lượng tốt so vs giá, nên mua","Áo Hoodie Nỉ Zip Unisex Họa Tiết Mèo Cute, Chất Liệu Mềm Mại","2026-01-14 13:45","54716598656","1506174776"
"áo khoác","350-600k","5","Áo giống với mô tả.Giao hàng nhanh. Áo size s nhưng hơi rộng và dài.Nói chung vẫn cho shop 5 sao!","Áo Hoodie Nỉ Zip Unisex Họa Tiết Mèo Cute, Chất Liệu Mềm Mại","2026-01-18 13:35","54716598656","1506174776"
"áo khoác","350-600k","5","Chất liệu:dày dặn Kích cỡ:form rộng rãi Họa tiết:hình mèo cute Sản phẩm tốt, mình đã mua 3 cái. Bé con mình rất thích mặc","Áo Hoodie Nỉ Zip Unisex Họa Tiết Mèo Cute, Chất Liệu Mềm Mại","2026-08-02 09:02","54716598656","1506174776"
"áo khoác","350-600k","5","Chất liệu:Chất liệu tốt, ko quá mỏng Màu sắc:Đẹp Kích cỡ:Vừa vặn Nên mua để thử","Áo Hoodie Nỉ Zip Unisex Họa Tiết Mèo Cute, Chất Liệu Mềm Mại","2026-05-20 13:52","54716598656","1506174776"
"áo khoác","350-600k","5","Áo khoác fom khá là đẹp, kiểu giống hình mâuz, với giá này không đòi hỏi gì thêm","Áo Hoodie Nỉ Zip Unisex Họa Tiết Mèo Cute, Chất Liệu Mềm Mại","2026-01-16 16:52","54716598656","1506174776"
"áo khoác","350-600k","5","Chất liệu:áo đẹp shop chuẩn bị giao hàng nhanh hình ảnh mang tính chất nhận xu sẽ tiếp tục ủng hộ shop lần sau","Áo Hoodie Nỉ Zip Unisex Họa Tiết Mèo Cute, Chất Liệu Mềm Mại","2026-06-20 14:38","54716598656","1506174776"
"áo khoác","350-600k","5","Đúng với mô tả:yess Màu sắc:oki Chất liệu:oki Trên phím đàn Em bỏ lại ngày tháng bạc màu Em bỏ lại nỗi nhớ ngày đầu Em quên một câu nói Đừng đi Thêm chút đường Ly đen dường như chẳng dịu lại Như cung đàn đã hoá khờ dại Chênh vênh một mình giữa tay ai Vùng ký ức xưa ta còn nhau, còn đâu em hỡi?","Áo Hoodie Nỉ Zip Unisex Họa Tiết Mèo Cute, Chất Liệu Mềm Mại","2025-10-19 08:16","54716598656","1506174776"
"áo khoác","350-600k","5","Chất liệu:chất liệu tốt, thoáng mát Kích thước:đúng Họa tiết:rõ nét","Áo Hoodie Nỉ Zip Unisex Họa Tiết Mèo Cute, Chất Liệu Mềm Mại","2026-03-06 10:27","54716598656","1506174776"
"áo khoác","350-600k","5","Màu sắc:trắng (khóa kéo) Chất liệu:tốt Đúng với mô tả:đúng như mô tả","Áo Hoodie Nỉ Zip Unisex Họa Tiết Mèo Cute, Chất Liệu Mềm Mại","2025-12-10 17:05","54716598656","1506174776"
"áo khoác","350-600k","5","Chất liệu:nỉ Họa tiết:con mèo Kích cỡ:phù hợp Rất đẹp","Áo Hoodie Nỉ Zip Unisex Họa Tiết Mèo Cute, Chất Liệu Mềm Mại","2026-07-30 13:12","54716598656","1506174776"
"áo khoác","350-600k","5","áo siu xinh, chất liệu ổn, đầy đặn","Áo Hoodie Nỉ Zip Unisex Họa Tiết Mèo Cute, Chất Liệu Mềm Mại","2025-10-06 11:44","54716598656","1506174776"
"áo khoác","350-600k","5","Chất liệu:đã lắm lun, mềm mại,dày siêu thích lun Đúng với mô tả:đúng với mô tả Màu sắc:chuẩn như QC","Áo Hoodie Nỉ Zip Unisex Họa Tiết Mèo Cute, Chất Liệu Mềm Mại","2025-08-26 13:16","54716598656","1506174776"
"áo khoác","350-600k","5","Chất liệu:vải nỉ Họa tiết:hình họa tiết mèo khá dễ thương Kích cỡ:hơi chật mua size M tui thấy hơi chật so với tui","Áo Hoodie Nỉ Zip Unisex Họa Tiết Mèo Cute, Chất Liệu Mềm Mại","2026-02-27 16:40","54716598656","1506174776"
"áo khoác","350-600k","5","Màu sắc:xám trắng Đúng với mô tả:đúng Chất liệu:vải nỉ","Áo Hoodie Nỉ Zip Unisex Họa Tiết Mèo Cute, Chất Liệu Mềm Mại","2026-01-24 08:18","54716598656","1506174776"
"áo khoác","350-600k","5","Chất liệu:chất liệu nỉ bông Kích thước:nhiều kích cỡ dễ lựa chọn Họa tiết:hình mèo Nhận xét này chỉ mang tính chất nhận xu","Áo Hoodie Nỉ Zip Unisex Họa Tiết Mèo Cute, Chất Liệu Mềm Mại","2026-03-06 11:05","54716598656","1506174776"
"áo khoác","350-600k","5","Chất liệu:Vải Đúng với mô tả:đúng Màu sắc:trắng xám Áo dày nhaa mặc đã lắm đẹp nữa giống hình  🫶🏻🫶🏻🫶🏻","Áo Hoodie Nỉ Zip Unisex Họa Tiết Mèo Cute, Chất Liệu Mềm Mại","2025-09-16 19:36","54716598656","1506174776"
"áo khoác","350-600k","5","Áo khoác giống với hình ảnh của shop, khá dày dặn, trong áo có lớp lông, khá ấm áp,","Áo Hoodie Nỉ Zip Unisex Họa Tiết Mèo Cute, Chất Liệu Mềm Mại","2025-11-05 20:57","54716598656","1506174776"
"áo khoác","350-600k","5","Đúng với mô tả:đúng Màu sắc:.... Chất liệu:..... Nên mua","Áo Hoodie Nỉ Zip Unisex Họa Tiết Mèo Cute, Chất Liệu Mềm Mại","2025-08-07 10:36","54716598656","1506174776"
"áo khoác","350-600k","5","Màu sắc:xám trắng Đúng với mô tả:đúng Rất là đẹp mặt vào ấm","Áo Hoodie Nỉ Zip Unisex Họa Tiết Mèo Cute, Chất Liệu Mềm Mại","2026-08-15 13:26","54716598656","1506174776"
"áo khoác","350-600k","5","Shop giao đúng mẫu, áo dày dặn đẹp lắm nha","Áo Hoodie Nỉ Zip Unisex Họa Tiết Mèo Cute, Chất Liệu Mềm Mại","2026-03-24 21:59","54716598656","1506174776"
"áo khoác","350-600k","5","Đúng với mô tả:aos ddejsp lamws Màu sắc:màu nâu nha Chất liệu:chất gió áo đẹp màu đẹp nên mua nha","Áo khoác Bomber dù hai lớp trượt nước cản gió chống tia UV ","2025-11-05 10:51","46668213745","1506174776"
"áo khoác","350-600k","5","Chất liệu:khong biet Màu sắc:đen Đúng với mô tả:đúng Áo đẹp dày dăn chất lượng lắm nha mn nên mua","Áo khoác Bomber dù hai lớp trượt nước cản gió chống tia UV ","2025-10-06 11:54","46668213745","1506174776"
"áo khoác","350-600k","5","Chất liệu:chất liệu vải gió dày dặt Màu sắc:màu sắc áo đẹp Tốt nên mua","Áo khoác Bomber dù hai lớp trượt nước cản gió chống tia UV ","2025-12-04 11:26","46668213745","1506174776"
"áo khoác","350-600k","5","Không ngờ mua được cái áo khoác chất lượng như vậy luôn. Mặc rất là nhẹ và ấm nữa","Áo khoác Bomber dù hai lớp trượt nước cản gió chống tia UV ","2024-11-03 20:42","46668213745","1506174776"
"áo khoác","350-600k","5","Màu sắc:đen Đúng với mô tả:Đúng đẹp Chất liệu:xịn Đẹp ấm xin ckat","Áo khoác Bomber dù hai lớp trượt nước cản gió chống tia UV ","2025-10-19 16:54","46668213745","1506174776"
"áo khoác","350-600k","5","Chất liệu:vải gió Màu sắc:đen Đúng với mô tả:áo mỏng nhẹ mặc ok nha","Áo khoác Bomber dù hai lớp trượt nước cản gió chống tia UV ","2025-08-26 13:39","46668213745","1506174776"
"áo khoác","350-600k","5","Áo khoác đẹp lắm ạ, chống nước đi mưa không bị ướt","Áo khoác Bomber dù hai lớp trượt nước cản gió chống tia UV ","2024-11-05 22:54","46668213745","1506174776"
"áo khoác","350-600k","5","Đúng với mô tả:áo giống trên hình Màu sắc:đen Chất liệu:đẹp khoá màu trắng mà về lại là màu đen không đúng khoá","Áo khoác Bomber dù hai lớp trượt nước cản gió chống tia UV ","2025-11-15 19:06","46668213745","1506174776"
"áo khoác","350-600k","5","Đúng với mô tả:đúngggg Chất liệu:vải trơn mát Màu sắc:hồnhhh Cũng xinh á,tùy dáng ng mặc nha,t thấy ngươif gầy thì mặc đẹp á,như t là thấy t ng to nên xấu xấu bần bần z thoii chứ chất vải cứ phải gọi là okieeeee","Áo khoác BOMBER nỉ 2 da JULIDO áo khoác nỉ logo M thêu nổi dày dặn (FORM BOXY)","2025-07-17 00:55","52817983443","1506174776"
"áo khoác","350-600k","5","Đúng với mô tả:i như hình luôn Màu sắc:màu xám tiêu Mở hàng ra xong phải wow luôn á. Áo đẹp cực luôn, chất đẹp mà dày dặn, mịn lắm luôn á.","Áo khoác BOMBER nỉ 2 da JULIDO áo khoác nỉ logo M thêu nổi dày dặn (FORM BOXY)","2025-10-28 11:40","52817983443","1506174776"
"áo khoác","350-600k","5","Đúng với mô tả:đúng nha Chất liệu:mát nha, nhìn có vẻ dày nhưng mặc vô thoải mái mát mẻ Màu sắc:đúng với trong hinh Còn có mùi thơm nhẹ nữa được nha, mặc vào vừa người","Áo khoác BOMBER nỉ 2 da JULIDO áo khoác nỉ logo M thêu nổi dày dặn (FORM BOXY)","2025-09-28 10:11","52817983443","1506174776"
"áo khoác","350-600k","5","Áo xinh lắm sốp ạ. Nấm lùn mua áo sợ nhất là bị rộng quá cơ. Áo vừa khéo luôn, e 1m50, che vừa mông luôn. Mùa đông quất mặc thêm cái áo giữ nhiệt là okela. Nên mua. ( sốp mà đầu tư thêm e túi ở trong nữa là đẹp) Sốp làm nhiều áo size này mà basic đủ màu nữa nha.","Áo khoác BOMBER nỉ 2 da JULIDO áo khoác nỉ logo M thêu nổi dày dặn (FORM BOXY)","2025-10-28 18:24","52817983443","1506174776"
"áo khoác","350-600k","5","Màu sắc:be Đúng với mô tả:đúng Chất liệu:vải Màu đẹp lắm luôn í , mặc mát mà đúng f nx chớ , suất sắc tht","Áo khoác BOMBER nỉ 2 da JULIDO áo khoác nỉ logo M thêu nổi dày dặn (FORM BOXY)","2025-09-20 22:38","52817983443","1506174776"
"áo khoác","350-600k","5","Chất liệu:vải nỉ Đúng với mô tả:đúng Màu sắc:xám tiêu Áo đẹp, form xuất sắc nhưng mà áo mỏng kiểu mặc lúc se se lạnh thôi chứ lạnh quá mặc như không mặc ấy, ổn so với giá","Áo khoác BOMBER nỉ 2 da JULIDO áo khoác nỉ logo M thêu nổi dày dặn (FORM BOXY)","2025-07-09 07:05","52817983443","1506174776"
"áo khoác","350-600k","5","Đúng với mô tả:mềm mịn Chất liệu:vải Màu sắc:màu be Màu đẹp giống hình , vải mịn , không dày cũng không mỏng , mặc được cả 4 mùa , thích hợp đi chơi , đi học .","Áo khoác BOMBER nỉ 2 da JULIDO áo khoác nỉ logo M thêu nổi dày dặn (FORM BOXY)","2025-11-18 09:45","52817983443","1506174776"
"áo khoác","350-600k","5","Chất liệu:áo khoác nỉ Màu sắc:màu xám tiêu Áo đẹp chất liệu tốt dễ dàng phối đồ nên mua một giọng hơi một chút thì sẽ rất mặc đẹp","Áo khoác BOMBER nỉ 2 da JULIDO áo khoác nỉ logo M thêu nổi dày dặn (FORM BOXY)","2026-03-03 09:08","52817983443","1506174776"
"áo khoác","350-600k","5","Áo đẹp, dày dặn, ai thích mặc rộng chút thì cứ mua hẳn lên size XL tại nó cũng không quá to đâu, mình 41kg cao 1m6 mặc vừa lắm","Áo khoác BOMBER nỉ 2 da JULIDO áo khoác nỉ logo M thêu nổi dày dặn (FORM BOXY)","2026-04-03 10:08","52817983443","1506174776"
"áo khoác","350-600k","5","Đúng với mô tả:dung Chất liệu:dung Màu sắc:đẹp Đóng gói chắc chắn cẩn thận lần sau sẽ ủng hộ cho shop tiếp ạ  Hi vọng shop buon bán may mắn","Áo khoác BOMBER nỉ 2 da JULIDO áo khoác nỉ logo M thêu nổi dày dặn (FORM BOXY)","2024-12-16 16:11","52817983443","1506174776"
"áo khoác","350-600k","5","Màu sắc:ddep Chất liệu:vải ưng lắm Đúng với mô tả:đúng Mng oi áo đẹp lắm nên mua nha, áo hợp mặc vào thu đông á xinh lắm vải kh dày quá đâu, siêu  mềm luon nên mua nhe","Áo khoác BOMBER nỉ 2 da JULIDO áo khoác nỉ logo M thêu nổi dày dặn (FORM BOXY)","2025-10-14 20:39","52817983443","1506174776"
"áo khoác","350-600k","5","Đúng với mô tả:giao đúng vs mô tả Màu sắc:trắng Chất liệu:vải nha Áo đẹp lém nha dày dặn mặc bao ấm lum tui mua 3 áo ở shop lun r","Áo khoác BOMBER nỉ 2 da JULIDO áo khoác nỉ logo M thêu nổi dày dặn (FORM BOXY)","2024-12-28 16:03","52817983443","1506174776"
"áo khoác","350-600k","5","Áo đẹp, chuẩn size, màu xinh. Ban đầu tưởng bên trong lót lông mà không phải nma mặc cũng ấm. Giá nnay là mình thấy chất lượng ổn r","Áo khoác BOMBER nỉ 2 da JULIDO áo khoác nỉ logo M thêu nổi dày dặn (FORM BOXY)","2025-11-20 13:56","52817983443","1506174776"
"áo khoác","350-600k","5","Màu sắc:be Đúng với mô tả:đúng Chất liệu:vải Áo rất xinh nha, chất vải cũng dày dạn phù hợp với thời tiết không quá lạnh , đường chỉ may chắc chắc, không bị rách hay xể chỉ","Áo khoác BOMBER nỉ 2 da JULIDO áo khoác nỉ logo M thêu nổi dày dặn (FORM BOXY)","2025-12-15 18:42","52817983443","1506174776"
"áo khoác","350-600k","5","lướt cmt không ai chụp full áo nên thôi t chụp cho mấy b xem. form boxy nên 2xl chỉ rộng ngang chứ cũng k dài quá, ai thích rộng thì tham khảo. m65 chỉ mới chạm mông. chất vải thì k nóng, mặc mùa hè vẫn được. nchung cũng okela. số đo t random nên đừng dựa vào số đo t tham khảo. ** ( 9/12 t mua, 8/1 t sửa đánh giá ) 1 tháng t mặc đúng 1 lần lúc thử, thử xong thấy không hợp. pass lại giá 1.0.0k. Có nhu cầu mua liên hệ zl t: 0967.020.676","Áo khoác BOMBER nỉ 2 da JULIDO áo khoác nỉ logo M thêu nổi dày dặn (FORM BOXY)","2024-12-09 11:37","52817983443","1506174776"
"áo khoác","350-600k","5","Chất liệu:nỉ 2 lớp  trong có lớp bông Màu sắc:hồng Đúng với mô tả:đúng Dáng áo đẹp  ko nghĩ với giá chưa đc 150k mà áo lại chất lượng vậy đáng giá tiền nha","Áo khoác BOMBER nỉ 2 da JULIDO áo khoác nỉ logo M thêu nổi dày dặn (FORM BOXY)","2025-02-28 13:01","52817983443","1506174776"
"áo khoác","350-600k","5","Đúng với mô tả:rất đúng Màu sắc:màu beee Chất liệu:không bt rất là đáng mua luôn í rất đáng tiền ship còn thân thiện nữa","Áo khoác BOMBER nỉ 2 da JULIDO áo khoác nỉ logo M thêu nổi dày dặn (FORM BOXY)","2025-02-10 21:34","52817983443","1506174776"
"áo khoác","350-600k","5","Màu sắc:be kem Chất liệu:nỉ 2 da Đúng với mô tả:đúng như shop mô tả Đóng gói chắc chắn, giao hàng nhanh chóng, chất vải áo vừa phải không quá dầy hay mỏng, mặc thoáng mát","Áo khoác BOMBER nỉ 2 da JULIDO áo khoác nỉ logo M thêu nổi dày dặn (FORM BOXY)","2025-03-04 12:04","52817983443","1506174776"
"áo khoác","350-600k","5","Màu sắc:Đen Đúng với mô tả:Đúng Giao hàng nhanh. Áo mặc đẹp lắm luôn á. Mình 1m6 đặt size L phủ hơn nửa mông nha. Với giá tiền này thì quá oke 💖","Áo khoác BOMBER nỉ 2 da JULIDO áo khoác nỉ logo M thêu nổi dày dặn (FORM BOXY)","2025-05-17 18:48","52817983443","1506174776"
"áo khoác","350-600k","5","Đúng với mô tả:đúng ❤️ Chất liệu:đẹp ko dàu lắm nhưng ấm Màu sắc:sám nhạt đẹp 😄 Ban đầu mk cứ sợ màu đậm hơn nhưng về đúng màu mk ưng giá 180 mà mk mua có 100 ka à quá hời  Jody thì hãng uy tín có tiếng rồi ❤️❤️❤️❤️😊","Áo khoác BOMBER nỉ 2 da JULIDO áo khoác nỉ logo M thêu nổi dày dặn (FORM BOXY)","2025-01-11 18:23","52817983443","1506174776"
"áo khoác","350-600k","5","Chất liệu:chất vải dù Màu sắc:màu đẹp như hình Đúng với mô tả:đúng mô tả Chất vài dù trơn mát, mặc rộng thoải mái, mình 1m82 nặng 92kg cho các bạn tham khảo","[ DRAGON.UN ] ÁO KHOÁC NAM , Áo Khoác Dù Nam-Nữ,Khoác Gió chống nắng 2 lớp dày dặn có túi trong và có nón rộng.","2024-01-10 20:38","42479002624","1506174776"
"áo khoác","350-600k","5","Chất liệu:vải dù Đúng với mô tả:đúng Màu sắc:đen Áo oke á, ko dày ko mỏng mà xịn á , có túi trong nữa túi ngoài cx bự, nón bự.","[ DRAGON.UN ] ÁO KHOÁC NAM , Áo Khoác Dù Nam-Nữ,Khoác Gió chống nắng 2 lớp dày dặn có túi trong và có nón rộng.","2023-11-24 11:44","42479002624","1506174776"
"áo khoác","350-600k","5","Đúng với mô tả:Ok Chất liệu:Ok Màu sắc:Đen Chất liệu mỏng nhẹ ok phù hợp với mùa thu. Mình cao khoảng 1m71 58kg áo size XL mọi ng tham khảo!","[ DRAGON.UN ] ÁO KHOÁC NAM , Áo Khoác Dù Nam-Nữ,Khoác Gió chống nắng 2 lớp dày dặn có túi trong và có nón rộng.","2023-10-22 15:32","42479002624","1506174776"
"áo khoác","350-600k","5","Màu sắc:đen Đúng với mô tả:áo khoác, áo gió Chất liệu:vải dù Mặc thoải mái, mùa lạnh thì ấm, mùa nóng thì mát, thoáng khí, vải dày dặn, đưòng may chắc chắn, giá rẻ, ship nhanh, tuyệt vời lắm","[ DRAGON.UN ] ÁO KHOÁC NAM , Áo Khoác Dù Nam-Nữ,Khoác Gió chống nắng 2 lớp dày dặn có túi trong và có nón rộng.","2025-10-14 20:01","42479002624","1506174776"
"áo khoác","350-600k","5","Chất liệu:đúng quảng cáo, cao Màu sắc:đen Đúng với mô tả:đúng Sản phẩm mặc tốt lắm nha, chất lượng cao, đẹp, mình ko biết chiều dài eo, Vai, ngực, nhưng mặc vừa vặn lắm nha, êm lắm, thanks shop nhiều","[ DRAGON.UN ] ÁO KHOÁC NAM , Áo Khoác Dù Nam-Nữ,Khoác Gió chống nắng 2 lớp dày dặn có túi trong và có nón rộng.","2024-07-04 19:11","42479002624","1506174776"
"áo khoác","350-600k","5","Chất liệu:sợi nhựa Màu sắc:đen Đúng với mô tả:đúng Áo rộng vừa, mặc thoáng mát, che nắng tốt, các nút cài và khóa tốt, mình mua 2 cái","[ DRAGON.UN ] ÁO KHOÁC NAM , Áo Khoác Dù Nam-Nữ,Khoác Gió chống nắng 2 lớp dày dặn có túi trong và có nón rộng.","2025-02-04 02:22","42479002624","1506174776"
"áo khoác","350-600k","5","Shop đóng gói hàng cẩn thận, giao hàng nhanh. Sản phẩm giống với ảnh shop đăng, chất vải dày dặn, 2 lớp, lớp lót bằng bông chứ k mỏng như lớp gió những áo khác, cầm nặng tay. Phù hợp với giá tiền.","[ DRAGON.UN ] ÁO KHOÁC NAM , Áo Khoác Dù Nam-Nữ,Khoác Gió chống nắng 2 lớp dày dặn có túi trong và có nón rộng.","2023-09-14 11:37","42479002624","1506174776"
"áo khoác","350-600k","5","Sản phẩm rất chất lượng, đáng giá với giá tiền. * Giao hàng nhanh chóng và đóng gói sản phẩm cẩn thận. * Chất lượng sản phẩm vượt xa mong đợi của tôi, rất hài lòng. * Sản phẩm đáng mua, đáng bỏ tiền. * Hình ảnh và mô tả sản phẩm chính xác, hài lòng hơn mong đợi. * Dịch vụ khách hàng rất tốt, shop hỗ trợ nhiệt tình, sẽ ủng hộ lần sau. * Sản phẩm giao nhanh và an toàn, không bị hỏng hóc. * Hàng nhận đóng gói chắc chắn.","[ DRAGON.UN ] ÁO KHOÁC NAM , Áo Khoác Dù Nam-Nữ,Khoác Gió chống nắng 2 lớp dày dặn có túi trong và có nón rộng.","2024-09-29 18:46","42479002624","1506174776"
"áo khoác","350-600k","5","Chất liệu:Vải Dù Màu sắc:màu be Đúng với mô tả:giống như mẫu. Màu sáng, hợp thời trang.  Mặc thoải mái, giữ ấm. Nhìn sang đẹp","[ DRAGON.UN ] ÁO KHOÁC NAM , Áo Khoác Dù Nam-Nữ,Khoác Gió chống nắng 2 lớp dày dặn có túi trong và có nón rộng.","2024-09-15 06:14","42479002624","1506174776"
"áo khoác","350-600k","5","Màu sắc:xanh rêu Đúng với mô tả:đúng Chất liệu:vải dù, chống mưa nhỏ, mưa vừa, mưa rào Áo vải dày, ae yên tâm. Mặc đi xa kín gió. Ai mà to to nên mặc oversize thì nó sẽ ko bị chật mà lên dáng đẹp.","[ DRAGON.UN ] ÁO KHOÁC NAM , Áo Khoác Dù Nam-Nữ,Khoác Gió chống nắng 2 lớp dày dặn có túi trong và có nón rộng.","2024-09-19 17:03","42479002624","1506174776"
"áo khoác","350-600k","5","Màu sắc:xám Chất liệu:ni long Đúng với mô tả:đúng Áo đẹp, giao hàng nhanh, đóng gói kỹ, nhìn chắc chắn, mặc đẹp trai lên hẳn, cảm ơn shop và đơn vị vận chuyển","[ DRAGON.UN ] ÁO KHOÁC NAM , Áo Khoác Dù Nam-Nữ,Khoác Gió chống nắng 2 lớp dày dặn có túi trong và có nón rộng.","2023-10-24 23:21","42479002624","1506174776"
"áo khoác","350-600k","5","Đúng với mô tả:đúng Màu sắc:đen Áo đẹp, nhẹ, chất lượng tốt, có 1 túi trong, shop giao hàng nhanh, đóng gói cẩn thận, m cao 1m6 mặc vừa XL, b nào thích dài, rộng hơn thì nên chọn 2xl","[ DRAGON.UN ] ÁO KHOÁC NAM , Áo Khoác Dù Nam-Nữ,Khoác Gió chống nắng 2 lớp dày dặn có túi trong và có nón rộng.","2023-09-28 14:09","42479002624","1506174776"
"áo khoác","350-600k","5","Áo khoác đẹp lắm, dày dặn mặc ấm. Áo này mặc mùa đông hợp lý nè. Chứ ấm và dày. Đường may cẩn thận lắm mình rất ưng.","[ DRAGON.UN ] ÁO KHOÁC NAM , Áo Khoác Dù Nam-Nữ,Khoác Gió chống nắng 2 lớp dày dặn có túi trong và có nón rộng.","2023-08-30 17:58","42479002624","1506174776"
"áo khoác","350-600k","5","Màu sắc:xám Chất liệu:vải dù Đúng với mô tả:đúng Sản phẩm rất đẹp, rất chất lượng, đúng mô tả, shop đóng gói kỹ, giao hàng nhanh","[ DRAGON.UN ] ÁO KHOÁC NAM , Áo Khoác Dù Nam-Nữ,Khoác Gió chống nắng 2 lớp dày dặn có túi trong và có nón rộng.","2024-02-01 19:03","42479002624","1506174776"
"áo khoác","350-600k","5","Màu sắc:đen Chất liệu:dù mỏng nhẹ Đúng với mô tả:giống mô tả Áo mỏng nhẹ mặc mát lắm. Có 1 túi trong mà nhỏ lắm","[ DRAGON.UN ] ÁO KHOÁC NAM , Áo Khoác Dù Nam-Nữ,Khoác Gió chống nắng 2 lớp dày dặn có túi trong và có nón rộng.","2024-08-11 15:11","42479002624","1506174776"
"áo khoác","350-600k","5","Màu sắc:đem Đúng với mô tả:đúng với mô tả sản phẩm Chất liệu:không rõ Đã nhận được hàng. Shop giao hàng nhanh và tư vấn size chuẩn ạ. Mặc rất vừa và đẹp. Cảm ơn shop","[ DRAGON.UN ] ÁO KHOÁC NAM , Áo Khoác Dù Nam-Nữ,Khoác Gió chống nắng 2 lớp dày dặn có túi trong và có nón rộng.","2023-11-27 15:19","42479002624","1506174776"
"áo khoác","350-600k","5","Đúng với mô tả:dung Chất liệu:dù Màu sắc:đen Áo ở ngoài đẹp chụp vô hơi xu 🥲 giá tầm này ok r phù hợp , đẹp nha nên mua","[ DRAGON.UN ] ÁO KHOÁC NAM , Áo Khoác Dù Nam-Nữ,Khoác Gió chống nắng 2 lớp dày dặn có túi trong và có nón rộng.","2023-11-06 21:43","42479002624","1506174776"
"áo khoác","350-600k","5","Đúng với mô tả:đúng Chất liệu:kaki Màu sắc:đen Áo chất đẹp lắm ạ Dày dặn mà em thử qua nước giọt nước nó lăn trên áo thật Quá xịn. Form cũng đẹp ạ. Nên mua nha cả nhà","[ DRAGON.UN ] ÁO KHOÁC NAM , Áo Khoác Dù Nam-Nữ,Khoác Gió chống nắng 2 lớp dày dặn có túi trong và có nón rộng.","2023-09-17 19:44","42479002624","1506174776"
"áo khoác","350-600k","5","Đúng với mô tả:đúng Màu sắc:đen Chất liệu:vải dù Áo rộng ok nhê, có dây rút cho áo nhỏ lại, nón to tay dài, 1m62 mặc qua mông mọi ng nên mua nhê","[ DRAGON.UN ] ÁO KHOÁC NAM , Áo Khoác Dù Nam-Nữ,Khoác Gió chống nắng 2 lớp dày dặn có túi trong và có nón rộng.","2023-10-20 13:50","42479002624","1506174776"
"áo khoác","350-600k","5","Chất liệu:vải dù Màu sắc:xanh rêu Đúng với mô tả:đúng Áo rất đẹp dày dặn đường may chắc chắn lớp lót mát giá phải chăng nên mua nha mng ưng ý ghê","[ DRAGON.UN ] ÁO KHOÁC NAM , Áo Khoác Dù Nam-Nữ,Khoác Gió chống nắng 2 lớp dày dặn có túi trong và có nón rộng.","2024-09-11 13:48","42479002624","1506174776"
"áo khoác",">600k","5","Chất liệu:Kiểu dáng: Form rộng vừa vặn, kiểu dáng thời trang dễ phối đồ. Màu sắc:Kiểu dáng: Form rộng vừa vặn, kiểu dáng thời trang dễ phối đồ. Nhạn xu rẳng nhặn xudb ân s linh tinhhhhhh","Áo Khoác Bomber Dù Hai Lớp Chống Nước Cản Gió","2025-11-18 20:56","53867842249","1506174776"
"áo khoác",">600k","5","Màu sắc:đen Chất liệu:dầy dặn Đúng với mô tả:thừa luôn ý chứ :)) Siêu rì com men cho mn mua nha chất vải hơi bị đỉnh  Nói chung là đỉnh!10₫","Áo Khoác Bomber Dù Hai Lớp Chống Nước Cản Gió","2025-11-09 12:32","53867842249","1506174776"
"áo khoác",">600k","5","Chất liệu:vải mát mẻ Màu sắc:màu đen và trắng xám","Áo Khoác Bomber Dù Hai Lớp Chống Nước Cản Gió","2025-11-06 20:22","53867842249","1506174776"
"áo khoác",">600k","5","Chất liệu:vair Màu sắc:đen Đúng với mô tả:đúng Hàng ổn đẹp và ok nha mọi người giao hàng nhanh giá hợp lí với sản phẩm ko quá dày cũng ko quá mỏng mặc đi đường ok nha hình ảnh chỉ mang tính chất nhận xu","Áo Khoác Bomber Dù Hai Lớp Chống Nước Cản Gió","2025-12-29 10:29","53867842249","1506174776"
"áo khoác",">600k","5","Chất lượng phù hợp với giá tiền giao hàng nhanh,￼ nhân viên giao hàng nhiệt tình giá quá rẻ nên chất lượng như thế là hợp lý","Áo Khoác Bomber Dù Hai Lớp Chống Nước Cản Gió","2026-01-18 20:49","53867842249","1506174776"
"áo khoác",">600k","5","giao nhanh, đóng gói kỹ, cho shop 5 sao, sẽ ủng hộ shop tiếp lần sau","Áo Khoác Bomber Dù Hai Lớp Chống Nước Cản Gió","2026-01-01 13:18","53867842249","1506174776"
"áo khoác",">600k","5","Màu sắc:mauf dden Đúng với mô tả:đúng Chất liệu:ka ki Áo đẹp fom đẹp đẹp cục kỉ luôn nha mọi ng mk khuyên nên mua nhaaaa","Áo Khoác Bomber Dù Hai Lớp Chống Nước Cản Gió","2025-10-06 03:18","53867842249","1506174776"
"áo khoác",">600k","5","Đúng với mô tả:đúng Màu sắc:ok Chất liệu:ok Ko I just got home and I’m heading back now and","Áo Khoác Bomber Dù Hai Lớp Chống Nước Cản Gió","2025-12-12 17:23","53867842249","1506174776"
"áo khoác",">600k","5","Chất liệu:vai du mac mat khi ra ngoai Màu sắc:mau sac đen đậm chuẩn màu đặt hình in ok hình ảnh này có anh ở đâu vậy luôn hả em có đi học rồi đấy anh bảo là không biết gì đâu em ạ em đi ngủ đi mai đi ăn cơm xong chưa anh đang làm","Áo Khoác Bomber Dù Hai Lớp Chống Nước Cản Gió","2026-09-05 11:53","53867842249","1506174776"
"áo khoác",">600k","5","Chất liệu:thoáng khí, mát mẻ Màu sắc:đẹp, đúng màu Phong cách:hợp thời trang","Áo Khoác Bomber Dù Hai Lớp Chống Nước Cản Gió","2026-08-08 13:09","53867842249","1506174776"
"áo khoác",">600k","5","Đúng với mô tả:đúng Màu sắc:đen Chất liệu:vải dày dặn , ko bị nhăn giao hàng nhanh , nhất định t sẽ ủng hộ shop","Áo Khoác Bomber Dù Hai Lớp Chống Nước Cản Gió","2025-11-23 10:50","53867842249","1506174776"
"áo khoác",">600k","5","Đúng với mô tả:chuanar Màu sắc:đen Chất liệu:gió Áo đẹp, với giá thành như này thì cũng ổn rồi, chất liệu nó bằng với giá thành thôi","Áo Khoác Bomber Dù Hai Lớp Chống Nước Cản Gió","2025-10-27 11:15","53867842249","1506174776"
"áo khoác",">600k","5","Chất liệu:ao khoac day dan, vai mem min va chong gio rat tot Màu sắc:mau sac ao dep, chuan voi hinh anh ca ton giang Phong cách:phong cach ao thoi thuong, de dang ket hop voi nhieu trang phuc Hình ảnh chỉ mang tính chất nhận xu","Áo Khoác Bomber Dù Hai Lớp Chống Nước Cản Gió","2026-01-11 08:35","53867842249","1506174776"
"áo khoác",">600k","5","Màu sắc:đen Chất liệu:gió Đúng với mô tả:đúng Aó khoác ấm, chất liệu bền, dáng đẹp dễ mặc","Áo Khoác Bomber Dù Hai Lớp Chống Nước Cản Gió","2025-11-11 14:00","53867842249","1506174776"
"áo khoác",">600k","5","Bánh xốp với lớp phô mai thơm ngon, béo béo xen kẽ nhau, khi ăn hòa quyện với nhau rất hấp dẫn. Bánh xốp nhân phô mai Nabati gói 50g tiện lợi, dễ mang theo bên người khi ra ngoài. Bánh xốp Nabati thích hợp cho những buổi tiệc ngot, hoặc dùng để ăn vặt cũng rất phù hợp","Áo Khoác Bomber Dù Hai Lớp Chống Nước Cản Gió","2026-04-30 16:03","53867842249","1506174776"
"áo khoác",">600k","5","Chất liệu:gio Màu sắc:den Phong cách:dep Hot dog là một loại đồ ăn nhanh của Mỹ, là bánh mì (hot dog bun) kẹp xúc xích, thường có thêm mù tạt, nước sốt cà chua, hành, mayonnaise, gia vị có thể có hoặc không có dưa cải Đức (sauerkraut). Từ ""dog"" đã được sử dụng như từ đồng nghĩa với xúc xích từ năm 1884 và các cáo buộc cho rằng nhà sản xuất xúc xích sử dụng thịt chó đã có ít nhất từ năm 1845.[1] Vào đầu thế kỷ 20, ở Đức, việc tiêu thụ thịt chó là bình thường.[2] Những nghi ngờ xúc xích có chứa thịt chó ""đôi khi chính xác"".[3].","Áo Khoác Bomber Dù Hai Lớp Chống Nước Cản Gió","2026-03-05 22:53","53867842249","1506174776"
"áo khoác",">600k","5","Chất liệu:too Màu sắc:dep Phong cách:hop voi quan ong xuong chất vải vừa vặn","Áo Khoác Bomber Dù Hai Lớp Chống Nước Cản Gió","2026-03-03 17:45","53867842249","1506174776"
"áo khoác",">600k","5","Chất liệu:áo khoác rất dày dặn Màu sắc:áo đẹp, chuẩn gián Phong cách:quá ok Dạ e nhắn để xác nhận lại đơn, e cảm ơn a nhiều ạ, a cần hướng dẫn chăm sóc thì cứ liên hệ hoặc nhắn zalo này giúp e nha 🥰","Áo Khoác Bomber Dù Hai Lớp Chống Nước Cản Gió","2026-02-10 13:23","53867842249","1506174776"
"áo khoác",">600k","5","Đúng với mô tả:ddung Chất liệu:gió Màu sắc:đén hàng i hình giá rẻ mua oke nhé","Áo Khoác Bomber Dù Hai Lớp Chống Nước Cản Gió","2025-08-28 13:20","53867842249","1506174776"
"áo khoác",">600k","5","Màu sắc:Den Đúng với mô tả:Dung Chất liệu:Vai du Ok nha, giao hàng nhanh, đẹp giá hợp lí, có hơi chỉ thừa xíu nhưng mà k đáng kể, nên mua","Áo Khoác Bomber Dù Hai Lớp Chống Nước Cản Gió","2025-09-03 13:13","53867842249","1506174776"
"áo khoác",">600k","5","Chất liệu:dù Màu sắc:vàng Đúng với mô tả:ok Áo thật sự rất đẹp. Thoáng mát k nóng, mẫu khá chim ưng. Màu sắc tươi tắn, k có chỉ thừa. Rất đáng mua. Do buổi tối nên ánh sáng k đủ để chụp","Áo khoác gió nam nữ 2 lớp tráng bạc chống nước hiệu quả","2022-09-19 11:10","46967573481","1506174776"
"áo khoác",">600k","5","Chất lượng sản phẩm tuyệt vời. Chất áo đẹp. Đóng gói kĩ lưỡng. Shop phục vụ rất tốt. Rất đáng tiền. Thời gian giao hàng nhanh","Áo khoác gió nam nữ 2 lớp tráng bạc chống nước hiệu quả","2024-06-22 11:12","46967573481","1506174776"
"áo khoác",">600k","5","Áo đẹp! M48, 47kg mặc size M rộng vừa đẹp! Bên ngoài lớp dù bên trong lớp lưới! Có túi lưới bên trong! Phù hợp với giá tiền! Thanks shop!","Áo khoác gió nam nữ 2 lớp tráng bạc chống nước hiệu quả","2021-10-12 21:41","46967573481","1506174776"
"áo khoác",">600k","5","Vẫn là 2áo dạ tweed best seller của shop Nhanh tay gom ngay 2 mã này cho tủ đồ của mk nha ce Fullsize S M L và S - XL Đồng giá 179.000 ✅NHẬN ORDER THEO ẢNH HOẶC LINK SẢN PHẨM ✅ Hàng order 7-10 ngày có hàng. CÂN NHẮC TRƯỚC KHI ĐẶT HÀNG VÀ KHÔNG HUỶ NGANG GIÚP MÌNH !","Áo khoác gió nam nữ 2 lớp tráng bạc chống nước hiệu quả","2023-08-05 17:33","46967573481","1506174776"
"áo khoác",">600k","5","Áo đẹp lắm nha. Chất vải dày dặn cầm nặng tay luôn có chống nước ở mức độ vừa phải. Săn sale được nên giá rất rẻ so với chất lượng. Sẽ mua lại lần nữa. Hình ảnh của lần mua t2 nhận hàng mới quay lại đánh giá của lần đầu","Áo khoác gió nam nữ 2 lớp tráng bạc chống nước hiệu quả","2023-10-25 11:47","46967573481","1506174776"
"áo khoác",">600k","5","Chất liệu:vải trơn thoáng mát Màu sắc:xanh cổ vịt Đúng với mô tả:đúng mẫu mã Quá tuyệt vời. Quá đẹp. Shop làm ăn uy tín","Áo khoác gió nam nữ 2 lớp tráng bạc chống nước hiệu quả","2023-01-11 12:44","46967573481","1506174776"
"áo khoác",">600k","5","áo ưng lắm nha! svs giá là rất ok lun r. Mình bận trong tp hcm thoii nên cũng hài lòng vì vải ko quá dày, ko bị nóng, có lưới trong nên cũng thoáng nữa. 5 like cho shop","Áo khoác gió nam nữ 2 lớp tráng bạc chống nước hiệu quả","2022-08-07 00:26","46967573481","1506174776"
"áo khoác",">600k","5","Áo đẹp giá rẻ.Lúc đầu mua có nhiều cmt không hay nên mình có băn khoăn. Chắc hên xui. Shop nên giải quyết thoả đáng với những lô hàng lỗi để 100 % 10 sao nhé. Năm nay mua áo gió có túi trong rất tiện lợi.","Áo khoác gió nam nữ 2 lớp tráng bạc chống nước hiệu quả","2022-10-12 08:27","46967573481","1506174776"
"áo khoác",">600k","5","Hàng đẹp lắm ạ em săn  seo  còn được giá rẻ nữa  áo có hơn 70k mà đẹp k tưởng sẽ quay lại ủng hộ shop ạ","Áo khoác gió nam nữ 2 lớp tráng bạc chống nước hiệu quả","2023-10-17 13:42","46967573481","1506174776"
"áo khoác",">600k","5","Chất liệu:vai du co 2 lop Đúng với mô tả:dung mo ta Màu sắc:den Dày dặn, chắc chắn, giá có size 3XL thì tốt. 1 lớp vải dù, 1 lớp lưới.","Áo khoác gió nam nữ 2 lớp tráng bạc chống nước hiệu quả","2023-10-01 14:13","46967573481","1506174776"
"áo khoác",">600k","5","Chất liệu:chất liệu vải chống thấm nước tốt vải mềm lót trong thoáng Màu sắc:màu sắc tươi sáng kiểu dáng thời trang đẹp mắt Độ rộng:phom dáng vừa ấm mùa đông không thấm nước khi mưa","Áo khoác gió nam nữ 2 lớp tráng bạc chống nước hiệu quả","2025-11-10 22:42","46967573481","1506174776"
"áo khoác",">600k","5","Chất liệu:dù chống nước Đúng với mô tả:đúng Màu sắc:xanh đen Áo đẹp, rẻ, có chống nước thật ạ ☺️ mua cho ck nên chưa thử nhưng nhìn ưng lắm","Áo khoác gió nam nữ 2 lớp tráng bạc chống nước hiệu quả","2023-10-02 13:31","46967573481","1506174776"
"áo khoác",">600k","5","Màu sắc:ghi xam Đúng với mô tả:đúng Chất liệu:gió Rẻ mà đẹp với giá tiền này mà mua đk cái áo này thì ok lắm giao hàng nhanh","Áo khoác gió nam nữ 2 lớp tráng bạc chống nước hiệu quả","2023-10-16 18:19","46967573481","1506174776"
"áo khoác",">600k","5","Chất liệu:vải dù Màu sắc:xanh đen Đúng với mô tả:đúng Giao hàng thân thiện, form áo đẹp, với giá tiền thì áo khoác này khá OK, mọi người nên mua!","Áo khoác gió nam nữ 2 lớp tráng bạc chống nước hiệu quả","2023-10-16 10:51","46967573481","1506174776"
"áo khoác",">600k","5","Chất liệu:như mô tả Màu sắc:đúng Đúng với mô tả:giống như shop quảng cáo Mua được cái áo đẹp vừa ý. Cho shop sao 5.","Áo khoác gió nam nữ 2 lớp tráng bạc chống nước hiệu quả","2025-09-17 23:28","46967573481","1506174776"
"áo khoác",">600k","5","Chất liệu:ok Màu sắc:xanh đen Đúng với mô tả:ổn Giao hàng nhanh, Sẽ ủng hộ shop giá vừa tầm cảm ơn shop mn nên mua nha …….,,…….","Áo khoác gió nam nữ 2 lớp tráng bạc chống nước hiệu quả","2023-04-18 19:26","46967573481","1506174776"
"áo khoác",">600k","5","Chất liệu:dù Màu sắc:xanh đậm Đúng với mô tả:đúng Shop giao hàng nhanh , giá rẻ mà chất lượng nữa . Áo khoác 2 lớp đúng với shop mô tả trên hình . Và lớp vải bên trong mặc rất ấm . Không tậm mắt mặc thử thì chắc ai cũng sẽ nghĩ là áo ấm mới ấm vậy . Nhưng thực chất đây là áo khoác dù chống nóng và chống mưa nhiệt độ bên ngoài .  Áo 2 túi rất sâu để được phone .","Áo khoác gió nam nữ 2 lớp tráng bạc chống nước hiệu quả","2023-07-27 22:20","46967573481","1506174776"
"áo khoác",">600k","5","Đúng với mô tả:đúng với ảnh Màu sắc:xanh than Chất liệu:áo gió Áo đẹp. Hàng y hình mặc vừa in. Vơi giá thế này thì k chê vào đâu được","Áo khoác gió nam nữ 2 lớp tráng bạc chống nước hiệu quả","2023-10-14 18:20","46967573481","1506174776"
"áo khoác",">600k","5","Chất liệu:aos gios Màu sắc:vang gióng ảnh Đúng với mô tả:đúng mô tả Chất lượng sản phẩm phù hợp với giá tiền. Mọi ng nên mua nhé","Áo khoác gió nam nữ 2 lớp tráng bạc chống nước hiệu quả","2022-10-16 07:12","46967573481","1506174776"
"áo khoác",">600k","5","Chất liệu:gio Màu sắc:xanh Đúng với mô tả:ok Giao nhanh Hộp đẹp chắc chắn Đóng gói đẹp Ship nhiệt tình Mọi thứ nhìn chung ổn hài hoà mọi thứ nguyên vẹn cảm ơn shop cảm ơn giao hàng","Áo khoác gió nam nữ 2 lớp tráng bạc chống nước hiệu quả","2023-03-03 09:14","46967573481","1506174776"
"áo khoác",">600k","5","Đúng với mô tả:đúng Màu sắc:giống Chất liệu:tuyetvoi Rẻ và tuỵt vời lắm mn oiiiiiiiiiiiiiiiii,vd là mình mặc áo đấy ấy ạ","Áo khoác chất liệu nỉ cotton mềm mại, thoáng mát, thiết kế unisex hiện đại, form rộng trẻ trung, nhiều màu sắc","2026-01-02 22:48","46414875736","1506174776"
"áo khoác",">600k","5","Chất liệu:kshznzn sjjxxj ssjsj Màu sắc:màu đỏ chót luôn ấy,t thấy hơi 6 Độ rộng:thẳng","Áo khoác chất liệu nỉ cotton mềm mại, thoáng mát, thiết kế unisex hiện đại, form rộng trẻ trung, nhiều màu sắc","2026-04-23 20:21","46414875736","1506174776"
"áo khoác",">600k","5","Chất liệu:hơi mỏng Màu sắc:xinh lắm Độ rộng:vừa vặng,thoải mái Nói chung là rất tốt","Áo khoác chất liệu nỉ cotton mềm mại, thoáng mát, thiết kế unisex hiện đại, form rộng trẻ trung, nhiều màu sắc","2026-04-04 19:19","46414875736","1506174776"
"áo khoác",">600k","5","Chất liệu:chaats lieu ok shop chuan bị hàng nhanh giao nhanh nên mua nha","Áo khoác chất liệu nỉ cotton mềm mại, thoáng mát, thiết kế unisex hiện đại, form rộng trẻ trung, nhiều màu sắc","2026-05-14 11:17","46414875736","1506174776"
"áo khoác",">600k","5","Giao hàng nhanh, mỏng, đường chỉ dễ bục, tiền nào của đó thui mn a","Áo khoác chất liệu nỉ cotton mềm mại, thoáng mát, thiết kế unisex hiện đại, form rộng trẻ trung, nhiều màu sắc","2025-12-14 13:39","46414875736","1506174776"
"áo khoác",">600k","5","Đúng với mô tả:đúng Màu sắc:xám Giá rẻ nên áo hơi mỏng nhưng mặc cx thích, đẹp, ổn, ok (Hình ảnh trên chỉ mang tính chất lấy xu, xin cảm ơn)","Áo khoác chất liệu nỉ cotton mềm mại, thoáng mát, thiết kế unisex hiện đại, form rộng trẻ trung, nhiều màu sắc","2026-01-04 22:06","46414875736","1506174776"
"áo khoác",">600k","5","Đúng với mô tả:đúng Chất liệu:vải Màu sắc:đen Đẹp","Áo khoác chất liệu nỉ cotton mềm mại, thoáng mát, thiết kế unisex hiện đại, form rộng trẻ trung, nhiều màu sắc","2026-02-07 20:39","46414875736","1506174776"
"áo khoác",">600k","5","Khoai lang chiên 🍟 thì ăn mãi dồi, thế các bác đã thử…khoai tây chiên kiểu lày chưa. Ngon lắmmm😋 Đầu tiên, khoai tây 🥔 các bác gọt sạch vỏ, sau đó lạo sợi. Tiếp theo các bác cho vào một xíu muối 🧂, cho lước 💦 vào, bóp ✊🏻 để cho ra hết nhựa. Sau khi rửa 🧼 sạch khoai tây 🥔 rồi, các bác cho vào tô 🥣, cho thêm bột lăng, đường, hạt tiêu, bột ớt 🌶️. Sau đó các bác trộn đều lên cho ngấm đều bột. Tiếp theo, các bác cho dầu vào chảo 🫕, các bác bật bếp lên chờ dầu lóng 🥵 thì cho khoai tây 🥔 vào, dàn đều khoai ra. Chiên vàng mặt 😛 thì lật, chiên thêm một xíu lữa, là có ngay món bánh khoai tây 🥔 chiên 🍟 giòn zụm dồi 🤩. Bác nào nhà sẵn khoai tây thì thử ngay đi nha 👍🏻....","Áo khoác chất liệu nỉ cotton mềm mại, thoáng mát, thiết kế unisex hiện đại, form rộng trẻ trung, nhiều màu sắc","2026-05-31 00:12","46414875736","1506174776"
"áo khoác",">600k","5","Chất liệu:mềm mịn,dày ,ấm Màu sắc:giống mẫu Độ rộng:vừa","Áo khoác chất liệu nỉ cotton mềm mại, thoáng mát, thiết kế unisex hiện đại, form rộng trẻ trung, nhiều màu sắc","2026-06-11 11:13","46414875736","1506174776"
"áo khoác",">600k","5","dày rất ấm phù hợp với trời gần xuân","Áo khoác chất liệu nỉ cotton mềm mại, thoáng mát, thiết kế unisex hiện đại, form rộng trẻ trung, nhiều màu sắc","2026-01-18 20:52","46414875736","1506174776"
"áo khoác",">600k","5","Màu sắc:đẹp Chất liệu:tốt Đúng với mô tả:đúng","Áo khoác chất liệu nỉ cotton mềm mại, thoáng mát, thiết kế unisex hiện đại, form rộng trẻ trung, nhiều màu sắc","2025-12-26 12:50","46414875736","1506174776"
"áo khoác",">600k","5","Đẹp nha , shipper rất vui tính lun","Áo khoác chất liệu nỉ cotton mềm mại, thoáng mát, thiết kế unisex hiện đại, form rộng trẻ trung, nhiều màu sắc","2026-01-24 17:50","46414875736","1506174776"
"áo khoác",">600k","5","Chất liệu:tốt Màu sắc:đúng Độ rộng:form đẹp chuẩn","Áo khoác chất liệu nỉ cotton mềm mại, thoáng mát, thiết kế unisex hiện đại, form rộng trẻ trung, nhiều màu sắc","2026-06-27 16:38","46414875736","1506174776"
"áo khoác",">600k","5","Hàng về ổn, đẹp và rất dễ thương","Áo khoác chất liệu nỉ cotton mềm mại, thoáng mát, thiết kế unisex hiện đại, form rộng trẻ trung, nhiều màu sắc","2026-08-31 14:40","46414875736","1506174776"
"áo khoác",">600k","5","Chất liệu:chất liệu hơi mỏng nhưng ns cx coi là đc đẹp Màu sắc:đúng màu giao hàng lâu nhưng áo đẹp vừa vặn 👍","Áo khoác chất liệu nỉ cotton mềm mại, thoáng mát, thiết kế unisex hiện đại, form rộng trẻ trung, nhiều màu sắc","2026-02-09 12:30","46414875736","1506174776"
"áo khoác",">600k","5","Chất liệu:tốt Màu sắc:màu sắc giống trong hình","Áo khoác chất liệu nỉ cotton mềm mại, thoáng mát, thiết kế unisex hiện đại, form rộng trẻ trung, nhiều màu sắc","2026-01-22 12:52","46414875736","1506174776"
"áo khoác",">600k","5","Chất liệu:áo khoác nỉ Màu sắc:xám","Áo khoác chất liệu nỉ cotton mềm mại, thoáng mát, thiết kế unisex hiện đại, form rộng trẻ trung, nhiều màu sắc","2026-01-30 13:25","46414875736","1506174776"
"áo khoác",">600k","5","Màu sắc:jgfvfg Chất liệu:bfggv Đúng với mô tả:gfbtf","Áo khoác chất liệu nỉ cotton mềm mại, thoáng mát, thiết kế unisex hiện đại, form rộng trẻ trung, nhiều màu sắc","2026-01-03 22:55","46414875736","1506174776"
"áo khoác",">600k","5","Đúng với mô tả:giống vs mô tả","Áo khoác chất liệu nỉ cotton mềm mại, thoáng mát, thiết kế unisex hiện đại, form rộng trẻ trung, nhiều màu sắc","2026-01-07 10:52","46414875736","1506174776"
"áo khoác",">600k","5","Đúng với mô tả:đúng Chất liệu:vải Màu sắc:trắng","Áo khoác chất liệu nỉ cotton mềm mại, thoáng mát, thiết kế unisex hiện đại, form rộng trẻ trung, nhiều màu sắc","2026-01-23 19:23","46414875736","1506174776"
"áo khoác",">600k","5","Shop giao hàng nhanh, đóng gói cẩn thận kĩ càng, sản phẩm đúng như quảng cáo. Mình rất thích. Sipped nhanh nhẹn nhiệt tình thân thiện. Tặng shop 5 sao + nhé. Hình ảnh chỉ mang tính chất nhận xu.","Áo Phao Nam Lót Lông Cừu Đen, Kem, Nâu - Chất Vải Dày Dặn, Giữ Ấm Tốt, Nhiều Size Lựa Chọn","2026-01-17 19:37","54616598735","1506174776"
"áo khoác",">600k","5","Chất liệu:vải Màu sắc:đen Đúng với mô tả:đúng Đúng , đẹp , lông mịn , lên mua thử nhé mọi người , áo đẹp lắm ạ","Áo Phao Nam Lót Lông Cừu Đen, Kem, Nâu - Chất Vải Dày Dặn, Giữ Ấm Tốt, Nhiều Size Lựa Chọn","2025-01-02 20:14","54616598735","1506174776"
"áo khoác",">600k","5","Chuẩn bị hàng và giao hàng rất nhanh, đóng gói  cẩn thận. Áo mặc ấm, nhìn chung đẹp, độ bền để thời gian đánh giá.","Áo Phao Nam Lót Lông Cừu Đen, Kem, Nâu - Chất Vải Dày Dặn, Giữ Ấm Tốt, Nhiều Size Lựa Chọn","2026-01-13 10:26","54616598735","1506174776"
"áo khoác",">600k","5","Áo siêu đẹp trùi ui, giá rẻ nha 200 mấy mà cái áo nó siêu xịn ấm dã man ước j có size lớn hơn mua nữa:))))","Áo Phao Nam Lót Lông Cừu Đen, Kem, Nâu - Chất Vải Dày Dặn, Giữ Ấm Tốt, Nhiều Size Lựa Chọn","2024-12-02 10:58","54616598735","1506174776"
"áo khoác",">600k","5","Sản phẩm này thực sự rất ấn tượng với chất lượng vượt trội. Vật liệu được chọn lọc kỹ càng, giúp sản phẩm có độ bền cao và sử dụng lâu dài. Thiết kế tinh tế, dễ sử dụng và thân thiện với người dùng, tạo cảm giác thoải mái khi sử dụng. Màu sắc đẹp mắt, dễ dàng phối hợp với các không gian khác nhau. Giá cả hợp lý so với những gì mà sản phẩm mang lại, xứng đáng là một sự đầu tư đáng giá.","Áo Phao Nam Lót Lông Cừu Đen, Kem, Nâu - Chất Vải Dày Dặn, Giữ Ấm Tốt, Nhiều Size Lựa Chọn","2026-02-08 11:25","54616598735","1506174776"
"áo khoác",">600k","5","Chất liệu:gios bong Kiểu dáng:suoong phom vua Sản phẩm tốt chất lượng  Hàng đẹp giao hàng nhanh đúng đủ sản phẩm đóng gói cẩn thận   hình ảnh nhận xu","Áo Phao Nam Lót Lông Cừu Đen, Kem, Nâu - Chất Vải Dày Dặn, Giữ Ấm Tốt, Nhiều Size Lựa Chọn","2026-02-04 11:40","54616598735","1506174776"
"áo khoác",">600k","5","Độ dày:Áo dày dặn, chắc chắn và mặc rất ấm áp Chất liệu:Chất liệu áo mềm mại và có lớp lót lông cừu bên trong Màu sắc:Màu sắc nhã nhặn dễ dàng phối đồ với nhiều quần áo khác","Áo Phao Nam Lót Lông Cừu Đen, Kem, Nâu - Chất Vải Dày Dặn, Giữ Ấm Tốt, Nhiều Size Lựa Chọn","2026-02-04 15:13","54616598735","1506174776"
"áo khoác",">600k","5","và rất hài lòng. Sản phẩm được đóng gói cẩn thận, giao hàng nhanh. Chất lượng vượt mong đợi, sử dụng tiện lợi và bền. Thiết kế hiện đại, tinh tế, phù hợp với nhiều đối tượng. Đây là một sản phẩm đáng tiền, tôi sẽ giới thiệu cho bạn bè và người thân.","Áo Phao Nam Lót Lông Cừu Đen, Kem, Nâu - Chất Vải Dày Dặn, Giữ Ấm Tốt, Nhiều Size Lựa Chọn","2026-01-09 19:37","54616598735","1506174776"
"áo khoác",">600k","5","Đúng với mô tả:ok Chất liệu:ok Màu sắc:ok Shop đóng hàng gửi, giao nhanh đúng đủ hàng. Hình ảnh video mang tính chất nhận xu nha","Áo Phao Nam Lót Lông Cừu Đen, Kem, Nâu - Chất Vải Dày Dặn, Giữ Ấm Tốt, Nhiều Size Lựa Chọn","2025-12-07 13:13","54616598735","1506174776"
"áo khoác",">600k","5","Màu sắc:dep ton da Đúng với mô tả:đúng Chất liệu:tốt Mình đặt cho nhà mình ai cũng khen, ấm, cầm nặng tay, vải đẹp, form chuẩn rất xứng đánh nhé. Thêm vận chuyển cũng nhanh nữa. Shop thì tư vấn nhiệt tình, sẽ quay lại ạ","Áo Phao Nam Lót Lông Cừu Đen, Kem, Nâu - Chất Vải Dày Dặn, Giữ Ấm Tốt, Nhiều Size Lựa Chọn","2025-12-09 17:01","54616598735","1506174776"
"áo khoác",">600k","5","Màu sắc:đen Đúng với mô tả:yep Chất liệu:ko bt Giao nhanh, chất luợng oke, giá cũng hợp lý. Mn có thể mua thử, giao 2-3 hôm gì đó","Áo Phao Nam Lót Lông Cừu Đen, Kem, Nâu - Chất Vải Dày Dặn, Giữ Ấm Tốt, Nhiều Size Lựa Chọn","2026-01-09 20:37","54616598735","1506174776"
"áo khoác",">600k","5","Sản phẩm này có đóng gói đẹp, giao hàng nhanh chóng và chất lượng tuyệt vời, không có điểm nào để chê. Anh A và công ty B đã hỗ trợ tôi phát triển website rất tốt. Tôi rất hài lòng với dịch vụ chăm sóc và tư vấn tại đây.","Áo Phao Nam Lót Lông Cừu Đen, Kem, Nâu - Chất Vải Dày Dặn, Giữ Ấm Tốt, Nhiều Size Lựa Chọn","2026-01-31 08:20","54616598735","1506174776"
"áo khoác",">600k","5","Chất liệu:khuya gió Đúng với mô tả:đẹp Màu sắc:đen Đẹp nha shop  249k mà chất như hàng 5 6 xị Nhận hàng ngạc nhiên chưa  5 sao cho chất lượng","Áo Phao Nam Lót Lông Cừu Đen, Kem, Nâu - Chất Vải Dày Dặn, Giữ Ấm Tốt, Nhiều Size Lựa Chọn","2025-01-01 19:21","54616598735","1506174776"
"áo khoác",">600k","5","Chất liệu:dep Màu sắc:den Đúng với mô tả:đúng Áo đẹp lắm nha mn mặc ấm dày dặn lắm mn nên mua với giá này quá tốt","Áo Phao Nam Lót Lông Cừu Đen, Kem, Nâu - Chất Vải Dày Dặn, Giữ Ấm Tốt, Nhiều Size Lựa Chọn","2026-01-04 12:51","54616598735","1506174776"
"áo khoác",">600k","5","Màu sắc:den Đúng với mô tả:dung Chất liệu:phao Áo có hơn 200k mà quá là đẹp luôn , dày dặn ấm áp lắm , giao hàng nhanh , cho 10 sao vẫn thấy thiếu y, m đặt có 252k mà ưng quá trời luôn","Áo Phao Nam Lót Lông Cừu Đen, Kem, Nâu - Chất Vải Dày Dặn, Giữ Ấm Tốt, Nhiều Size Lựa Chọn","2025-12-02 12:24","54616598735","1506174776"
"áo khoác",">600k","5","Hàng đẹp, đúng vs hình ảnh, ship thân thiên, nhiệt tình . Đóng gói cẩn thận, giá rẻ mik rất ưng Chúc shop buôn may bán đắt Hình ảnh minh hoạ nhận xu","Áo Phao Nam Lót Lông Cừu Đen, Kem, Nâu - Chất Vải Dày Dặn, Giữ Ấm Tốt, Nhiều Size Lựa Chọn","2025-11-13 14:14","54616598735","1506174776"
"áo khoác",">600k","5","Độ dày:ok Chất liệu:bt Màu sắc:bt Hình ảnh chỉ mang tính đột phá như vậy thì mình nghĩ là do người ta không có gì là lạ đâu mà phải đi làm thuê cho các bạn ý cứ như là","Áo Phao Nam Lót Lông Cừu Đen, Kem, Nâu - Chất Vải Dày Dặn, Giữ Ấm Tốt, Nhiều Size Lựa Chọn","2026-02-10 01:50","54616598735","1506174776"
"áo khoác",">600k","5","Độ ấm:ấm Chất liệu:phao Lớp lót:lông ￼Áo Khoác Phao Suông lót lông cừu cao cấp TINGO, Áo đại hàn dày dặn Chống rét, Giữ ấm cơ thể cho nam nữ Unisex APS11","Áo Phao Nam Lót Lông Cừu Đen, Kem, Nâu - Chất Vải Dày Dặn, Giữ Ấm Tốt, Nhiều Size Lựa Chọn","2026-02-07 16:17","54616598735","1506174776"
"áo khoác",">600k","5","dày với ưng cực kì lunnn, tui đặt size L nhưng mà thử thì tui muốn mang rộng hơn, ib cái shop hỗ trợ rẹt rẹt mau mắn lắm lunn. Áo ấm với lông mịnn, chồng tui ưng lắm lun. Sẽ quay lại","Áo Phao Nam Lót Lông Cừu Đen, Kem, Nâu - Chất Vải Dày Dặn, Giữ Ấm Tốt, Nhiều Size Lựa Chọn","2025-04-29 22:11","54616598735","1506174776"
"áo khoác",">600k","5","Màu sắc:nau Đúng với mô tả:đúng áo siêu đẹp, ấm, phù hợp với giá tiền mặc siêu thích luôn nha, mình sẽ mua thêm 1c để ủng hộ shop sorry vì ảnh và video kh liên quan nma do mình kh quay đc video thì ck mình lấy đi mặc roi😭","Áo Phao Nam Lót Lông Cừu Đen, Kem, Nâu - Chất Vải Dày Dặn, Giữ Ấm Tốt, Nhiều Size Lựa Chọn","2025-10-27 08:52","54616598735","1506174776"
"áo khoác",">600k","5","Đúng với mô tả:Đúngg Chất liệu:Nỉ bông Màu sắc:Xám trắng Đẹpppppppp lắm nhaa mn, 10₫ k có nhưngg🤩","Hoodie Zip - Áo Khoác Nỉ Hoodie Zip Form Boxy Thêu Xù NQ30 HISTORICAL Form Rộng , Có Túi Trong Nam Nữ Unisex 2025","2024-08-30 22:32","46117573155","1506174776"
"áo khoác",">600k","5","Chất liệu:đẹp Vải đẹp dày dặn chắc chắn không có chỉ thừa e trai mình mặc vừa","Hoodie Zip - Áo Khoác Nỉ Hoodie Zip Form Boxy Thêu Xù NQ30 HISTORICAL Form Rộng , Có Túi Trong Nam Nữ Unisex 2025","2024-12-06 15:08","46117573155","1506174776"
"áo khoác",">600k","5","Đúng với mô tả:vải dầy fom đẹp nói chung là đáng với giá tiền Chất liệu:nỉ bông Màu sắc:xám trắng","Hoodie Zip - Áo Khoác Nỉ Hoodie Zip Form Boxy Thêu Xù NQ30 HISTORICAL Form Rộng , Có Túi Trong Nam Nữ Unisex 2025","2024-08-14 17:10","46117573155","1506174776"
"áo khoác",">600k","5","Màu sắc:xám tiêu Đúng với mô tả:đúng Chất liệu:ko bik Áo khá đẹp form khá oke màu chuẩn ln nha giá cả hợp lý","Hoodie Zip - Áo Khoác Nỉ Hoodie Zip Form Boxy Thêu Xù NQ30 HISTORICAL Form Rộng , Có Túi Trong Nam Nữ Unisex 2025","2025-09-10 21:03","46117573155","1506174776"
"áo khoác",">600k","5","Màu sắc:xám Đúng với mô tả:chuẩn mô tả Hàng đúng chất lượng và mẫu như quảng cáo.","Hoodie Zip - Áo Khoác Nỉ Hoodie Zip Form Boxy Thêu Xù NQ30 HISTORICAL Form Rộng , Có Túi Trong Nam Nữ Unisex 2025","2024-12-02 11:20","46117573155","1506174776"
"áo khoác",">600k","5","Màu sắc:xám trắng Chất liệu:nỉ bông siêu đẹp luôn m64 44kg size L mạng ngang mông siêu đẹp","Hoodie Zip - Áo Khoác Nỉ Hoodie Zip Form Boxy Thêu Xù NQ30 HISTORICAL Form Rộng , Có Túi Trong Nam Nữ Unisex 2025","2024-07-28 18:56","46117573155","1506174776"
"áo khoác",">600k","5","Chất liệu:vải Màu sắc:xám trắng Đúng với mô tả:hàng về đúng như trong hình nha","Hoodie Zip - Áo Khoác Nỉ Hoodie Zip Form Boxy Thêu Xù NQ30 HISTORICAL Form Rộng , Có Túi Trong Nam Nữ Unisex 2025","2024-10-24 16:54","46117573155","1506174776"
"áo khoác",">600k","5","áo hạt dẻ mà chất lượng lắm ý, form siêuuu đẹp  tự nhiên có niềm tin vào quần áo trên sàn cam hẳn =)))","Hoodie Zip - Áo Khoác Nỉ Hoodie Zip Form Boxy Thêu Xù NQ30 HISTORICAL Form Rộng , Có Túi Trong Nam Nữ Unisex 2025","2025-03-19 02:49","46117573155","1506174776"
"áo khoác",">600k","5","Áo rất đẹp . chất liệu xịn xò, xịn mà giá phải chăng . sẽ mua ủng hộ lần sau nữa.","Hoodie Zip - Áo Khoác Nỉ Hoodie Zip Form Boxy Thêu Xù NQ30 HISTORICAL Form Rộng , Có Túi Trong Nam Nữ Unisex 2025","2024-10-08 17:04","46117573155","1506174776"
"áo khoác",">600k","5","Đúng với mô tả:ddungs Chất liệu:vải Màu sắc:trắng ok nên mua giá hợp lí phải chăng dày dặn ấm nhaaa","Hoodie Zip - Áo Khoác Nỉ Hoodie Zip Form Boxy Thêu Xù NQ30 HISTORICAL Form Rộng , Có Túi Trong Nam Nữ Unisex 2025","2025-11-21 19:54","46117573155","1506174776"
"áo khoác",">600k","5","Mặc đúng gu tui lun mí bà chất nỉ bông dầy dặn mặc lên không quá nóng mà không bị đổ lông. Đỉnh nóc kịch trần🫶🫶🫶","Hoodie Zip - Áo Khoác Nỉ Hoodie Zip Form Boxy Thêu Xù NQ30 HISTORICAL Form Rộng , Có Túi Trong Nam Nữ Unisex 2025","2025-03-19 02:24","46117573155","1506174776"
"áo khoác",">600k","5","Màu sắc:xám Chất liệu:nỉ bông Dày dặn, áo mặc ấm lắm ý, mà thue cữ hơi nhiều chỉ thừa","Hoodie Zip - Áo Khoác Nỉ Hoodie Zip Form Boxy Thêu Xù NQ30 HISTORICAL Form Rộng , Có Túi Trong Nam Nữ Unisex 2025","2024-10-14 16:11","46117573155","1506174776"
"áo khoác",">600k","5","Màu sắc:xám trắng Áo đẹp , mk 1m52 47kg mặc sz M qua mông nha","Hoodie Zip - Áo Khoác Nỉ Hoodie Zip Form Boxy Thêu Xù NQ30 HISTORICAL Form Rộng , Có Túi Trong Nam Nữ Unisex 2025","2024-11-01 21:40","46117573155","1506174776"
"áo khoác",">600k","5","Sản phẩm hợp với giá tiền chất liệu tốt . xịn sò","Hoodie Zip - Áo Khoác Nỉ Hoodie Zip Form Boxy Thêu Xù NQ30 HISTORICAL Form Rộng , Có Túi Trong Nam Nữ Unisex 2025","2024-10-02 23:35","46117573155","1506174776"
"áo khoác",">600k","5","Chất liệu:vair nir dayf danjw Kích thước:form roongj raix thoair mais em không có gì để làm","Hoodie Zip - Áo Khoác Nỉ Hoodie Zip Form Boxy Thêu Xù NQ30 HISTORICAL Form Rộng , Có Túi Trong Nam Nữ Unisex 2025","2025-11-16 20:39","46117573155","1506174776"
"áo khoác",">600k","5","Màu sắc:trắng Đúng với mô tả:hàng quá chất lượng 😍","Hoodie Zip - Áo Khoác Nỉ Hoodie Zip Form Boxy Thêu Xù NQ30 HISTORICAL Form Rộng , Có Túi Trong Nam Nữ Unisex 2025","2025-05-10 17:05","46117573155","1506174776"
"áo khoác",">600k","5","Sản phẩm mình sử dụng cảm thấy rất oke, dùng thời tiết nắng nóng hợp lí vì không quá dày cũng không quá mỏng, mọi người có thể tham khảo nhé","Hoodie Zip - Áo Khoác Nỉ Hoodie Zip Form Boxy Thêu Xù NQ30 HISTORICAL Form Rộng , Có Túi Trong Nam Nữ Unisex 2025","2025-09-20 12:16","46117573155","1506174776"
"áo khoác",">600k","5","Chất liệu:nỉ Màu sắc:đen Đúng với mô tả:đúng Vải tốt, dày, giá cả hợp lý","Hoodie Zip - Áo Khoác Nỉ Hoodie Zip Form Boxy Thêu Xù NQ30 HISTORICAL Form Rộng , Có Túi Trong Nam Nữ Unisex 2025","2026-01-11 14:51","46117573155","1506174776"
"áo khoác",">600k","5","Chất lượng sản phẩm ổn định, giá cả phải chăng. Tôi rất hài lòng.","Hoodie Zip - Áo Khoác Nỉ Hoodie Zip Form Boxy Thêu Xù NQ30 HISTORICAL Form Rộng , Có Túi Trong Nam Nữ Unisex 2025","2025-02-18 23:13","46117573155","1506174776"
"áo khoác",">600k","5","Săn được áo quá xinh xẻo luôn mng ơi, nỉ bông mềm mại mặc ấm lắm nhaaaa","Hoodie Zip - Áo Khoác Nỉ Hoodie Zip Form Boxy Thêu Xù NQ30 HISTORICAL Form Rộng , Có Túi Trong Nam Nữ Unisex 2025","2025-03-19 02:34","46117573155","1506174776"
"áo khoác",">600k","5","Nỉ dày dặn hợp mùa thu đông không hợp mùa hè mặc hơi hầm chống nắng tốt","Áo Hoodie Nỉ Zip Unisex Họa Tiết Mèo Cute, Chất Liệu Mềm Mại","2026-04-26 21:15","54716598656","1506174776"
"áo khoác",">600k","5","Màu sắc:xám tiêu Chất liệu:nỉ bông hơi nhám Đúng với mô tả:đúng với mô tả","Áo Hoodie Nỉ Zip Unisex Họa Tiết Mèo Cute, Chất Liệu Mềm Mại","2025-09-20 07:29","54716598656","1506174776"
"áo khoác",">600k","5","Chất liệu:chất liệu hơi mỏng nhennn nhma giá vậy thì hơn mong đợi ln á Họa tiết:hình rõ nét nha Kích cỡ:vừa nha","Áo Hoodie Nỉ Zip Unisex Họa Tiết Mèo Cute, Chất Liệu Mềm Mại","2026-08-11 13:47","54716598656","1506174776"
"áo khoác",">600k","5","Kích cỡ:size M Họa tiết:hình mèo in rõ nét kiến áo trong dthw hơn Chất liệu:vãi Mặc vừa mọi người nên mua","Áo Hoodie Nỉ Zip Unisex Họa Tiết Mèo Cute, Chất Liệu Mềm Mại","2026-08-08 16:42","54716598656","1506174776"
"áo khoác",">600k","5","Chất liệu:cotton Màu sắc:xám trắng đúng mô tả, giao hàng nhanh, có điều cái khóa kéo hơi biến dạng.","Áo Hoodie Nỉ Zip Unisex Họa Tiết Mèo Cute, Chất Liệu Mềm Mại","2026-08-18 08:37","54716598656","1506174776"
"áo khoác",">600k","5","Chất liệu:mac rất thoải mái Họa tiết:hinh in rõ nét rat dep Kích cỡ:form rong mac thoai mai Mặc vừa vặn rất đẹp","Áo Hoodie Nỉ Zip Unisex Họa Tiết Mèo Cute, Chất Liệu Mềm Mại","2026-08-18 14:11","54716598656","1506174776"
"áo khoác",">600k","5","Chất liệu:tốt Họa tiết:dth Kích cỡ:over size","Áo Hoodie Nỉ Zip Unisex Họa Tiết Mèo Cute, Chất Liệu Mềm Mại","2026-02-06 17:31","54716598656","1506174776"
"áo khoác",">600k","5","Chất liệu:bình thường Màu sắc:trắng Đúng với mô tả:đúng hết trắng ko đẹp lắm nhể mặc lên ko bằng đen","Áo Hoodie Nỉ Zip Unisex Họa Tiết Mèo Cute, Chất Liệu Mềm Mại","2026-01-10 10:00","54716598656","1506174776"
"áo khoác",">600k","5","Màu sắc:màu xám sáng Chất liệu:nỉ, mỏng nhẹ Đúng với mô tả:đúng với mô tả Áo hơi mỏng, mũ áo có 2 lớp.","Áo Hoodie Nỉ Zip Unisex Họa Tiết Mèo Cute, Chất Liệu Mềm Mại","2026-02-25 13:40","54716598656","1506174776"
"áo khoác",">600k","5","Hàng đẹp nha, mn nên mua","Áo Hoodie Nỉ Zip Unisex Họa Tiết Mèo Cute, Chất Liệu Mềm Mại","2026-08-20 12:32","54716598656","1506174776"
"áo khoác",">600k","5","Chất liệu:áo đẹp vừa vặn,mũ áo to +100₫","Áo Hoodie Nỉ Zip Unisex Họa Tiết Mèo Cute, Chất Liệu Mềm Mại","2026-08-09 13:53","54716598656","1506174776"
"áo khoác",">600k","5","áo oke lắm nha mn nói chung là nên mua","Áo Hoodie Nỉ Zip Unisex Họa Tiết Mèo Cute, Chất Liệu Mềm Mại","2025-09-07 12:35","54716598656","1506174776"
"áo khoác",">600k","5","Chất liệu:nỉ Kích cỡ:form rộng Họa tiết:hình mèo Ko dày như mong đợi, nhưng tiền nào của đó","Áo Hoodie Nỉ Zip Unisex Họa Tiết Mèo Cute, Chất Liệu Mềm Mại","2026-08-03 22:32","54716598656","1506174776"
"áo khoác",">600k","5","Chất liệu:vải,oke Kích cỡ:chuẩn Họa tiết:oke","Áo Hoodie Nỉ Zip Unisex Họa Tiết Mèo Cute, Chất Liệu Mềm Mại","2026-07-24 11:47","54716598656","1506174776"
"áo khoác",">600k","5","áo khoác rất oke ,ko điểm nào để chê hết,khuyến khích mọi người nên mua","Áo Hoodie Nỉ Zip Unisex Họa Tiết Mèo Cute, Chất Liệu Mềm Mại","2025-09-20 13:46","54716598656","1506174776"
"áo khoác",">600k","5","Chất liệu:mềm mại, mặc chill :))) Màu sắc:xám","Áo Hoodie Nỉ Zip Unisex Họa Tiết Mèo Cute, Chất Liệu Mềm Mại","2025-11-11 23:09","54716598656","1506174776"
"áo khoác",">600k","5","pass áo 130k new 100% zalo :0343858586","Áo Hoodie Nỉ Zip Unisex Họa Tiết Mèo Cute, Chất Liệu Mềm Mại","2025-11-20 15:45","54716598656","1506174776"
"áo khoác",">600k","5","Áo đẹp, giao nhanh","Áo Hoodie Nỉ Zip Unisex Họa Tiết Mèo Cute, Chất Liệu Mềm Mại","2025-09-19 11:47","54716598656","1506174776"
"áo khoác",">600k","5","Chất liệu:đẹp Màu sắc:đẹp Được","Áo Hoodie Nỉ Zip Unisex Họa Tiết Mèo Cute, Chất Liệu Mềm Mại","2025-09-28 22:03","54716598656","1506174776"
"áo khoác",">600k","5","Màu sắc:Xám trắng Đúng với mô tả:Đúng Chất liệu:Hơi mỏg nhm xinh nha","Áo Hoodie Nỉ Zip Unisex Họa Tiết Mèo Cute, Chất Liệu Mềm Mại","2026-07-09 18:07","54716598656","1506174776"
"áo khoác",">600k","5","Đúng với mô tả:ok Chất liệu:ok Màu sắc:ok Chào mn ạ, em năm nay 19t đang phân vân k biết làm sao về vấn đề công việc ạ, em đang có 2 trường hợp  TH1: em đang cb thử việc tại Highlands và nếu may mắn em sẽ là nv chính thức của quán và lương thì cũng chỉ đủ sống qua ngày thôi ạ TH2: nếu k may mắn làm tại Highlands đc thì em phải bắt buộc đi làm cty, và dự định của em làm cty khoảng 1-2 năm (vì hiện tại em muốn gíuo đỡ mẹ để trả nợ và nợ gần khoảng 100 rồi ạ) Em k biết lựa chọn nào phù hợp cho em hiện tại nữa, mong anh, chị giúp em cho lời khuyên với ạ :((","Áo khoác BOMBER nỉ 2 da JULIDO áo khoác nỉ logo M thêu nổi dày dặn (FORM BOXY)","2025-10-14 07:34","52817983443","1506174776"
"áo khoác",">600k","5","Chất liệu:nỉ 2 da Đúng với mô tả:đúng mô tả Màu sắc:xanh than Ok nha I’ll call when I can get the car fixed and then we’ll go back home in a little bit and I’ll call you later bye love","Áo khoác BOMBER nỉ 2 da JULIDO áo khoác nỉ logo M thêu nổi dày dặn (FORM BOXY)","2025-02-18 22:06","52817983443","1506174776"
"áo khoác",">600k","5","Màu sắc:xanh navi Chất liệu:nỉ Đẹp vãi cứ*t cm ạ ! T thề đẹp lắm , t mua size L , 1m6 51kg, mặc ổn nhé , trông bé ng , vải dày , t săn sale rẻ lắm , ko nghĩ đẹp v luôn á cm à ! Chất lượng cao","Áo khoác BOMBER nỉ 2 da JULIDO áo khoác nỉ logo M thêu nổi dày dặn (FORM BOXY)","2025-10-06 12:46","52817983443","1506174776"
"áo khoác",">600k","5","Màu sắc:ok Chất liệu:ok Đúng với mô tả:ok Sản phẩm có chất lượng tốt, thiết kế đẹp, sử dụng tiện lợi, đúng mô tả. Giao hàng nhanh, đóng gói cẩn thận, giá cả hợp lý so với chất lượng, rất đáng để mua và sử dụng lâu dài.","Áo khoác BOMBER nỉ 2 da JULIDO áo khoác nỉ logo M thêu nổi dày dặn (FORM BOXY)","2025-12-14 00:18","52817983443","1506174776"
"áo khoác",">600k","5","Đúng với mô tả:đúng Màu sắc:anh đen Màu lên như mẫu dáng áo oki mọi người có thể tham khảo mức giá này được hàng vậy là ok ròi á","Áo khoác BOMBER nỉ 2 da JULIDO áo khoác nỉ logo M thêu nổi dày dặn (FORM BOXY)","2025-04-17 22:54","52817983443","1506174776"
"áo khoác",">600k","5","Đúng với mô tả:đúng Màu sắc:xanh navi Chất liệu:nỉ lót lông Áo đẹp lắm ạ, ủng hộ shop 2 lần r lần nào cx ưng","Áo khoác BOMBER nỉ 2 da JULIDO áo khoác nỉ logo M thêu nổi dày dặn (FORM BOXY)","2025-02-22 19:38","52817983443","1506174776"
"áo khoác",">600k","5","Chất liệu:vải Màu sắc:trắng Đúng với mô tả:Đúng Giao hàng nhanh chóng sản phẩm đẹp mà giá rẻ nha mọi người nói chung là very good","Áo khoác BOMBER nỉ 2 da JULIDO áo khoác nỉ logo M thêu nổi dày dặn (FORM BOXY)","2025-04-09 16:04","52817983443","1506174776"
"áo khoác",">600k","5","Màu sắc:kem Đúng với mô tả:đúng Chất liệu:pha Nhận hàng ok. Với giá này thì ko đòi hỏi j hơn. Phmj dáng đẹp. Tks shop","Áo khoác BOMBER nỉ 2 da JULIDO áo khoác nỉ logo M thêu nổi dày dặn (FORM BOXY)","2025-10-08 21:27","52817983443","1506174776"
"áo khoác",">600k","5","Chất liệu:Tốt Đúng với mô tả:Đúng với mô tả Màu sắc:Màu Be Áo khoác giá rẻ tốt, mặc ấm lần sau có dịp sẽ ủng hộ shop tiếp.","Áo khoác BOMBER nỉ 2 da JULIDO áo khoác nỉ logo M thêu nổi dày dặn (FORM BOXY)","2025-02-22 09:59","52817983443","1506174776"
"áo khoác",">600k","5","Chất liệu:nnir dày dặn Màu sắc:ddepj nhuw hinhf áo đẹp nha mn shop nhiệt tình  áo như trên hình lên forrm xinh lắm nha  màu sắc khá trẻ trung và năng động hợp với mình nha mn mn nên mua nha  hẹdvjsbdndkdbdj","Áo khoác BOMBER nỉ 2 da JULIDO áo khoác nỉ logo M thêu nổi dày dặn (FORM BOXY)","2025-12-02 11:01","52817983443","1506174776"
"áo khoác",">600k","5","Đúng với mô tả:đúng Chất liệu:nỉ lót bông Màu sắc:xám tiêu Áo đẹp lắm ạ, ủng hộ shop 2 lần r lần nào cx ưng, giao hàng cx nhanh nx nên mua ạ","Áo khoác BOMBER nỉ 2 da JULIDO áo khoác nỉ logo M thêu nổi dày dặn (FORM BOXY)","2025-02-22 19:30","52817983443","1506174776"
"áo khoác",">600k","5","Chất liệu:nỉ 2 da Màu sắc:kem Mua đc trong đêm lúc livestream nên đc quả giá 80k siêu hời Áo đẹp, chất nhỉ 2 da dày dặn thích hợp mặc thời tiết thu đông sse se lạnh Mình có m5 nên cực thích dạng áo kiểu mày , ko dài quá mà cũng ko ngắn quá, nchung là 100đ luôn nha. Mặc màu này bị cái là ko giữ cẩn thận bẩn là hết cứu:)))","Áo khoác BOMBER nỉ 2 da JULIDO áo khoác nỉ logo M thêu nổi dày dặn (FORM BOXY)","2025-11-02 23:38","52817983443","1506174776"
"áo khoác",">600k","5","Đúng với mô tả:y chang Chất liệu:vải dệt Màu sắc:đen ok mình mua cho ngy lên kbt vừa m nhm thấy đẹp ưng mắt màu đẹp áo sạch ok lắm mn lên mua nha shop còn tư vấn nhiệt tình nữa hihi k chỉ thừa đg may đẹp","Áo khoác BOMBER nỉ 2 da JULIDO áo khoác nỉ logo M thêu nổi dày dặn (FORM BOXY)","2025-12-05 15:52","52817983443","1506174776"
"áo khoác",">600k","5","Sản phẩm tuyệt vời, đúng với mô tả. Giao hàng nhanh chóng, shipper thân thiện dễ mến  Đóng gói cẩn thận, có thể thấy tâm huyết của người bán. Hộp không bị móp méo, vận chuyển rất tốt. Thời gian giao hàng nhanh chóng, tôi không phải chờ đợi quá lâu để nhận sản phẩm. Chất lượng sản phẩm vượt mong đợi. Tôi rất hài lòng với trải nghiệm mua hàng này. Sản phẩm chất lượng tốt, đóng gói cẩn thận, giao hàng nhanh. Đã mua lần thứ 3 và vẫn rất hài lòng. Sản phẩm được giao nhanh và đóng gói chắc chắn.","Áo khoác BOMBER nỉ 2 da JULIDO áo khoác nỉ logo M thêu nổi dày dặn (FORM BOXY)","2025-03-20 00:45","52817983443","1506174776"
"áo khoác",">600k","5","Chất liệu:vaif chắc chắn, vải đẹp dày dặn Màu sắc:mauf đẹp giôgng hình, tươi sáng Hàng đẹp, giao nhanh, vải đẹp giá cả hợp lý, mua về ưng ý quáaa chừng, có cơ hội sẽ ủng hộ shop lần sau","Áo khoác BOMBER nỉ 2 da JULIDO áo khoác nỉ logo M thêu nổi dày dặn (FORM BOXY)","2025-12-17 07:41","52817983443","1506174776"
"áo khoác",">600k","5","Đúng với mô tả:đúng Màu sắc:tiêu Chất liệu:nỉ Ưng ý với sản phẩm đúng với quảng cáo sản phẩm chất lượng phù hợp với giá thành. Hình ảnh chỉ mang tính chất lấy xu","Áo khoác BOMBER nỉ 2 da JULIDO áo khoác nỉ logo M thêu nổi dày dặn (FORM BOXY)","2024-12-20 15:23","52817983443","1506174776"
"áo khoác",">600k","5","Màu sắc:hồng Đúng với mô tả:đúm áo xinh form xinh chất vải ok nên mua nha nhưng mà năm nay áo này hot nhiều người mặc phết á","Áo khoác BOMBER nỉ 2 da JULIDO áo khoác nỉ logo M thêu nổi dày dặn (FORM BOXY)","2025-01-27 09:58","52817983443","1506174776"
"áo khoác",">600k","5","Trong quá trình sử dụng, máy chủ hoạt động ổn định, đáp ứng tốt các nhu cầu lưu trữ và xử lý dữ liệu. Tốc độ truy xuất nhanh, thời gian phản hồi thấp, giúp hệ thống vận hành mượt mà và hiệu quả. Giao diện quản trị dễ sử dụng, hỗ trợ đầy đủ các công cụ cần thiết cho việc giám sát và cấu hình. Tuy nhiên, trong một số thời điểm tải cao, server có hiện tượng giảm hiệu suất nhẹ, cần theo dõi thêm để tối ưu. Tổng thể, đây là một lựa chọn đáng tin cậy cho các hệ thống vừa và nhỏ.","Áo khoác BOMBER nỉ 2 da JULIDO áo khoác nỉ logo M thêu nổi dày dặn (FORM BOXY)","2025-06-28 15:20","52817983443","1506174776"
"áo khoác",">600k","5","Chất liệu:Áo khoác bom bơ chất đẹp lắm Á Màu sắc:Màu đỏ nha mọi Đúng với mô tả:Còn đúng với mô tả nha cả nhà","Áo khoác BOMBER nỉ 2 da JULIDO áo khoác nỉ logo M thêu nổi dày dặn (FORM BOXY)","2025-01-22 18:55","52817983443","1506174776"
"áo khoác",">600k","5","Chất liệu:ok Màu sắc:trắng Chất vải thích lắm nha, áo mịn không chỉ thừa nhiều giao hàng nhanh giá rẻ nch là siêu ưng 😍","Áo khoác BOMBER nỉ 2 da JULIDO áo khoác nỉ logo M thêu nổi dày dặn (FORM BOXY)","2025-11-15 13:29","52817983443","1506174776"
"áo khoác",">600k","5","size XL dài cỡ tầm 66-67cm. shop rất dth khi giải quyết đơn hàng gửi nhầm size cho mình rất nhanh chóng, rep tn nhanh. nếu cùng mẫu áo mà phân vân shop nào thì nên chọn shop này nhé.","[ DRAGON.UN ] ÁO KHOÁC NAM , Áo Khoác Dù Nam-Nữ,Khoác Gió chống nắng 2 lớp dày dặn có túi trong và có nón rộng.","2023-10-17 21:15","42479002624","1506174776"
"áo khoác",">600k","5","Chất liệu:vải dù Đúng với mô tả:đúng Màu sắc:đen Chuẩn bi hang giao nhanh lam, size XL cung k to lắm đâu bạn e mua size L e thấy cung k nhỏ hơn nhieu","[ DRAGON.UN ] ÁO KHOÁC NAM , Áo Khoác Dù Nam-Nữ,Khoác Gió chống nắng 2 lớp dày dặn có túi trong và có nón rộng.","2023-11-13 12:31","42479002624","1506174776"
"áo khoác",">600k","5","Màu sắc:Xám Đúng với mô tả:đúng Chất liệu:vải dù Chất vải đẹp. Áo rộng rãi. Form đẹp. Shop ship hàng siêu nhanh. Mình 1m68 91kg mặc 4xl vừa đẹp","[ DRAGON.UN ] ÁO KHOÁC NAM , Áo Khoác Dù Nam-Nữ,Khoác Gió chống nắng 2 lớp dày dặn có túi trong và có nón rộng.","2023-10-07 01:38","42479002624","1506174776"
"áo khoác",">600k","5","Hàng đẹp, đúng mô tả, giao đúng size, màu rất đẹp y như mẫu quảng cáo . Còn chất liệu thì mặc trải nghiệm mới đánh giá sau nhé.","[ DRAGON.UN ] ÁO KHOÁC NAM , Áo Khoác Dù Nam-Nữ,Khoác Gió chống nắng 2 lớp dày dặn có túi trong và có nón rộng.","2024-09-29 11:59","42479002624","1506174776"
"áo khoác",">600k","5","Chất liệu:oke Màu sắc:oke Đúng với mô tả:oke Hàng quá đẹp và oke ko có gì phải chê Hết luôn quạ tuyệt vời chắc cú sẽ quay lại lần sau","[ DRAGON.UN ] ÁO KHOÁC NAM , Áo Khoác Dù Nam-Nữ,Khoác Gió chống nắng 2 lớp dày dặn có túi trong và có nón rộng.","2025-06-08 19:12","42479002624","1506174776"
"áo khoác",">600k","5","Chất liệu:vải gió Đúng với mô tả:đúng Màu sắc:đen 1.83m - 105kg mặc vừa in. Áo dày dặn, đứng phom, đường may đẹp, chắc chắn. 188k/c.","[ DRAGON.UN ] ÁO KHOÁC NAM , Áo Khoác Dù Nam-Nữ,Khoác Gió chống nắng 2 lớp dày dặn có túi trong và có nón rộng.","2025-12-09 23:48","42479002624","1506174776"
"áo khoác",">600k","5","Chất liệu:ddusng Màu sắc:đẹp Này đẹp lắm cả nhà nma cái n đi ex mặc bồ này ngta tưởng chộm chó mất kk À mik cao m75 60 kg mặc này vừa đẹp nha","[ DRAGON.UN ] ÁO KHOÁC NAM , Áo Khoác Dù Nam-Nữ,Khoác Gió chống nắng 2 lớp dày dặn có túi trong và có nón rộng.","2024-07-12 19:30","42479002624","1506174776"
"áo khoác",">600k","5","Màu sắc:đen Đúng với mô tả:đúng mô tả Giao hàng nhanh. Nhận được sản phẩm rấ ưng ý. Áo mặc lên form đẹp. Ck mình mặc rất chuân. Mặc mùa se lạnh cản gió tốt. Giá cả hợp lý nên mua.","[ DRAGON.UN ] ÁO KHOÁC NAM , Áo Khoác Dù Nam-Nữ,Khoác Gió chống nắng 2 lớp dày dặn có túi trong và có nón rộng.","2024-12-11 11:23","42479002624","1506174776"
"áo khoác",">600k","5","Đúng với mô tả:áo ok nha. Vải mát. Có nút bấm ở cổ tiện cho mình gài tại mình thích phanh ra mà lại sợ đen cổ 😂 10 đỉmmm","[ DRAGON.UN ] ÁO KHOÁC NAM , Áo Khoác Dù Nam-Nữ,Khoác Gió chống nắng 2 lớp dày dặn có túi trong và có nón rộng.","2023-11-25 12:31","42479002624","1506174776"
"áo khoác",">600k","5","Đúng với mô tả:đúng Chất liệu:vải dù, có lớp lót Màu sắc:đen Shop chuẩn bị hàng và giao hàng nhanh, sản phẩm đúng như mô tả, mũ trùm đầu rất to, không có chỉ thừa, dây kéo mượt. Sẽ ủng hộ shop nếu có nhu cầu.","[ DRAGON.UN ] ÁO KHOÁC NAM , Áo Khoác Dù Nam-Nữ,Khoác Gió chống nắng 2 lớp dày dặn có túi trong và có nón rộng.","2025-06-25 07:11","42479002624","1506174776"
"áo khoác",">600k","5","Màu sắc:đen Đúng với mô tả:đúng Chất liệu:ok Giao hàng rất nhanh mới 1 ngày là tới rồi. Khá bất ngờ vì giao hàng quá nhanh . Sẽ ủng hộ shop khi mua những sản phẩm sau","[ DRAGON.UN ] ÁO KHOÁC NAM , Áo Khoác Dù Nam-Nữ,Khoác Gió chống nắng 2 lớp dày dặn có túi trong và có nón rộng.","2024-12-18 12:38","42479002624","1506174776"
"áo khoác",">600k","5","Cảm ơn shop đã nhận được hàng! Tốc độ giao hàng rất nhanh và đồng thời đã mua lại lần 2 ,chất liệu vải rất tốt, mặc mát ,thiết kế phong cách thời trang, đường chỉ may chắc chắn, shop này bán hàng thì khỏi phải chê, sau một thời gian dài trải nghiệm sản phẩm thật sự rất tốt so với giá tiền 👍👍👍👍","[ DRAGON.UN ] ÁO KHOÁC NAM , Áo Khoác Dù Nam-Nữ,Khoác Gió chống nắng 2 lớp dày dặn có túi trong và có nón rộng.","2025-05-20 10:47","42479002624","1506174776"
"áo khoác",">600k","5","Đúng với mô tả:đúng Chất liệu:mát Màu sắc:đẹp nón to, mặc mát, túi bên trong đựng vừa đt, che đc cổ, ko có chỉ thừa, mình thích mặc rộng nên tăng size Phải nói là rấtttt ưngg luôn","[ DRAGON.UN ] ÁO KHOÁC NAM , Áo Khoác Dù Nam-Nữ,Khoác Gió chống nắng 2 lớp dày dặn có túi trong và có nón rộng.","2024-10-27 15:22","42479002624","1506174776"
"áo khoác",">600k","5","Mặc rộng xí thì tăng 1 size so với áo khoác bth là đẹp. Áo chất dày đẹp rất ok với giá nì á. Shop giao hàng nhanh","[ DRAGON.UN ] ÁO KHOÁC NAM , Áo Khoác Dù Nam-Nữ,Khoác Gió chống nắng 2 lớp dày dặn có túi trong và có nón rộng.","2024-07-27 11:55","42479002624","1506174776"
"áo khoác",">600k","5","Đúng với mô tả:dung Màu sắc:den Chất liệu:vai du Ê đẹp nha mấy bà, vải cầm chắc tay, nhma đường may có 1lớp thôi, bà nào kĩ thì mang ra dậm thêm 1lớp nữa thì khỏi chê luôn nha. Bao xinh 10đ. Nên mua nha. Hi vọng ông nyeo bụng béo của tui mang vừa 😅","[ DRAGON.UN ] ÁO KHOÁC NAM , Áo Khoác Dù Nam-Nữ,Khoác Gió chống nắng 2 lớp dày dặn có túi trong và có nón rộng.","2024-10-13 19:50","42479002624","1506174776"
"áo khoác",">600k","5","Chất liệu:vải Màu sắc:ghi Đúng với mô tả:đúng mô tả Mình ko nghĩ sản phẩm đẹp thế này, dày dặn, đường may cẩn thận. Cực ổn với giá mua","[ DRAGON.UN ] ÁO KHOÁC NAM , Áo Khoác Dù Nam-Nữ,Khoác Gió chống nắng 2 lớp dày dặn có túi trong và có nón rộng.","2023-11-10 12:25","42479002624","1506174776"
"áo khoác",">600k","5","Chất liệu:vài dù tạm ổn Túi:có túi đầy đủ Chất vải dù tạm ổn. Che nắng che mưa khá tốt do vải dù ko thấm nước. Ủng hộ shop 5 sao nha","[ DRAGON.UN ] ÁO KHOÁC NAM , Áo Khoác Dù Nam-Nữ,Khoác Gió chống nắng 2 lớp dày dặn có túi trong và có nón rộng.","2026-01-27 15:27","42479002624","1506174776"
"áo khoác",">600k","5","Chất liệu:vải dù Đúng với mô tả:đúng với quảng cáo Màu sắc:màu xám ri Áo khoác mặc thoải mái lắm lần sau có dịp sẽ ủng hộ shop tiếp tục","[ DRAGON.UN ] ÁO KHOÁC NAM , Áo Khoác Dù Nam-Nữ,Khoác Gió chống nắng 2 lớp dày dặn có túi trong và có nón rộng.","2023-12-13 16:27","42479002624","1506174776"
"áo khoác",">600k","5","Đúng với mô tả:đúng Vải dù đi mưa nhỏ oke lắm nha, đúng màu trên hình. Bạn nào muốn mặc rộng hơn thì mua lớn hơn 1 size. Với mình áo này vừa lun, k bị thùng thình","[ DRAGON.UN ] ÁO KHOÁC NAM , Áo Khoác Dù Nam-Nữ,Khoác Gió chống nắng 2 lớp dày dặn có túi trong và có nón rộng.","2025-06-24 21:45","42479002624","1506174776"
"áo khoác",">600k","5","Đúng với mô tả:Đúng Màu sắc:Đen Phom áo nhìn đẹp, lớp lót bên trong chắc Kèm thư cảm ơn phía trong nhìn phong cách.Shop tư vấn nhiệt tình giao hàng nhanh.","[ DRAGON.UN ] ÁO KHOÁC NAM , Áo Khoác Dù Nam-Nữ,Khoác Gió chống nắng 2 lớp dày dặn có túi trong và có nón rộng.","2024-11-26 13:18","42479002624","1506174776"
